:040000006F20000C61
:10000400000000000000000090000020A204002076
:10001400A9BDF9F3900000200000000000000000DA
:10002400900000209000002000000000000000006C
:10003400303A0000000000009000002000000000A2
:1000440090000020900000209000002090000020EC
:1000540090000020900000209000002090000020DC
:10006400900000209000002090000020AC050020AB
:1000740096050020900000209000002090000020B1
:1000840090000020900000209000002090000020AC
:1000940001A04111B7170040985F3AC6945F3247F8
:1000A400E39CE6FE32454101828073270080218B68
:1000B4009387018609CB7327008023A0E1869843A8
:1000C4005D9B731007800F100000371700409306E4
:1000D40070052300D704930680FA2300D7040F1079
:1000E40000008346B70493F6F60DA305D704230056
:1000F4000704732600809443A18AD18E73900680EE
:1001040023A001860F10000093760502638406186D
:100114000347A700118B25E773270080218B09CBA8
:100124007327008023A0E18698435D9B73100780AA
:100134000F10000037170040930670052300D70402
:10014400930680FA2300D7040F1000008346A7000B
:1001540093E646002305D70023000704F326008016
:100164009843218B558F7310078023A001860F10AD
:1001740000001307004B010001007D176DFF73277A
:100184000080218B09CB7327008023A0E18698434C
:100194005D9B731007800F10000037170040930613
:1001A40070052300D704930680FA2300D7040F10A8
:1001B40000007D892314A700010001000100010053
:1001C40023000704F32600809843218B558F731076
:1001D400078023A001860F10000073270080218B65
:1001E40009CB7327008023A0E18698435D9B73109D
:1001F40007800F1000003717004093067005230096
:10020400D704930680FA2300D7040F1000000F10C0
:100214000000B726004013061005A383C680230000
:100224000704F32600809843218B558F73100780B1
:1002340023A001860F10000073270080218B09CBB7
:100244007327008023A0E18698435D9B7310078089
:100254000F10000037170040930670052300D704E1
:10026400930680FA2300D7040F1000008346B704D6
:1002740093E60608A305D704230007047327008028
:100284009C43A18BD98F7390078023A001860F1004
:100294000000828093760504638B06140347A7004D
:1002A400418B25E773270080218B09CB73270080BE
:1002B40023A0E18698435D9B731007800F10000014
:1002C40037170040930670052300D704930680FA7D
:1002D4002300D7040F1000008346A70093E606010D
:1002E4002305D70023000704F32600809843218BBD
:1002F400558F7310078023A001860F100000130789
:10030400007D010001007D176DFF73270080218BA4
:1003140009CB7327008023A0E18698435D9B73106B
:1003240007800F1000003717004093067005230064
:10033400D704930680FA2300D7040F1000009376A5
:10034400F50193E606042314D7000100010001001F
:10035400010023000704F32600809843218B558F66
:100364007310078023A001860F1000001307600498
:100374006310E50473270080218B09CB7327008069
:1003840023A0E18698435D9B731007800F10000043
:1003940037170040930670052300D704930680FAAC
:1003A4002300D7040F100000B72600400946B5B556
:1003B40073270080218B09CB7327008023A0E1865B
:1003C40098435D9B731007800F100000371700409F
:1003D400930670052300D704930680FA2300D704FC
:1003E4000F100000B7260040130620053DB5732703
:1003F4000080218B09CB7327008023A0E1869843DA
:100404005D9B731007800F100000371700409306A0
:1004140070052300D704930680FA2300D7040F1035
:1004240000008356870093E6060C2314D700C5BB4F
:100434004111814601468145114506C6C924F32769
:100444000080A18B9386018689CBF327008023A0AB
:10045400F1869C42DD9B739007800F100000B71754
:100464000040130770052380E704130780FA2380F4
:10047400E7040F10000003C7670413671700238302
:10048400E70423800704732700809C42A18BD98F43
:100494007390078023A001860F100000B240410131
:1004A40082808146014681451145912CF3270080C5
:1004B400A18B1387018689CBF327008023A0F186C3
:1004C4001C43DD9B739007800F100000B71700409A
:1004D400930670052380D704930680FA2380D704FB
:1004E4000F100000FD562396D70223800704F3263D
:1004F40000801C43A18BD58F7390078023A00186B5
:100504000F100000F3270080A18B89CBF327008014
:1005140023A0F1861C43DD9B739007800F1000001D
:10052400B7170040930670052380D704930680FA1A
:100534002380D7040F10000083C6670493E61600D7
:100544002383D70423800704F32600801C43A18B54
:10055400D58F7390078023A001860F10000001A09F
:10056400BD473305F50201007D1575FD82804111FB
:1005740022C426C206C6AA84014463179400B2406A
:10058400224492444101828005041305803E4204C2
:10059400C13F4180DDB7B71700401307000323882C
:1005A400E702854723A8F1867300203037370040DF
:1005B400834747409946BD8B6385D704314763859C
:1005C400E70011476391E704B735004083C7A540AE
:1005D40003C6A5401385412693858540973000E0E6
:1005E400E780001F420541810DED85472146C14545
:1005F40003C59181A382F188974000E0E780E0FB86
:1006040019A08347574073002030834687408507ED
:1006140093F7F70F2382D1888346A740E3E7D7FEF9
:10062400E9B7814737370040C5BF411106C6AD253C
:10063400973000E0E7806041973000E0E780402A8F
:10064400FDB72303048015472303E480010023023C
:10065400A480828083076480E3CE07FE23030480A2
:10066400828083076480E3CE07FE03454480828052
:1006740083076480E3CE07FE2302A48082804111B5
:1006840026C44AC24EC006C61377F50BAD47AA89E5
:100694002E8995446306F70019456537653F8D44F7
:1006A4004E854537FD59FD1463983401B240A24488
:1006B4001249824941018280135509011375F50FCE
:1006C400453F2209CDB7011126CC06CEB704080058
:1006D40051371545BD37713769372AC6A53F3245AD
:1006E4009377150089EB136515001375F50FF24028
:1006F400E24405618280FD14E9FC0145CDBF3971F6
:1007040026DC4ADA4ED852D656D45AD25ED006DE09
:1007140062CE66CCB7E700E07D5783AA070022C605
:1007240003AA470023A0E71823A2E718B71700403D
:10073400130770052380E704130780FA2380E70476
:1007440083C74704930B75FFB684E20793FBFB0F43
:100754008546AA892E8B328937240040E1870157C8
:1007640063FA76016308D500894613070002631310
:10077400D5000157D98F93F7F70FB71C0040238298
:10078400FC0411472303E4801305F00F5D3D094C7D
:10079400D135636D7C11B7050700DA9537870700FB
:1007A400795563F2E504B3879500636EF702370B5E
:1007B4000800A94733EB65016399F90689E481448C
:1007C400513D26850DA0DA850945553D05090345AA
:1007D400F9FFFD14050B693D81C49377FB0FFDF709
:1007E400DD3569FD7D55B71700401307700523807B
:1007F400E704130780FA2380E70403C74704418B07
:100804002382E704F250B7E700E023A0571123A2A4
:100814004711E25432445259C259325AA25A125B15
:10082400825B724CE24C21618280A5476395F90694
:1008340085691309F00FB3069900B3742B01B694BC
:100844001349F9FFB3749900856B33796901416BDE
:100854009387F9FFB3F7270199E363FC340193D934
:100864004900C147E3E637FF99BF0569C1697D19AE
:10087400D9B71305800D63886901130500026384E9
:10088400790113051008CA85DD3B353D21DD4E99FC
:10089400B3843441D9B7DA852D45D533CA94E300FE
:1008A40099F205097D3BA30FA9FED5BF9387F9FFF4
:1008B40093F7F70F6361FC0C83C71C04130730081C
:1008C400631FF70437070800636BEB04B3079B004F
:1008D400B706100063F5D704334BEB0089476393E5
:1008E400F9068980D549E38C04ECDA850945413B56
:1008F40011090327C9FF91472320E480030764807B
:10090400E34E07FE23033481FD17EDFBFD14110BA9
:1009140081C49377FB0FE9FF7D3371F5E1B5B71718
:10092400004003C75704B70708001377070219E309
:10093400B78707007955E378FBEA33079B00E3FFA9
:10094400E7F855B58547E382F9F2DA852D45053B8D
:100954009389F4FFE38504E6293393F7390091EB97
:10096400832604800327090093074900E39AE6E4F9
:100974003E89CE84F1BFB5476396F9001305900B09
:10098400C93135BDB1471305B00AE38BF9FE994768
:100994006391F904B7050800B365BB002D45C53163
:1009A40081448D4BA1497539639674018327048072
:1009B4002320F9008504E39834FF83270480131768
:1009C4002B01635507002312F900D5BB2322F9003C
:1009D400FDB39D476399F90281451305B004453180
:1009E400BD442320090023220900FD599D3993F7B2
:1009F4007400CA9703C70700FD14398D2380A7002C
:100A0400E39634FF6DBBA1476392F9046D398144C9
:100A1400630D0B008D479304C0036308FB0093042C
:100A2400000563048B01930440041375C507E308B0
:100A340095D81945393139390545213126850D397E
:100A440009453D314931E31C05D669BB914763999A
:100A5400F90013056006F536F53E130590090DB748
:100A6400E38F09D4F154A9BB19CD91CD09CE8147A7
:100A74003387F500834607003307F5008507230015
:100A8400D700E317F6FE828019C991C909CA9105F6
:100A940083A7C5FF11057D16232EF5FEC5BF8280F1
:100AA40001C919C62A960505A30FB5FEE31DA6FEC6
:100AB400828081473307F5000307070019E33E8569
:100AC40082808507C5BF01112E8626CAAA84131504
:100AD40006019305F004418122CC06CE32C6EF0014
:100AE400F0512A8401C53246A685BD3F2285F240D5
:100AF4006244D24405618280854715C18DC105C217
:100B04008147B306F5003387F50083C60600034723
:100B140007006398E6008507E315F6FE85473E85E2
:100B240082808147EDBF9307F6FFBE952A96631333
:100B3400C5008280FD1583C715000505A30FF5FECA
:100B4400FDB7AA87014581CF09CE3E96850703C725
:100B5400F7FF6317B700E39BC7FE054582808280D9
:100B64000145828079719387018C22D4804306D613
:100B740026D24AD04ECE52CC56CA5AC85EC65DCC96
:100B8400B7C4C901014B9389818B9384F437174A05
:100B94000000130AAADD974A0000938AEAE0174985
:100BA40000001309A9E48357240085E35C44631B14
:100BB4000B0023A0F18C832BC4002285EF0070501E
:100BC4005E84B9A82326FB00FDB783A7090082979A
:100BD4001C443307F5406376F500032749001D8F55
:100BE4002A9763E0E4089747000023A707DC8355AE
:100BF400240003450400974000E0E78040855C4002
:100C04005844A1CB0C4403264900AE97BE8663E446
:100C1400B70063E4C700B386C74014C4228B3A8488
:100C240059F097470000938727D89C4B0947637076
:100C3400F706F917174700002320F7D8B2502254BB
:100C440092540259F249624AD24A424BB24B45612C
:100C5400828063150B0023A0E18CB1BF2326EB0037
:100C640099BF03274A0209CF63EFA7003385A74042
:100C740083A70A016376F5009747000023AEA7D245
:100C8400228B404471BF03274900BA97C5B79747E1
:100C9400000023A307D25DB7411122C4174400000A
:100CA400130404D31C4006C626C24AC091C78297C7
:100CB4009747000023AE07D09747000083C717EB80
:100CC400858B97440000938424EA95C397470000DA
:100CD400A38E07E883C774001547637AF700052BD2
:100CE40083C77400F5178A07A2979C4382971C4414
:100CF40091C382971389C18A03270900174600000C
:100D0400034696CA9747000083C707CA93961700FD
:100D1400BA9683D60600C5CE9747000083C7C7C8D6
:100D240063E1C70C97470000238007C81C40639504
:100D340007129747000083C7B7E391CF83C77400B6
:100D440093F7F70F89EB97470000A38307E29750C7
:100D540001E0E780E0BC9387818B9C43638E070EA0
:100D640097470000938787C8DC4317470000232573
:100D7400F7C4CD3B97470000938747BFDC53E9CFC7
:100D840017470000130747C2184B9747000083C753
:100D940037BF6363F70C83C774001547636EF70AA4
:100DA4009747000083C7C7E0918BDDE7032609005E
:100DB4009746000083C656BF63C6D70A2244B24092
:100DC400924402494101175302E06700E3F88507A2
:100DD40093F7F70F974600002388F6BCE3E4C7F2C5
:100DE40025BF86073E978355070023100700239AE3
:100DF400018A9387418C9C43174500000345C5BA7B
:100E040013172500BA979C43829783D7418B1747C2
:100E14000000034767B993C7F7FF7D8D9317170049
:100E2400032709003E97835707005D8D2310A70011
:100E34009747000083C747B791C785071747000046
:100E44002304F7B617470000034707B69747000087
:100E540083C797B5E378F7ECB24022449244024941
:100E640041018280139717003297035707006DF7EB
:100E7400850799B7AD6737C70040BD072326F7201C
:100E84000F10000097470000938707B2C84F8327CD
:100E94008726BD66BD0693C7F7FF99836A05232697
:100EA400D7205D8D82804111B7170040985F3AC604
:100EB400945F3247E39CE6FE32454101828013058C
:100EC400F00F8280011197470000938727D622CC28
:100ED40003A4070C26CA06CE2AC42EC6854419E4E8
:100EE4000145F2406244D244056182808347910007
:100EF40003471400858B6304F7000044CDB71946FB
:100F04009305A10013052400C53EE31895FE05458D
:100F1400C9BF138701991C439306001094C30100B1
:100F24000100010001001C4323A0070083461500B3
:100F340003482500A2064208C29603480500C2964B
:100F4400034835006208C29694D783465500034887
:100F54006500A2064208C29603484500C2960348AB
:100F640075006208C296D4D7834695000348A5004D
:100F7400A2064208C29603488500C2960348B500FB
:100F84006208C29694DB8346D5000348E500A206B6
:100F94004208C2960348C5000345F500C29662059F
:100FA400AA96D4DB83C6150003C52500A206420514
:100FB400AA9603C50500AA9603C535006205AA963C
:100FC40094CF83C6550003C56500A2064205AA96C0
:100FD40003C54500AA9603C575006205AA96D4CF39
:100FE40083C6950003C5A500A2064205AA9603C5BB
:100FF4008500AA9603C5B5006205AA9694D383C654
:10100400D50003C5E500A2064205AA9603C5C5009E
:1010140083C5F500AA96E205AE96D4D3D443F59AD7
:10102400D4C3D44393E61600D4C3944393E6160082
:1010340094C3BA879443D842058B59E3984E01452B
:101044002300E6009843184F2183A300E600984349
:10105400184F41832301E6009843184F6183A3018D
:10106400E6009C43D84F2302E600D84F2183A30215
:10107400E600D84F41832303E600D84F6183A303DE
:10108400E60098532304E60098532183A304E60062
:10109400985341832305E60098536183A305E60032
:1010A400D8532306E600D8532183A306E600D85379
:1010B40041832307E600DC53E183A307F600828023
:1010C40001008DBF138741991443411122C49C5ED2
:1010D4004AC006C6998326C2858B3A84138901992E
:1010E400D1C79C5E97440000938404A893F7F7F952
:1010F4009CDE17470000034787A793070008631B7C
:10110400F700832709009C4393F70704174700005F
:10111400230FF7A483C7040093F707048DC39387B1
:10112400818B9C4382979747000023A7A7A483C77A
:10113400040093F7F70B174700002307F7A283C7B0
:10114400440093F707049DE3854717470000A30F66
:10115400F7A09387019A9C43096798C7130700FC7B
:10116400974600002384E6A0D844F8D31C40985F37
:101174001183058B09CB985F3D9B98DF0547974604
:1011840000002385E69E985F1D83058B11CB985F35
:101194001377F7F798DF8547174700002308F79C74
:1011A40083270900D8430583058B19C7D843759B4A
:1011B400D8C3D843799BD8C3B2402244924402494D
:1011C40041018280397106DE16DC1ADA1ED82AD66D
:1011D4002ED432D236D03ACE3ECC42CA46C872C69B
:1011E40076C47AC27EC0F93DF250E2525253C253E1
:1011F4003255A255125682567247E2475248C248A7
:10120400324EA24E124F824F2161730020309387D9
:10121400019A9443974700009387079503C70700F3
:10122400058B11CB97470000238207949747000052
:10123400A38E0792828003C71700058B65F7F852C7
:1012440071FF83C75700DDB713884199032708004E
:101254001C5F9583858BD1E709C61C5BBD83230086
:10126400F60085CA83270800985B460793576701F1
:101274006356070093E707C0C207C18303970600BC
:10128400C207C18709C7BA970947B3C7E7022390C2
:10129400F60085CD834715008DCB9746000083C6A5
:1012A400068D93F606041387970089478DCA3A95ED
:1012B40003470500854699471376F7066311D6025E
:1012C40062076187B947634C0700832708009C5F66
:1012D400ED838D8B17470000A30DF78881473E856A
:1012E40082808547EDBF411122C406C61384019A4A
:1012F40018402DE9AE877453FDFE3E85B2859747AD
:10130400000023840786974001E0E780A036938796
:1013140041999C43B70680009843558F98C3D8578A
:10132400719BD8D797470000A38207849747000092
:10133400A38C07821C40094798C314401747000038
:101344001307878283472700858B89EB8347370000
:10135400858BD9C397470000238A0780B240224473
:10136400410182808D47631EF500938741999C4318
:10137400B70680009843558F98C3D857719BD8D728
:101384006DBF8547E31BF5FA5447F977FD17F58FD1
:101394005CC70F1000001C40096798C7130700F8CA
:1013A400173600002304E67C138741991043184242
:1013B40031830D8B11E713076019F8D3D4C7B5BF78
:1013C4001842094631830D8B6315C7001307E043A8
:1013D400EDB71307E01BD5B7FC52ADF741B75D710C
:1013E400A2C4A6C22A84130680022800AE849305F0
:1013F400100886C6CAC04EDE52DCEFF06FEA3545EF
:10140400974001E0E78060631383419983270300D9
:101414009376F41F138E819A23A40700984B938E1E
:10142400019A370FFCFF1367F70398CBF84F1305A6
:1014340010F8B7020400137707E0558FF8CF9843EC
:10144400F576FD16758F98C39843B706330093035A
:1014540080251377F7E798C3984311497D1F1377C5
:10146400F7E71367071098C303270E008549930F06
:1014740080021C47D58F1CC783A70E001307900D4D
:101484003400B8CB014793553700A69583C70500B0
:1014940013767700B3D7C740858BE1C38327030056
:1014A40083280E00239C07042390070603A8C80280
:1014B4001378D8FF23A6080383A807001378F70737
:1014C40093F808F833E8080123A0070103A84702AA
:1014D4003368580023A2070383A80E00014823A2FF
:1014E400780603DA07066307480303A80703038A99
:1014F40006001358F80062081358884163580A011B
:1015040003A807031358F8002380060103D807062D
:101514001378F80F03AA480663060A0003DA87055E
:10152400E37F49FB03A847023378E80123A20703BA
:1015340083870600635CF40003C805003396C90082
:101544001346F6FF337606012380C5003E8663D337
:10155400A7002A8613158601618505071377F70FFF
:101564008506E312F7F3B640264496440649F25939
:10157400625A616182809386019A9C42D84713160D
:1015840017016355060298471316170163500602A4
:101594007D57B8D71737000013070741584F050781
:1015A400173600002320E642116798C798470D8339
:1015B400058B1DCB173700000347275B1367170004
:1015C400173600002303E65A130700F81736000005
:1015D400230EE658214798C713874199104358565C
:1015E400719B1367170058D69847058B0DC717379B
:1015F4000000034777571367170017360000A30549
:10160400E656054798C71387419910435856719B6E
:101614001367170058D698470983058B09E798473D
:101624000583058B21CF9847173600001306C65350
:10163400138541990983058B6303071018411843E7
:1016440031830D8B75EBAC4B184E93F505020347B4
:101654001700CDCD79EF13077006D8CF03470600E6
:1016640013671700173600002300E650114798C788
:1016740018415C57F19B93E717005CD79C4298474D
:101684009316370163D606029736000083C6866137
:10169400C18A1737000013076759C5CE0347870768
:1016A4001367070297360000238EE65E056798C726
:1016B40098479316270163D10602173700000347A2
:1016C400E74A6207618763570700054797360000BA
:1016D400238EE648096798C798479316070163D68F
:1016E40006029736000083C6F65B858A173700002A
:1016F4001307C753ADCE03479707136727009736E1
:101704000000A381E65A216798C7828029D78545BE
:101714006315B7001307B00689B789456315B70089
:101724001307F0061DBF8D456315B7001307300777
:101734002DB71307500715B71307600739BF0347C1
:1017440036001367170017360000A300E642094766
:1017540039BF834687070946BD8A6388C6000347A5
:1017640087078D463D8BE313D7F4114725BF834686
:101774009707918AC9DA034797071367870041B728
:10178400397106DE16DC1ADA1ED82AD62ED432D2E5
:1017940036D03ACE3ECC42CA46C872C676C47AC265
:1017A4007EC0D13BF250E2525253C2533255A2553D
:1017B400125682567247E2475248C248324EA24EEF
:1017C400124F824F2161730020309387019A98430E
:1017D4008567938707777CD39387819A9C4383A6F5
:1017E4000709139656006358060083A60709139643
:1017F4006600634406007453FDF2828061C1AA87C7
:101804000145DDCD8D07C207C183F19BC207C183AA
:1018140013074003636BF702138741A3084313873D
:10182400C1A214436396A6021737000013070714D6
:10183400185B014551C74111C20706C60545DD8D38
:101844000297B240014541018280138701A3F9B791
:101854000357650035E303574500636FF704B30688
:10186400F7402146637CD60203280500938687004F
:101874001D8FAA966117173600000356461323924C
:10188400E60023A006012393060014C12312F500E9
:10189400130786FF97360000239BE6102313B50039
:1018A4009735000083D5A510B387F540173700009E
:1018B400231FF70E210582800841ADB701458280C0
:1018C400828009CD938741A303A307009387C1A214
:1018D40083A8070081469A8763E31701828003A8DF
:1018E40007006369F50A6367A80A13878700E3673B
:1018F400E5FE03D66700216705076317E60003C703
:10190400819605072384E196973500009385C509E0
:1019140003D6470003D76500239307003297420795
:101924004183173500002314E50863886702138593
:1019340001A308416303F50203D5660019ED83D7BB
:10194400460023A0060121073E9621062392C600E5
:1019540097370000239DE704B6879843E30017F9FF
:10196400938601A39442E30BD7F683566700BDF632
:1019740083D64700035647001843A106B296239224
:10198400D70098C383D76500A10717370000231039
:10199400F7028280BE86C28781B70327851163025E
:1019A4000712411122C406C68347C5008345E504D6
:1019B4002A8493F7C70F2306F5008346970003563E
:1019C400C70013958601618563F2C508635B05064C
:1019D4000345870093F6F607A304D700054693E66C
:1019E40027006314C50093E617002306D4005C4364
:1019F40089075CC3A30AB400032504112E864C4353
:101A04000905EFF06F868327841103465401D443FC
:101A140003D7C700B296118FD4C32396E700894732
:101A2400A30DF400034764039737000083C727F529
:101A34006378F7048347C40093E707012306F4009F
:101A440081A093E717002306F4006DB79376F60F91
:101A5400635D050203458700854513E6270063148B
:101A6400B50013E617002306C400A30AD400A30498
:101A740007008547A30DF400832784119C43DDF3FD
:101A8400B240224401454101828093E717002306B6
:101A9400F400A30AD400A3040700032504114C4353
:101AA4000905EFE07FFC8327841103465401D443E6
:101AB40003D7C700B296118FD4C32396E7008D478E
:101AC40055BF054582809387C1A39C43411122C41D
:101AD40006C6858B2A84C5EF4165130525F597F065
:101AE40001E0E780000445C58347A5002315F50000
:101AF40083270412BDE72320A4122322A4128547BE
:101B04002311F40423200500834764015441231660
:101B1400F5000347D4002304E5000547A304E500CA
:101B24001737000013074704184F13851702158150
:101B34001C437D151375F50F9CC25C43DCC21C4726
:101B44009CC65C47DCC61C4B9CCA5C4BDCCA1C4F65
:101B54009CCE5C4FDCCE19CD938606021307070298
:101B6400C1BF8327441288C3835724042322A412A9
:101B7400850779B79737000083D7C70B85071737D1
:101B840000002319F70AB2402244410182808347AE
:101B9400C40023090400054593C747002306F40045
:101BA400DDB78347850193F7E70FC5EF83479501B9
:101BB400CDEB034625018346C50009CA8345650369
:101BC400173700000347B7DB63E7E50013F70601A7
:101BD40051CB014709C6C18A0357651C81C6835688
:101BE400A51C369741C31307C712173500000355C8
:101BF40065E0B335A70237460F00411113060624EA
:101C0400814622C426C206C67D543305A702972006
:101C140002E0E78020FC9737000083C7B7D6B3847F
:101C2400A700973700009387670003A787098327D6
:101C3400070963F387003E84184375FB9387818B00
:101C44009C43829781476364A400B307A440B240D5
:101C54002244B3B7970093C7170092443E854101CD
:101C6400828081473E8582809387019A98437C5382
:101C7400FDFF8280797126D206D622D44AD04ECE78
:101C840052CC56CA5AC85EC68347550303447513DB
:101C9400AA843E941374F40F9307400263F68700FA
:101CA4001304B4FD1374F40F03AA841383AAC41396
:101CB400A38B841222865285D685972002E0E78082
:101CC400E0EB058915E503CBD41201498149337B47
:101CD4006403930B50024A865285D685972002E00E
:101CE400E780C0E9058915C5639169031374F90F89
:101CF400238B8412B250225492540259F249624AFC
:101D0400D24A424BB24B456182808509E20993D99C
:101D140089410509E31179FDE1BF8327850903564C
:101D24000504797193D60701BD8EC206C182358E32
:101D34001357764093575640898B058B5D8F935785
:101D44003640918B5D8F93571640A18B5D8F93170F
:101D54001600C18B5D8F9317360093F707025D8FD2
:101D6400931756009355860093F707041E065D8F5C
:101D74001376F60F518F93D7554013D63540118AF9
:101D8400898BD18F13D67540D18F13D61540218AF4
:101D9400D18F13961500418AD18F1396350013768F
:101DA4000602D18F13965500137606049E05D18F33
:101DB40093F5F50FCD8FA20745465D8F3307C70214
:101DC40022D42A8426D252CC56CA032A8413832AC4
:101DD400C4135AC806D636974207418393577740AF
:101DE400135557400989858BC98F1355374011897D
:101DF400C98F135517402189C98F131517004189BD
:101E0400C98F1315370013750502C98F13155700B1
:101E140093558700137505041E07C98F1377F70FB1
:101E2400D98F13D5354013D755401189098B498F64
:101E340013D57540498F13D515402189498F1395C2
:101E440015004189498F1395350013750502498F93
:101E540013955500137505049E05498F93F5F50FE9
:101E64004D8F2207D98FB387C7024AD04ECE5EC6A4
:101E740062C4B697C207C18313D7774013D55740BE
:101E84000989058B498F13D537401189498F13D59B
:101E940017402189498F139517004189498F13955C
:101EA400370013750502498F1395570093D58700A2
:101EB400137505049E07498F93F7F70FD98F13D530
:101EC400354013D755401189098B498F13D5754077
:101ED400498F13D515402189498F139515004189E0
:101EE400498F1395350013750502498F13955500D5
:101EF400137505049E05498F93F5F50F4D8F220741
:101F0400D98FB387C702130650025285D685B69778
:101F1400BD8E93940601C18033F6C402137BF60F81
:101F2400972002E0E78080C505890DED8347D41230
:101F340001498149B3849702130C5002C1804A8637
:101F44005285D685972002E0E78040C30589937BBC
:101F5400F90F11C563863403850993F9F90F05094F
:101F6400E31F89FD230B6413B25022549254025987
:101F7400F249624AD24A424BB24B224C45618280BA
:101F84005E8BCDB7797122D406D683C735002E84F3
:101F940023160100A307F10083C74500100802C0FF
:101FA4002307F10083C755008A8502C2A306F10006
:101FB40002C402C802CA02CC02CEEFE09FF5034776
:101FC400F1018347040001456310F7020347E1016F
:101FD4008347140001456319F7000345D101834782
:101FE40024001D8D13351500B250225445618280A2
:101FF400011197370000938767C322CC03A4870C91
:1020040026CA4AC84EC606CEAA84130925008549A5
:1020140015C083C7140003473400858B6304F7009D
:10202400405CFDB71946930544004A85EFE0DFACF8
:10203400E31835FF2285F2406244D2444249B24952
:1020440005618280411197370000938727BE22C41F
:1020540003A4870C26C24AC006C69304250005497A
:1020640001E82285B240224492440249410182801F
:10207400A6851305A4023937E30525FF405CCDB7D7
:10208400411197370000938767BA22C403A4870CD1
:1020940026C24AC006C693042500054901E82285E4
:1020A400B24022449244024941018280A68513052C
:0C20B400A401C93DE30525FF405CCDB749
:1020C00097110020938181B217610020130181F3E1
:1020D0001305400097E5FF1F9385C5F21706002002
:1020E000130606FE63FAC5008322050023A05500EF
:1020F00011059105E3EAC5FE17450200130505D257
:10210000970500209385C5FB1386018663FAC500F9
:102110008322050023A0550011059105E3EAC5FEC1
:102120001385018697350020938505C36377B50035
:10213000232005001105E36DB5FEFD42739002BC3E
:102140008D4273904280930280087390023097E230
:10215000FF1F938222EB93E23200739052303717C5
:102160000040930770052300F704930780FA2300CB
:10217000F7040F1000003C47B70600FAE116F58F90
:10218000B70600069506D58F3CC7972200009382BC
:10219000E2EB73901234730020303D432A8763735F
:1021A000C3029377F700BDEFADE5937606FF3D8A56
:1021B000BA960CC34CC30CC74CC74107E36BD7FEA0
:1021C00011E28280B306C3408A0697020000969609
:1021D0006780A6002307B700A306B7002306B70051
:1021E000A305B7002305B700A304B7002304B70075
:1021F000A303B7002303B700A302B7002302B7006D
:10220000A301B7002301B700A300B7002300B70064
:10221000828093F5F50F93968500D58D93960501F1
:10222000D58D61B793962700970200009696868217
:10223000E78086FA9680C1171D8F3E96E374C3F837
:10224000A5B7B717004003C777051377E70FA38B30
:10225000E704130700F8A38DE7043D47238CE70448
:1022600013075003A38CE7048280B717004083C78D
:10227000E7020D8993F7C70FC98F73270080218B61
:102280009386018609CB7327008023A0E1869842BC
:102290005D9B731007800F10000037170040130676
:1022A00070052300C704130680FA2300C7040F102B
:1022B00000002307F70223000704732700809C42D5
:1022C000A18BD98F7390078023A001860F10000087
:1022D000828041112A83014E930E407E130F001914
:1022E000930F400663E66E1493080019130340062B
:1022F000B3781503854E0D4FA14F337365020D89D9
:102300001335150063E0BE161308F6FF7946729880
:102310004208135808013307C70213D61700BE0737
:1023200032976146B3F6C60213068070B386C602C2
:102330003697A166F58F42075D8FB716004083C7B9
:10234000F60293F70708A307F1000346F10083C7DD
:10235000F60293F70708E394C7FE8347F100B71628
:10236000004093F7F70F63890714F3270080A18BD0
:1023700093860186639807140F100000B71700407A
:10238000130670052380C704130680FA2380C70450
:102390000F10000023AA070303C6170313660608DD
:1023A000A388C70223800704732600809C42A18B68
:1023B000D18F7390078023A001860F100000116653
:1023C000B71500407D16DC59C85DA98FF18FE5FF78
:1023D000F3270080A18B89CBF327008023A0F1860F
:1023E0009C42DD9B739007800F100000B7170040E0
:1023F000130670052380C704130680FA2380C704E0
:102400000F100000D8DB03C7170313670704A38866
:10241000E70223800704732700809C42A18BD98F99
:102420007390078023A001860F1000004101828075
:102430007D133368E3039308E016630E08003368E6
:10244000F3039308D016630808009378330093B819
:1024500018009388D81633081E01131E0801135E56
:102460000E0149B56393E5030548638608000148FA
:10247000630303002A8871087298FD15131E080172
:10248000C205135E0E01C181B5BD13F8150063F4DA
:10249000BF007908D5B713381800E5BF83C7F60227
:1024A00093F70708A307F1000346F10083C7F6027C
:1024B00093F70708E394C7FE8347F10093F7F70FFC
:1024C000F1DF65B5F327008023A0F1869C42DD9BF8
:1024D0007390078055B55971E2C486D6A2D4A6D2AE
:1024E000CAD0CECED2CCD6CADAC8DEC6E6C2EAC0E0
:1024F0006EDE2A8C02D6EF009020F3270080A18B9D
:10250000138D018691CBF327008023A0F1868327CA
:102510000D00DD9B739007800F100000B71700407F
:10252000130770052380E704130780FA2380E7046C
:102530000F10000003C7F7021377770FA387E70296
:1025400003C7F70213678700A387E7022380070406
:102550007327008083270D00A18BD98F739007808C
:1025600023A001860F100000F3270080A18B91CBE0
:10257000F327008023A0F18683270D00DD9B739055
:1025800007800F100000B717004013077005238065
:10259000E704130780FA2380E7040F10000003C745
:1025A000E7021377C70F2387E70203C7E702136722
:1025B00017002387E70223800704732700808327FF
:1025C0000D00A18BD98F7390078023A001860F1077
:1025D0000000130780C13347E5029169938709E83A
:1025E000130650023D69B7440F0093840424856BA1
:1025F000130BA004014A814A13047005FD19B34767
:10260000F5023307C7023EC2930709A61309803EAD
:102610003347F7023AC43347250305493319890183
:10262000135939403345950293840BFAB3948401CE
:10263000811B3306C702B346F6023309E90236C6E8
:10264000330B670313076055B3049502130500109D
:102650003309E902B346FB02130B80FAB3C4A402A8
:1026600036C8B347F902939634003719004036CC88
:10267000930409043ECA73260080218A11CA732676
:10268000008023A0C18603260D005D9A731006808A
:102690000F100000930770052380F400238064016D
:1026A0000F100000034639051376860FA309C904ED
:1026B0000346390513661600A309C90423800400E4
:1026C0007325008003260D00218A498E7310068031
:1026D00023A001860F100000916CE17D732600801D
:1026E000218A11CA7326008023A0C18603260D000B
:1026F0005D9A731006800F10000093077005238009
:10270000F400238064010F100000034639051366AE
:102710000602A309C9040356090533669601231866
:10272000C904035609053366B601420641822318DF
:10273000C904238004007325008003260D00218A2C
:10274000498E7310068023A001860F1000000346F7
:102750003905137606026306061603463905218AF3
:102760006DDE6810EF00C07D73260080218A11CADB
:102770007326008023A0C18603260D005D9A731086
:1027800006800F10000023808400238064010F1056
:102790000000034639051376F60DA309C904034664
:1027A000390513660602A309C904035609053366F1
:1027B00096012318C904035609053366B60142067B
:1027C00041822318C9042380040073250080032656
:1027D0000D00218A498E7310068023A001860F10F8
:1027E0000000034639051376060263080610034607
:1027F0003905218A6DFE97E0FF1FE780C0892A8690
:1028000032CE97E0FF1FE78000897246E30AC5FEDB
:10281000035609053255336696012318C9048927E2
:1028200003463905218A6DDE03550905034629054E
:10283000924733F5A9003386C90232951D8DA24710
:1028400063D5A700B2476346F50E09466365560F88
:10285000C247850A1316150093FAFA0F3346F6029B
:102860006354A03A050609453346A6027325008045
:10287000218911C97325008023A0A18603250D009D
:102880005D99731005800F10000023808400238061
:1028900064010F1000000355C9022A9642064182C6
:1028A0002316C902238004007325008003260D002F
:1028B000218A498E7310068023A001860F10000024
:1028C00031BD73260080218A11CA7326008023A09F
:1028D000C18603260D005D9A731006800F1000005C
:1028E00023808400238064010F1000000346390513
:1028F00013660602A309C9042DBD73260080218A30
:1029000011CA7326008023A0C18603260D005D9A9C
:10291000731006800F100000238084002380640160
:102920000F1000000346390513660602A309C90407
:1029300059BDE38F0AF073260080218A11CA7326DD
:10294000008023A0C18603260D005D9A73100680C7
:102950000F10000023808400238064010F1000000A
:10296000034639051375FC0F1376860FA309C904B6
:1029700003463905498EA309C9042380040073283E
:10298000008003260D00218A33660601731006803D
:1029900023A001860F100000034639051D8A631726
:1029A000862773260080218A11CA7326008023A0FF
:1029B000C18603260D005D9A731006800F1000007B
:1029C00023808400238064010F1000000346390532
:1029D00011651376F60DA309C9040346390513667C
:1029E0000602A309C90403560905498E2318C90420
:1029F000035609052165498E2318C9042380040064
:102A00007325008003260D00218A498E73100680ED
:102A100023A001860F100000034639051376060235
:102A2000630E062003463905218A6DDE6810092BE6
:102A300073260080218A11CA7326008023A0C186D4
:102A400003260D005D9A731006800F10000023808E
:102A50008400238064010F100000034639051165CE
:102A60001376F60DA309C904034639051366060259
:102A7000A309C90403560905498E2318C90403563E
:102A800009052165498E2318C90423800400732594
:102A9000008003260D00218A498E7310068023A032
:102AA00001860F1000000346390513760602630302
:102AB000061C03463905218A6DFE97D0FF1FE7806B
:102AC000805DAA8C97D0FF1FE780E05CE30C95FF48
:102AD000035609051165498E32552318C904492149
:102AE00003463905218A6DDE73260080218A13850D
:102AF000018609CA7326008023A0C18610415D9A11
:102B0000731006800F10000023808400238064016E
:102B10000F100000034639051376F60DA309C9040A
:102B200023800400732800801041218A3366060147
:102B30007310068023A001860F10000003580905BA
:102B400003462905E24733F809013386C902329862
:102B50003308F8401306800C3306C802D2473346C8
:102B6000F60263550015050609483346060363510E
:102B7000C0140358C9029308F00F13585800329834
:102B800063D6081F094663734619F3270080A18B9B
:102B900089CBF327008023A0F1861C41DD9B739035
:102BA00007800F10000037170040930770052300BF
:102BB000F704930780FA2300F7040F1000008356F0
:102BC000C70289678117D58FC207C1832316F70211
:102BD00023000704732700801C41A18BD98F7390B9
:102BE000078023A001860F100000B650265496548B
:102BF0000659F649664AD64A464BB64B264C964C81
:102C0000064DF25D656182807D16B1B97326008044
:102C1000218A11CA7326008023A0C18603260D00D5
:102C20005D9A731006800F100000238084002380BB
:102C300064010F100000034639052DBB7326008088
:102C4000218A11CA7326008023A0C18603260D00A5
:102C50005D9A731006800F1000002380840023808B
:102C600064010F1000000346390513660602A3092C
:102C7000C90469B373260080218A11CA73260080B3
:102C800023A0C18603260D005D9A731006800F10E5
:102C9000000023808400238064010F10000003469D
:102CA000390513660602A309C904C5B37D166DBDB7
:102CB00055CE0358C902B308C04013585800635793
:102CC000180B094663744605F3270080A18B89CB56
:102CD000F327008023A0F1861C41DD9B73900780C1
:102CE0000F100000B7170040130770052380E7049A
:102CF000130780FA2380E7040F10000003D7C702F0
:102D00007D8B2396E70223800704E9B573260080B4
:102D1000218A09CA7326008023A0C18610415D9ACA
:102D2000731006800F10000023808400238064014C
:102D30000F1000000356C9021376F60F33667601B2
:102D4000420641822316C9022380040073280080B2
:102D50001041218A336606017310068023A0018684
:102D60000F100000050A137AFA0F31B2F327008022
:102D7000A18B89CBF327008023A0F1861C41DD9B2A
:102D8000739007800F100000B717004013077005FD
:102D90002380E704130780FA2380E7040F10000064
:102DA00003D7C70216063A96420641822396C70207
:102DB00099BF914763EEB7021727020013074750E8
:102DC0008A05BA959C41BA978287B717004003A736
:102DD000470B1345F5FF698F23AAE70A03A7070BE3
:102DE000698F23A8E70A03A7070A798D23A0A70AFA
:102DF0008280B717004083A6470B1347F5FFF98E73
:102E000023AAD70A83A6070B558D23A8A70A83A652
:102E1000070A758F23A0E70A8280B717004003A72F
:102E2000470B498F23AAE70A03A7070B1345F5FFB2
:102E300045BFB717004083A6470B1347F5FF758FB3
:102E400023AAE70A03A7070A598D4DB7B717004011
:102E500003A7470B498FEDB7914763EEB7021727DA
:102E60000200130727478A05BA959C41BA978287C3
:102E7000B717004003A7470D1345F5FF698F23AA35
:102E8000E70C03A7070D698F23A8E70C03A7070C1E
:102E9000798D23A0A70C8280B717004083A6470D29
:102EA0001347F5FFF98E23AAD70C83A6070D558D7E
:102EB00023A8A70C83A6070C758F23A0E70C82809C
:102EC000B717004003A7470D498F23AAE70C03A7B4
:102ED000070D1345F5FF45BFB717004083A6470D03
:102EE0001347F5FF758F23AAE70C03A7070C598D2D
:102EF0004DB7B717004003A7470D498FEDB7B71778
:102F0000004003D58700420541819377050491EB8A
:102F10009377F5013755E801130505803345F50230
:102F200082809377050C130700046397E70093777B
:102F3000F50137459C1CCDB72165130505D082806E
:102F400037E700E01C435443A183E206D58F1CC140
:102F5000FD572320F7182322F7180F100000828056
:102F600013178500B7E700E023A0E710618123A2D3
:102F7000A7108280B7F700E08847CC47828081475E
:102F800037370040A14663C4C700328582800345BD
:102F9000B740E38EA6FE3385F5000345050085079F
:102FA0002304A740CDB797F7FF1F938727449C437F
:102FB00017270020130747DA3E95636EE500175781
:102FC0000020130727E46368A70017F7FF1F232FCC
:102FD000A7403E858280FD57EDBF411122C406C641
:102FE0002A84313F2947B307E502B2408D83B3D726
:102FF000870222449507B3D7E70237370040C2075C
:10300000C1832316F7404101828071654111130588
:10301000052006C6D937B7370040130770F823815B
:10302000E7400D47A381E74013070004A380E74072
:1030300005472387E740B24041018280B73700400F
:1030400003C7174019C9D98DA380B74003C70740EC
:10305000136787002380E740828093C5F5FFF98DD1
:10306000A380B7408280CC41411106C6328503C699
:10307000150083C5050022064D8E42068D654186EA
:10308000138875A2630C060F6348C804138845A211
:103090006306060B634AC800938535A26309B6062A
:1030A00023900600294679A0138855A26308060BD1
:1030B000938565A2E316B6FEC1451D4663ECE506A1
:1030C0004546198E63F3C7003E862390C6009725B8
:1030D00002009385652289A8138895A26300060FD4
:1030E000634E060B1388A5A2630A060F938505A5F8
:1030F000E318B6FA99451D4663EEE502198E63F3AF
:10310000C7003E862390C6009385C18031A89D45A7
:103110001D4663E1E5022146198E63F3C7003E8632
:103120002390C60093854186BA9597E0FF1FE780FC
:10313000E0930146B240328541018280AD451D4693
:10314000E3EAE5FE3146198E63F3C7003E8623901D
:10315000C600972502009385E51DF9B7B1451D46C8
:10316000E3EAE5FC3546198E63F3C7003E862390FB
:10317000C600972502009385E51C7DB7C1451D4615
:10318000E3EAE5FA4546198E63F3C7003E862390CD
:10319000C600972502009385651779B7C1451D467E
:1031A000E3EAE5F84546198E63F3C7003E862390AF
:1031B000C600972502009385E519BDB7C1451D4698
:1031C000E3EAE5F64546198E63F3C7003E86239091
:1031D000C600972502009385A514B9B7B5451D46CD
:1031E000E3EAE5F43946198E63F3C7003E8623907F
:1031F000C600972502009385250F3DB797F6FF1F60
:10320000938606FF4146CD4517F5FF1F130545EB95
:103210006F90100311456FF00FAC4111939625008C
:10322000AA852D4506C697D0FF1FE780804DB24086
:10323000014541018280411126C29394250022C498
:103240004AC02A843289A686AA850146254506C633
:1032500097D0FF1FE780E04AA6864A86A2852945C7
:1032600097D0FF1FE780E049B240224492440249D0
:10327000014541018280011122CC06CE3714004065
:1032800026CA4AC84EC652C483447405034AB405CC
:103290008349840503499405EFE0BFFA8347A405F9
:1032A00093F4F40F137AFA0F93E71700230DF40445
:1032B00093F9F90F1379F90FB717004003C7A70562
:1032C000058B6DFF03D5C705A38D4705238C3705F7
:1032D000A38C2705A38B9704F2406244D244424951
:1032E000B249224A0561828041119397050122C4A7
:1032F00006C6C1872E8463DD0700EF00106419C184
:10330000EF00905C2165218DB24022444101828012
:1033100093F7150013C51500E5FB9397250163D0BE
:103320000702EF20F11EFD3537F60200130606E016
:10333000896503C5C186EF1000280965E9B7939731
:1033400015010145E3D207FC1725020013054506C8
:10335000EF00925E13060064916503C5C186EF100D
:10336000802511654DB71D7149469725020093854B
:10337000A5FF172502001305254386CE97D0FF1F12
:10338000E780C07701E917250200130525FFEF004C
:10339000B25A01A0B7F600E0795798CAFD57DCCAC7
:1033A0000567B7E700E023A0E7101306F00290C21C
:1033B00023A0E7180F1000001306C003814548083A
:1033C00097D0FF1FE780006E97070020938707DAEA
:1033D0003ECA896793870780231CF100B547230401
:1033E000F102A167938707E03ECEB70701059387F7
:1033F00007103ED09307F00F2312F10285472303F5
:10340000F10297070000938787E1BEC49707000089
:103410009387A7E2BEC68567938717D02315F1026D
:1034200097070000938747B53EDAB7F5070097077F
:103430000000938787E43EDE81469707000093876C
:10344000A7DD7000E1051945BEC097D0FF1FE780DA
:10345000402B58088147994670003E960346060067
:1034600085070507A30CC700E398D7FED24791C78D
:103470000357810185676373F70001A04808EF10C7
:10348000C05BAA8501C917250200130565F0EF008E
:10349000123901A0F6402561828041111705000014
:1034A0001305C5E406C622C4EF10A0551384C186D7
:1034B0002300A4001928034504002244B240130647
:1034C0000032896541016F10000F411106C6F327D4
:1034D0000080A18B1387018689CBF327008023A06E
:1034E000F1861C43DD9B739007800F100000B71717
:1034F0000040930670052380D704930680FA23804A
:10350000D7040F10000083C6F70293F6A60FA38717
:10351000D70223800704F32600801C43A18BD58F9C
:103520007390078023A001860F100000F32700800E
:10353000A18B89CBF327008023A0F1861C43DD9B60
:10354000739007800F100000B717004093067005B6
:103550002380D704930680FA2380D7040F1000003D
:1035600083C6F70293E62600A387D70223800704C9
:10357000F32600801C43A18BD58F7390078023A076
:1035800001860F1000000545EFE03FCE61311305C5
:10359000407E81470147814605468545EFE07FD360
:1035A000B240014541016F10A07D011126CA06CE2F
:1035B00022CC4AC883C88500A14493F80802639EC0
:1035C000080403C30500894881446318130583A8D0
:1035D0004500328483C7180083C80800A207B3E7F8
:1035E00017018D68938828906390170585472A896D
:1035F000EF70D008AA8415E193874187984311CFD3
:1036000083471400834604004C00A207D58FB337CC
:10361000F00085073EC24A850297F2406244268543
:103620004249D2440561828005671307D75FBA9784
:10363000F59BC207C183F5F3938741879C43F1DF74
:103640000D473AC22316D10032C44C008297F1B71D
:1036500003C805008947631FF802D8418347170054
:1036600003470700A207D98FC2070D67C187130759
:1036700027906391E702CC454111328523900601E2
:10368000094606C697D0FF1FE780403EB24001457D
:10369000410182800145828041677917630CE50210
:1036A000411122C406C685472A84639AF500228503
:1036B0002244B240938541A541016F904043894720
:1036C0006396F5008545EFB0407775D1B24022444E
:1036D000410182808280411126C2AA84416593857E
:1036E00041A57D1506C622C4EF9060401705000075
:1036F0001305C5FAEFB0A06B97F6FF1F938606B6C9
:103700004146994517F5FF1F130545AFEF9040332C
:103710002A8419C5172502001305C5C9EF00D22157
:103720002285B240224423AA91869244410182809C
:103730004111938541A506C6EF70006FB2407D151B
:103740001335150041018280411122C42E849385D6
:1037500041A526C206C6AA84EF70006D058915C171
:1037600097F7FF1F938787A983D7A702A285B24047
:103770002310F400224426859244014641016F80C3
:103780008047B24022449244494541018280835798
:103790002500035505003385A740420541818280FD
:1037A000AA8705C21307F6FFB376C700054599EA55
:1037B00023A00700CCC32394C7002395E70001454D
:1037C0008280054582802320050082802A8729CDBA
:1037D000835605008357A500B697835625008507B5
:1037E000958FC207C183BE866373F600B286C20698
:1037F000C1820D459DCB81476394D70001458280EE
:10380000035627000355A70003C805008507718DDF
:103810005043C207C1832A9623000601035627009E
:1038200005062311C700C9BF11458280AA8711452B
:10383000B1CF29CE83D6070003D72700158F835633
:103840000600420741836373D700BA86C206C1826D
:1038500009450DCF01476366D7002310D600014507
:10386000828003D5070003D8A70033780501C84339
:103870004295034805003385E5000507230005014F
:1038800003D5070005052390A700F1B7828029C55D
:103890000357050083572500998F3E87C207C183D0
:1038A0006373F600328742074183814763E4E70090
:1038B00001458280835605000356A5008507758E55
:1038C0005441B29683C606002380D5008356050076
:1038D00085062310D500D9BF114582809387818248
:1038E0009C43411106C622C4B1C705476390E70453
:1038F000252A9387C1879C431D8D8567938777BB56
:1039000063F6A702152223AEA18637140040832751
:10391000840C1305200393E717002324F40CED28EF
:103920008327C40C93E717002326F40CB2402244EB
:1039300041018280D5289387C1879C431D8D9307C1
:10394000301FE3F5A7FECD2023AEA186371400403B
:103950008327840C1305200393E727002324F40C0A
:1039600065288327C40C93E727007DBF411122C43B
:1039700026C24AC006C62A890144B714004063180B
:103980002401B2402244924402494101828083A72B
:10399000840C13052003050493E7270023A4F40CEB
:1039A000A52883A7C40C130520031374F40F93E711
:1039B000270023A6F40C8D20D9B7411122C4371457
:1039C00000408327C40C06C68D4593E717002326C5
:1039D000F40C0545EFF04FC88327C40CB2408D4569
:1039E00093E727002326F40C2244094541016FF098
:1039F000AFC637E700E085663D652320D710B7F7EF
:103A000000E01305F5A588CB8145CCCB2320D7104A
:103A10001307F00298C382809387018894439843E8
:103A2000158FE36EA7FE828093870188884382808A
:103A3000138701881C4385071CC3B7F700E023A246
:103A40000700730020300111680006CEEFF04FCF61
:103A500083C7518899C3A38201883245EFF04FD0C4
:103A6000B735004083C7B5401D47636DF70083C776
:103A7000B5402146938585401D8E420641821385BF
:103A800001473135F2400561828041111306002063
:103A9000938501271385014706C622C411330566A5
:103AA0001306068097F5FF1F938585BA1385412677
:103AB000C539371400408327840A8D45130500203B
:103AC00093E707202324F40AEFF0AFAE8327840A9C
:103AD00085451305001093E707102324F40AEFF03F
:103AE0004FADEFF08FD295450545EFF02FD5B240A1
:103AF0002244B7E700E03707000823A0E7104101A0
:103B000082809C410947638FE7000D47638EE7027F
:103B10000547639AE702AA85172502001305858BDE
:103B20006F00E24FAA85172502001305E58CCDBF73
:103B3000D8413E970347070085072384E64003D713
:103B40008500E3C7E7FE82808147B7360040C5BFE6
:103B50002A86B305B040172502001305A5926F0011
:103B6000024C83D7C1896390A702239FB188239019
:103B7000C18A2391D18A2E86172502001305058D4F
:103B8000BE856F00C249172502001305A58D6F0081
:103B9000A25A03574500011106CE83D7C189631588
:103BA000F702C167F91723AEF18823A0018A854780
:103BB0001306F100854513055030A307F100EF709F
:103BC000B130F24005618280172502001305858619
:103BD000EF008256FDB73D897D15954763E1A71437
:103BE00017270200130787830A053A951C414111E4
:103BF00022C406C6BA972E848287172502001305B1
:103C0000E5892244B24041016F00025303C72500F9
:103C100099476314F7002E85AD3F17250200130561
:103C2000E588C5B703C725009547631AF702C16742
:103C300003D7C189F91703D5A5006306F702EF7012
:103C400011541725020013056587EF00E24E172572
:103C5000020013052589EF00224E23A40182B24001
:103C6000224441018280239EA18883D7E5005146EA
:103C700003C59181239FF18883D705012390F18AA1
:103C800083D72501930500022391F18AEF00B0123A
:103C9000096613060690A14503C59181EF00B01196
:103CA0000356E4008355A40017250200130545823E
:103CB000EF00E23669BF172502001305658391B74F
:103CC00083C5250091476397F5001725020013056A
:103CD000A58305BF99476390F50222855D3D834525
:103CE0006400172502001305E583EF004233854782
:103CF00023A4F182ADB79547639AF500834714007A
:103D0000E9F7172502001305A583E5BD2244B2405B
:103D1000172502001305458341016F004230828060
:103D200001119397050122CC06CE26CAC1872E84A5
:103D300063DE070003C59181092111C17126216548
:103D4000218DF2406244D2440561828093F70502DE
:103D500095CF03D5C1891307F5FF4207C16741839A
:103D6000F51763E2E7029307700F6C0003C69181B9
:103D70002316F100EF501068AA85171502001305ED
:103D8000E56BEF00C2291345040265BF93F71500E8
:103D900091CF17E6FF1F1306264D9385415703C5A4
:103DA0009181EF7061681345140061BF93F785003E
:103DB00099CF83C791811307400681465146A1459B
:103DC00003D5C189EF70A15F134584009DBF93F7B0
:103DD00005010145BDD7938741829C43054763890F
:103DE000E70081C70D476375F7081345040191BFCC
:103DF00003D5C189EFF0DF9301EDC16703D7C18916
:103E0000F917E314F7FE13854126EFF0DF9BF1BFAE
:103E100013854126EFF0BF97AA8461D903D5C189E4
:103E2000EF10500E9307C5FFC207C183130730067A
:103E3000636DF70875152392A18A83D7418A63F4CD
:103E4000F4002392918A13854126EFF05F9483D783
:103E5000418A6361F5081386418A9385C1471385BA
:103E60004126EFF0BF9C1375F50F23A4018835FDA3
:103E700003D6418A01478146ED4503D5C189239B7D
:103E8000C188EF50B06723ACA18825CD03D66189E6
:103E90009385C14797D0FF1FE78040BD01469385BA
:103EA000418903D5C189EFF03F8A31C58D47ED4582
:103EB0001385418923A2F182EF60E0230946C145C1
:103EC00003C59181EF00206F0DB79307A00F2392D8
:103ED000F18AA5B7938481889840A947E3EDE7F676
:103EE0001146C14503C59181EF00E06C9C408507F8
:103EF00023A4F188DDBD854723A2F1822392018AA4
:103F000075BF894723A2F18255BF01111705000033
:103F1000130545E106CE22CC26CAEF00902E994724
:103F20000544938491812315F1009307803E231665
:103F3000F100A30481002380A400EF60504C13061D
:103F40009100854513055030EF70017817E6FF1F8B
:103F50001306C633D14513057030EF70E176138632
:103F6000C1819D4513056030EF7001761306A100F5
:103F7000894513051031EF702175700089451305CF
:103F80002031EF7061749305000A0D45EF20B05F9A
:103F90009305000A1145EF20105FF9679387072406
:103FA00070009145130570403EC6A30381002304B1
:103FB0008100A304810023050100EF604151130635
:103FC0007100854513050040EF6061503000854564
:103FD00013051040EF60A14F1306A100854513059E
:103FE0002040EF60C14E13069100854513055040F7
:103FF000EF60E14D7D55EF5090137D55EF80102C13
:10400000EFF0CF9F170500001305E5AFEFF0AFEC21
:1040100017E6FF1F13060626D5450145EF50C07F62
:10402000C1671387C189F9171CC3232207001385B1
:10403000C188EF50212203C5040085453921F24093
:104040006244D2440561828041111305800406C692
:1040500097C0FF1FE780A005371700408327870A16
:104060008D451305002093E707202324F70AEFE08E
:104070005FD4EFE09FF9171502001305E572EF001A
:10408000A20BEFF04FAEEFF04FC1EF709111B53DC5
:10409000EFF0BF92EFF0FF95EFF03F9F2945EFF073
:1040A000FF8C97C0FF1FE780805823AC05FE1C41A2
:1040B00091E7010001000CC18280BA8703A787FF46
:1040C0006DFF23ACB7FE82801DC18346E5FF130759
:1040D000F00F9147639EE600411106C697D0FF1F7F
:1040E000E780607EB24081473E85410182809547EE
:1040F0003E85828001E9014582800145B24022442B
:104100004101828095654111938505D022C4C98DF6
:104110002A842105C2054205C181418106C697D086
:10412000FF1FE780E06D71D9FD57232005002312A2
:1041300085002303F5002105D1B71387818A1C432D
:10414000411122C426C24AC006C601440149BA84AC
:1041500089E7A165952D0DC401A803C7E7FF631882
:10416000A7021DC8A165D5249840832784FF631743
:10417000E40223A4F18AFD57232C04FE230FF4FE4E
:104180002285B2402244924402494101828011E0DA
:104190003E8983A787FF6DBF3E84E5BF232CF9FED0
:1041A000D9BFA1CD411122C406C62A849707002099
:1041B00083C7977F2E856375F400894763E887007E
:1041C00021370D45B24022444101828083A785FFFB
:1041D00099E703C7E5FF9307F00F6305F700ED3597
:1041E0001545CDB7238F85FE1385818A7D3D2285B8
:1041F0002244B240A165410189AC1545828023A4C7
:10420000018A82809387018C9C4399E33E8582805A
:1042100003D727006316B70003C70700E308A7FE0C
:10422000DC47E5B7BDCD797122D406D626D24AD077
:104230004ECE01444147B3D78540858BB1CF12059F
:10424000314722953305E5029387018B03A90700C7
:104250008544B3948400C204C180BE892A9903278F
:10426000090011C7032549002EC60297B245314700
:104270003304E40283A709003E941C4489E7232009
:10428000090023220900B2502254A58D02599254EC
:10429000F2492E85456182800504E31EE4F88144DD
:1042A000DDB72E85828041111397050122C406C611
:1042B00026C24AC041872E84635E0700BD3D11C1FE
:1042C0002135A1673D8C2285B240224492440249A7
:1042D00041018280EDD9AA8701474146B356E440A7
:1042E000858A9DCA9207BA97B146B387D70293864B
:1042F000018B03A906008544B394E400C204C18085
:104300003E9983270900032549008297232009004D
:1043100023220900258C45BF0507E311C7FC814412
:10432000D5BF97070020938767649C53411122C42F
:1043300006C61384C18299C782971C403E9523A666
:10434000A18229A09387818B9C43FDF70840B74742
:1043500003009387D73F3305F502B7A7260093875D
:1043600037ECB24022443E9523A6A18241018280CF
:1043700079C99387818B9C43797122D426D24AD004
:104380004ECE52CC56CA5AC806D65EC63A8AB689AE
:10439000328BAE8A2A8982979387018B9843BE8499
:1043A0000144B146C147B30BD40233067701104232
:1043B00051E6C165938505F0414597D0FF1FE78021
:1043C00020441DE5970700209387475A9C5B2D45A5
:1043D00089C71145814582972D45B2502254925488
:1043E0000259F249624AD24A424BB24B456182803D
:1043F0009387018C98431DEF23A0A18C2300050017
:104400009C400547331787002326050023246501B8
:104410002311E50023224501DE9723A0270123A2D3
:10442000570123A447010145E38909FA2380890044
:104430006DB73E875C47F5FF48C7C9B70504E3146D
:10444000F4F6214559BF094582809707002083C7AC
:10445000B755637FF5001387C18A9317150008438A
:104460003E9583570500DD8D2310B5000145828000
:104470000D4582809707002083C717536371F502AB
:104480001387C18A93171500084393C5F5FF3E951E
:1044900083570500FD8D2310B500014582800D4531
:1044A0008280130705FF1377F70FFD4763E5E70ADF
:1044B000B146B306D5029387018B98438947369757
:1044C000184359CB011122CC4EC6054493594500DF
:1044D0003D893315A40013140501418026CA4E8579
:1044E000AE84A2854AC806CE313B2A89814721CDB8
:1044F000A2854E8541379387818B9C43829797078E
:10450000002083D7274F338797022A8481461306DA
:104510000064B3B7970213050732B335E500BE95C3
:10452000EFF0016BB3078500970600209386064CD9
:104530003E87D44263E4A70063E4D7003387D740C3
:104540002324E9008147F2406244D2444249B249FF
:104550003E850561828089473E858280011126CA99
:1045600006CE22CC4AC84EC6BD47894463EDA70299
:1045700031473307E5029387018B9C438944BA97FF
:104580009C4395C305443314A400420441802E8902
:104590000145A2858539AA89814411C5A2850145B5
:1045A000D13D23A42901F240624426854249D244E8
:1045B000B249056182809707002083C7F73E636494
:1045C000F5000145828001119387818B56C283AA31
:1045D000070006CE22CC26CA4AC84EC652C4638DF6
:1045E0000A0A170A0020130A6A4083244A00B747C0
:1045F00036FE938707C8AE899705002083D5853F8F
:10460000BE94B387C5022A8432898146B3B5C502F8
:1046100013850732B337F50013060064BE95EFF03B
:10462000215B63EBA406829A9705002083D5853C25
:10463000B3872503AA84130600648146B3B5250316
:1046400013850732B337F500BE95EFF06158B30715
:104650009500BE8403274A0063E4A70063E4E700F3
:10466000B384E740CE852285713E01C504C505456A
:104670002DA0936504F0C205C181414597D0FF1F6D
:10468000E780001805E5970700209387272E9C5B9D
:1046900081C7A285114582970145F2406244D24408
:1046A0004249B249224A924A056182809387018C2D
:1046B0009C438DE323A0A18C85472326050004C5D8
:1046C0002311350123008500A300F50023220500F6
:1046D00079BFBA87D84775FFC8C7F9BF49C979718B
:1046E00022D426D24AD04ECE52CC56CA5EC662C41E
:1046F00066C206D65AC83689328AAE89AA8441442F
:10470000314C938A018B854C930B0003330B84034C
:1047100003A70A005A971C43B1E79375F400B395B9
:10472000BC0013554440C2055286C1811375F50F74
:1047300059350DC983A70A000145DA9784C323A21E
:1047400037016304090023008900B25022549254B7
:104750000259F249624AD24A424BB24B224C924C25
:10476000456182800504E31374FB2145F9BF0945C7
:104770008280411122C426C24AC006C62A842E89DC
:10478000B284153DCA852285EFF0DFA705CD9705D8
:10479000002083D52526B38795022A84130600645A
:1047A0008146B3B5950213850732B337F500BE9540
:1047B000EFF0014248C00145B24022449244024910
:1047C000410182802145CDBF411122C426C24AC089
:1047D00006C62A892E84EFF0FFA2AA8419C12311EC
:1047E0000500A2854A8579319707002083C7C71B3A
:1047F0006397270183D7418B5D8C239A818A01457A
:1048000091E01945B240224492440249410182801C
:104810009307F00263E6A7044111B14722C43304B1
:10482000F50226C29384018B9C4006C6A29798434A
:1048300089470DC39377F5008545B395F500C2050B
:10484000C181118151379C40A29723A0070023A268
:1048500007008147B240224492443E854101828054
:1048600089473E858280411106C622C4EFF09F9998
:1048700011E50145B2402244410182809387818B3A
:104880009C4300458297970700209387271663680B
:10489000A402D843B74636FE938606C83305A44023
:1048A0003697E378E5FC13070064B335E50203D6D9
:1048B000870081463305E502EFF0813165BFD843BB
:1048C0003A94C1BF411106C623AEA18A0295B240F7
:1048D0009707002023A6A70E014541018280994732
:1048E00063E9B7008A05970700209387670EBE9596
:1048F00088C182804111714681451705002013054A
:10490000250D06C623A0018C23AE018A23AC018AA3
:1049100097C0FF1FE7800019130680028145170525
:1049200000201305650897C0FF1FE780A017EF70F0
:1049300081109707002083C7D70413D527008D8BDC
:104940003E958D473305F502854539051375F50FFD
:1049500097070020238BA70499473305F502130519
:10496000052497D0FF1FE780A0E923A8A18A59C595
:10497000994717060020034646033306F602814591
:104980001306062497C0FF1FE780C0119387018B91
:104990009C439387072423A2F18C17070020034729
:1049A000C7000A07BA9723A6F18AEFF05F850523AF
:1049B0009387418C94439707002083C7F7FE139792
:1049C00027003697170600001306068610C31387C4
:1049D00017001377F70F0A0736971706000013061C
:1049E000C68C10C313873700890793F7F70F8A0720
:1049F00097050020A38AE5FAB69790C3B24041011B
:104A000082809707002083C737FA170700200347E3
:104A1000C7F963F1E7021387418C184393861700A7
:104A200017060020A302D6F893962700369708C3EE
:104A30003E8582809307F00FE5BF1C41638807160F
:104A400041777D8FB706002089476312D716035739
:104A50004500630E0714411122C419462A849305A8
:104A6000F00F690506C697C0FF1FE780C00D054718
:104A70008D476308E5121C4481CB5858994763025F
:104A80000712185C630F07101306C0038145170552
:104A900000201305A5ED97C0FF1FE780A0001306B7
:104AA000C003A28517050020130545EC97C0FF1F22
:104AB000E780C0FB17070020035707EC970700208B
:104AC0009387C7EA19E7130700109706002023957C
:104AD000E6EA17070020034747EA11E7054797066C
:104AE0000020238CE6E817070020035727E911E789
:104AF0006D47970600202393E6E817070020034739
:104B0000D7E711E7154797060020A388E6E61707C1
:104B100000200347C7E611E70547970600202380DA
:104B2000E6E617070020034797E519E703C7F700F4
:104B300097060020A385E6E417070020034747E413
:104B400011E7354797060020238CE6E2170700207F
:104B5000034757E319E71307800297060020A38352
:104B6000E6E2170700200347B7E119E71307D00271
:104B700097060020A386E6E00347840119E71307A0
:104B8000C00397060020238FE6DE9C5791C78297CB
:104B900097070020239EA7E0FD57A38DF1A0993B26
:104BA0008147B24022443E854101828089473E854B
:104BB000828001114EC697090020938929E383A7BB
:104BC000090006CE22CC26CA4AC852C482971309CD
:104BD0000064B335250303DA890081465286330524
:104BE0002503EFE0F17E970700209387E7DB804FF6
:104BF000AA8401456306940233858440636E940061
:104C000003A5490052868146B335A9023305A9029E
:104C1000EFE0117C018D26959707002023A297DAFB
:104C2000F2406244D2444249B249224A056182803C
:104C3000011122CC0A852E844146970502009385F6
:104C4000256706CEEFF04132180806043A94035562
:104C500004FF9707002083D707DAF2406244AA973F
:104C600037450F00130505243355F5020561828091
:104C70009707002083D727D851471D45637CF7024B
:104C8000794719456378F7021307200315456373C5
:104C9000F7021307B0041145637EF70013074006BF
:104CA0000D456379F7001307600909456374F70040
:104CB00013B5B70F8280011122CC06CE2A842EC6EE
:104CC000EFF02FE6B245F240818D33A5A502229583
:104CD00062441375F50F05618280011122CC06CE66
:104CE0002A842EC6EFF0EFE3B245F240818D33A562
:104CF000A50222956244420541810561828001112D
:104D000022CC06CE2A842EC6EFF0AFE1B245F240A7
:104D1000818D33B5A5022295624405618280970793
:104D200000209387A7C4985739CB411122C426C2CB
:104D300006C6BE84029717070020035767C72A8458
:104D400015CBBA876373A700AA87C207C183BA8647
:104D50006373E400A286C206C182958F5147635BEC
:104D6000F700DC5491C38297EF00917A97070020F7
:104D7000239087C4B24022449244410182808280C1
:104D800097070020938787BEDC57011106CEAA85BE
:104D900081C72AC68297B245D1C19C410545A5CF9E
:104DA000DC41B5CB83D78500BDC783D7A500A5C798
:104DB00083C7C500ADE3414617050020130505C3B1
:104DC00097C0FF1FE78080CA97070020938707C21C
:104DD0009C4323ACF18A9707002083C7B7BA8DE7BD
:104DE00093078002170500200355C5C03305F5025F
:104DF00037460F001306062481468145EFE0515DDA
:104E000097070020A380A7B8170500001305A5DAAF
:104E1000EFF05FAB0145F24005618280970700200B
:104E200083C727B6139787016187635407049707E1
:104E3000002023A907B897C7FF1F9387E703170729
:104E400000202325F7BA7D579707002023A2E7BA51
:104E5000B7873200938727A19706002023ACF6B8C6
:104E600097070020238A07B8B7C7004023A4E72686
:104E7000A1BF13F7170005CFB7872003938707D08B
:104E8000170700202328F7B6B707C0A81707002088
:104E90002320F7B697C7FF1F938727011707002026
:104EA0002326F7B497070020238807B431BF617722
:104EB000970600202390E6B481CB930700321707B2
:104EC0000020231AF7B2C9B793072003CDBF011101
:104ED00022CC17040020130464A9084406CE26CA75
:104EE0004AC801E90545F2406244D244424905619D
:104EF00082805C58E5DB185C75D770008545829729
:104F00001844B247E300F7FE9305E00417050020BC
:104F1000035585A697D0FF1FE780808E17070020D6
:104F20002324A7AA61D1170600200356E6A49305FF
:104F3000F00F97C0FF1FE780E0B6814417090020FB
:104F4000130989A69707002083C727A30326090210
:104F500063C1F402328597D0FF1FE780C0960145F8
:104F60009707002023A207A69707002023A007A6E3
:104F70009DBF9705002083D525A0B38795020844DF
:104F8000185C898185043E9508C2029765BF0111AE
:104F900056C2970A0020938A6A9D83A78A0022CC72
:104FA0004AC84EC606CE26CA52C45AC0AA892E8402
:104FB00032896385072203A74A03630707147D47E5
:104FC0006366A714970400209384049E03AA040236
:104FD00063170A0A9565938515E0170500200355A8
:104FE000A59997D0FF1FE780A0819707002023ADE8
:104FF000A79C2A86630A051083A74A0303A58A0093
:105000009705002083D545978981829783A78A00D9
:1050100003AA040217070020232AF79A8947639CF2
:10502000F908C1476312F40E9705002083D5C59493
:10503000938505FC9147B3C5F5028A05D29503C750
:1050400005009307A005631DF70A83C71500639940
:10505000370B4A852286910597C0FF1FE78000A184
:105060009C505285639347150145F2406244D244F7
:105070004249B249224A924A024B05618280D85085
:10508000E38EE7F89565938525E017050020035525
:10509000A58E97C0FF1FE780A0762A8A35C52A868D
:1050A00083A74A0303A58A009705002083D5C58CF2
:1050B00089818297A5B78D47639DF900C147631524
:1050C000F4049705002083D5258B938545FDF19940
:1050D000B5B79147639AF900631834039705002028
:1050E00083D58589A115E5B7C147639FF900A1471D
:1050F00063EC87009705002083D50588C115C1BFE3
:105100009C5052856397470D294585B71307F006D4
:10511000568B6361A70A130A05FE1947334AEA0250
:105120001707002003574785970A0020938ACA87EC
:10513000330AEA023E9A83A74A026395470183A491
:105140000A029DE49305E004170500200355C5827B
:1051500097C0FF1FE780C06AAA845DD583274B03F1
:105160009705002083D545812A86898152858297BB
:1051700091451307A005898193972500A69783C6BB
:1051800007006393E60483C61700639C3603850516
:105190008A052286A6954A8597C0FF1FE780008D65
:1051A00083A70A02E38297EC268597C0FF1FE7805A
:1051B00080715DBD1307E007E368A7F4130A05F9E2
:1051C00085B783D5270045BF83A70A02E38E97F2F0
:1051D000268597C0FF1FE780006F3DB797F7FF1F39
:1051E0009387877C8C538DD191479306A005898343
:1051F000139727002E9703460700E317D6F00346C0
:105200001700631C360185078A072286BE954A85EA
:1052100097C0FF1FE780808581BD83572700C1BFEE
:1052200097F7FF1F93878774984739C79C5FA9C773
:1052300005476313E504411122C417F4FF1F13044B
:10524000A476105006C60DC6485097F5FF1F83D5AB
:10525000A57289818297085097C0FF1FE780A066DA
:1052600097F7FF1F23A2077697F7FF1F23A0077664
:10527000B2402244410182808280011117F7FF1F52
:105280001307C76E4EC68329870022CC26CA4AC898
:1052900006CE52C456C2AA842E843289638A09205B
:1052A0001C5FBA8A99EB2945F2406244D2444249D4
:1052B000B249224A924A056182805C5BEDD7FD4784
:1052C00063E9A70E97F9FF1F9389096E83A7090267
:1052D000B1CB03A58A0083A749026395A706894736
:1052E0006393F408C147E310F4FC17F5FF1F03555F
:1052F000A5689147130505FC3345F5029317250072
:1053000003A509022286CA853E959307A0052300BE
:10531000F500A3009500110597B0FF1FE780007509
:10532000014559B79305E00417F5FF1F0355C56400
:1053300097C0FF1FE780C04C97F7FF1F23A6A76801
:1053400049F995B783A74A0303A6090297F5FF1FFA
:1053500083D585628981829783A78A0017F7FF1F0B
:105360002326F766ADBF8D47639EF400C147E31C5B
:10537000F4F217F5FF1F03552560130545FD9377DC
:10538000C5FFBDBF9147639AF400E31E94F017F583
:10539000FF1F0355655E2115DDB7C147E395F4F0A6
:1053A000A147E3E287F017F5FF1F0355E55C4115C0
:1053B000F9B79307F00663EAA706930705FE1947B6
:1053C000B3C7E70217F7FF1F0357075B17FAFF1F63
:1053D000130A8A5DB387E702BE9983270A02A9CF21
:1053E00083274A02639A370703250A029146130866
:1053F000A005FD5593D72600C207C1831397270048
:105400002A9703460700631D0607834817000356C3
:10541000270063959806B306D64063CF86048507B8
:105420008A072286CA853E95C5BD9307E007E3EC4F
:10543000A7E6930705F979B79305E00417F5FF1F71
:105440000355855397C0FF1FE780803B97F7FF1FE9
:1054500023ACA75651F581BD83A74A0303260A0250
:1054600097F5FF1F83D5455189814E85829797F720
:10547000FF1F23AD37558DBFA300B700B2869DBF78
:10548000B385860017F6FF1F0356064F91051306D6
:1054900006FCE3FAC5E0130634001376C60F1106C6
:1054A000B29623000701A30097002311D70085BF00
:1054B00097F7FF1F9387474F9453BE89A1C203A557
:1054C000090291461308A005FD5593D72600C2078F
:1054D000C183139727002A97034607006316060522
:1054E000834817000356270063989800B306D640F8
:1054F000E3D786F2A300B700B286C1BF8357C700C7
:1055000017F5FF1F034565479305E0043305F502D2
:105510004205418197C0FF1FE780802E97F7FF1F4C
:1055200023A4A74A49FD41B317F6FF1F0356C644FB
:1055300097F5FF1F83C56544B385C5023386860092
:105540001106E3E2C5D681BF0145828083C705000D
:105550002300F50083D72500A300F50083D725009D
:10556000A1832301F50083C74500A301F500114580
:10557000828023A6018C23A4018C828029C1411141
:1055800026C206C622C4AA8401458DC52E84228562
:105590004146970502009385E5FB97B0FF1FE78022
:1055A000E04C83C7040005452306F40083C71400BC
:1055B000A306F400B2402244924441018280014596
:1055C0008280011122CC26CA06CE0947AA843284E1
:1055D0006381E50441468147639BC500638FE60014
:1055E0006397B6000DA841478147638EE600F240FD
:1055F0006244D2443E85056182808A852285BD3F12
:1056000041468A8519A88A85953F41468A85228523
:1056100031A0E39AB6FC2E86A285268597B0FF1F9F
:10562000E780C04DAA87E1B723A4A18C828023A67E
:10563000A18C8280011122CC0354650006CE26CABB
:105640004AC84EC641C083298500AE842A8803C952
:105650000900814713178901618763550702B14724
:10566000054563FA8704511442040355280041801C
:1056700033878900A2864E868545EFA01008B33790
:10568000A00085077D14135569004204058913792C
:10569000F90341802380F400A380A4002381240126
:1056A00023928400014719C01387190098C4094741
:1056B0006383E7000145F2406244D2444249B24963
:1056C000056182800545C5BFC167F917630AF50208
:1056D000D94763F7B702011122CC2EC606CE2A8421
:1056E000EF70905FB2456368B50022856244F24076
:1056F00005616F908077F2406244054505618280C4
:1057000005458280C167F9176314F5006F70D05C9E
:10571000411106C6EF90606411E15D45B240410160
:10572000828091476394F502834705002300F600C9
:105730008347250003471500A207D98F2311F600E0
:105740008347350001452302F6008280114582809F
:1057500039714ED656D25AD006DE22DC26DA4AD825
:1057600052D4AA8A2E8BB28941EF36C6613F914549
:10577000EF701067AA844D492DC9B246054A2380AF
:1057800034010544630A0B00B68513851400029B9F
:105790000505131405014180E20993D9894163D3BA
:1057A0000902C1455685EF904069654905E9338690
:1057B0008400A2852685EFA060452A8905E1310491
:1057C0004204418091472C085685231CF10026CEC7
:1057D000231D8100EF80F0712A8901C963070A0047
:1057E000268597C0FF1FE780000EF25062544A855D
:1057F000D2544259B259225A925A025B2161828094
:10580000BA84014AADBF011122CC26CA4AC84EC68D
:1058100006CE2A893284B689253FAA8405E193877A
:10582000C18C9C4381CF05476317E40003C4090082
:1058300005041374F40FA2854A858297F2406244EE
:1058400026854249D244B24905618280AE8601472D
:105850000546970500009385A5CF75B783D705004A
:105860002300F50083D70500A183A300F5000945B7
:10587000828083D705002300F50083D70500A1832C
:10588000A300F50083D725002301F50083D7250069
:10589000A183A301F5001145828083D70500230071
:1058A000F50083D70500A183A300F50083D7250069
:1058B0002301F50083D72500A183A301F50083C749
:1058C00055002302F50083C76500A302F50003D548
:1058D0008500190542054181828083D70500230098
:1058E000F50083D70500A183A300F50083D7250029
:1058F0002301F50083D72500A183A301F5001145FD
:10590000828083D705002300F50083D70500A1839B
:10591000A300F50083D725002301F50083D72500D8
:10592000A183A301F50003D545001105420541817E
:10593000828083C705002300F5000545828083D758
:105940000500411122C406C62300F50083D70500D7
:105950002E841105A183A30EF5FE83D7250095059E
:10596000230FF5FE83D7D5FFA183A30FF5FE03C652
:10597000F5FF97B0FF1FE780600F03454400B2407A
:1059800022441105410182808947639CF5008347C9
:105990001500034705000145A207D98F2310F60023
:1059A00082801145828003D70500D94763FEE70254
:1059B000011122CC06CE2EC62A84EF70F031B246F9
:1059C00083D70600636DF50022856244F2400147EB
:1059D0000946970500009385A5E8056195BBF2404F
:1059E000624409450561828009458280AE8601478F
:1059F000114697050000938505E899BB03C745004C
:105A00008947631AF702011122CC2A84C84506CEC1
:105A1000AE86014719C52EC69D45EF60210BB246E3
:105A20002A8722856244F240194697050000938533
:105A300005E7056131BB0945828083C745000947F9
:105A4000AE866385E70041476399E7000147214639
:105A5000970500009385E5EEE5B909458280AE869D
:105A60000147314697050000938565E7D5B183C7A7
:105A700045000947AE866385E70041476399E70023
:105A800001474146970500009385A5EBD1B1094533
:105A90008280011122CC2A84884506CEAE8611C5AB
:105AA0002EC69545EF608102B2462A872285624460
:105AB000F2405946970500009385E5E4056149B930
:105AC000B335B000139525008280AE86014761464C
:105AD00097050000938525E6A5B98547114563F430
:105AE000D7028347160083450600A207CD8F2310F7
:105AF000F7009387E6FF2311F70089476386F600D6
:105B0000090650C30145828023220700E5BF011129
:105B100006CE2EC6EF90A02001C9B245F240035533
:105B2000250005616FD04033F24049450561828010
:105B3000A38C018E238C018E23A0018E23A2018EC3
:105B400023A4018E23A6018E23AE018C23AC018CED
:105B500097F7FF1F938787EA370684033707B40058
:105B600090D337C6070098C3130606B83747A0007E
:105B7000D8C3D0D33707100041669306070AB7058C
:105B800050009308060194C723A4170393860501C8
:105B9000930816F8D4C723A61703B706D007B7088B
:105BA0007F001308070513850601410723A8170383
:105BB000B0C3930816009386060513861500D8CB4C
:105BC000F8C323A8070188CF23AE070023AA170331
:105BD00023AC070223AE070223A40704F0C7B4CB0B
:105BE00023AA0704ACCF23AE0705B8D33707A0001C
:105BF000F8D71307000AB8DB1307C01CF8DB370718
:105C00001400B8DF0547F8DF130710F8E8D323A422
:105C1000070623A0070823A2E7088280011126CAED
:105C2000AA84214522CC06CE2E8432C636C43AC27E
:105C3000EFE04FCC1DC9A24612473246930700FD44
:105C40002300F5009947A30095002301F5002303E5
:105C5000D500A303E5002312C500AA85228562446E
:105C6000F240D24405616FE0CFD3F2406244D244A7
:105C70000561828023A0A18E828023A2A18E8280D2
:105C800023A4A18E828023A6A18E8280011122CC22
:105C90004AC806CE26CA2A890144B304890063682B
:105CA000B400F2406244D2444249056182802EC66B
:105CB000EFE02FE793170501C183A183B24523804D
:105CC000F4009307140093F7F70F850463F9B70006
:105CD000CA9709042380A7001374F40F7DBF3E8484
:105CE0007DBFC16717F5FF1F035525DAFD17630454
:105CF000F502411117F6FF1F034646E69385018F13
:105D000006C6EF80D060B240FD5717F7FF1F231E75
:105D1000F7D641018280828009C925151375F50FD8
:105D20001335850E1345150082800145828023902E
:105D30000500C9C6797122D426D24ECE52CC5AC89B
:105D400006D64AD056CA5EC63684328AAE892A8BB7
:105D5000814463F34407B307940083C707001389A2
:105D600014004209939A070193DA0A0113590901B1
:105D700063840A04CA976341FA04B307240183CBFE
:105D800007005E85513F0DC99387FAFF2390F90004
:105D900063906B03130519002295B250225492545C
:105DA0000259F249624AD24A424BB24B4561828063
:105DB000D694C204C18071BF0145C5B70145828038
:105DC000411126C2AE8422C497F7FF1F23A6C7CC79
:105DD00097F7FF1F23A0B7CC97F7FF1F23AAA7CAE7
:105DE0002A8441469305F00F26854AC006C6054918
:105DF00097B0FF1FE78020D56310250597F7FF1F99
:105E0000938747C8884BC145513541469305F00FEC
:105E1000228597B0FF1FE78000D385446318950261
:105E2000224497F7FF1F9387E7C5B2409244024987
:105E3000C847C145410199BD41468145268597B076
:105E4000FF1FE78040D0E31225FD4DBF414681454D
:105E5000228597B0FF1FE78000CFE30395FCB24097
:105E600022449244024941018280411122C426C247
:105E70002E84AA8413060002814517F5FF1F13051F
:105E800065C006C697B0FF1FE780C0C197F7FF1F28
:105E9000A38B97BE97F7FF1F238487CCEFC0107E9C
:105EA000854719C181474945B240224417F7FF1F72
:105EB000230AF7BC924441018280814781CD19C9F0
:105EC0008547631BF50083C7550093E707FCA38252
:105ED000F50085473E85828089476317F50083C7B3
:105EE000550093F7F703E5B70D478547E314E5FE43
:105EF00003C755001377F70313670704A382E50070
:105F0000D1BF81478DC105C103C755009306000C61
:105F100085471377070C6308D700930600048D4765
:105F20006303D70089473E858280411122C4005D0A
:105F300006C626C21DC8AA84085009C597C0FF1FFF
:105F4000E7806098485009C597C0FF1FE780A09779
:105F5000085409C597C0FF1FE780E096228597C0C7
:105F6000FF1FE780409623AC0402B24022449244D3
:105F70004101828009ED97F7FF1F83C7C7B017F56E
:105F8000FF1F1305A5B181CB1385018D828017F505
:105F9000FF1F1305A5B0828017F5FF1F0345A5AEAF
:105FA000828097F7FF1F9387E7ADC847828097F7F6
:105FB000FF1F938727AD884B828097F7FF1F93873A
:105FC00067ACDC4B8843828097F7FF1F938787ABD2
:105FD000D84B1C4385071CC317F5FF1F0345B5AA03
:105FE0009307F00F6305F50091656FE00FC682809F
:105FF000011122CC06CE2E8432C6EF8090629147EA
:10600000B245631FF5009387C18E9C438DC303A3E4
:106010000700630E030022856244F240056102839B
:106020009387418E9C4381C703A34700DDB7F240AD
:106030006244054505618280011122CC2A84035502
:10604000450006CE26CA4AC84EC6EF80B03C35C5CC
:106050002A89834405008349C500C13D4A85EF90E4
:10606000401A03554400EF80105783C7818FB1CB8E
:106070006399970483C5918F2685EFF05FA919E195
:10608000238C018E03554400EF80B0599147631F64
:10609000F5000357440097F7FF1F83D7079F631747
:1060A000F700FD5717F7FF1F2311F79EF2406244D8
:1060B000D2444249B2490561828081499304F00F7C
:1060C0006DB79307F00FE38FF4FA8346640003562D
:1060D0004400034524004E87A685EFF03FB45DB72A
:1060E00079715EC6AA8B2E8552CC56CA5AC806D67E
:1060F00022D426D24AD04ECEAE8A328B368AEF8058
:1061000070317DC1045D2A89E5C09C50614599C309
:10611000130540039C5481C7510542054181630525
:106120000A00710542054181DC5081C75D054205C9
:106130004181EFD03FFC2A8445C96146814597B033
:10614000FF1FE780209697F9FF1F83C9298E63946C
:10615000090083490900930700FD2300F400A947C3
:10616000A30074012301F400230364018C50231263
:1061700054011305840191C908C47146930A44036C
:1061800097B0FF1FE780808E56858C5491C948C414
:106190005146930A450197B0FF1FE780208D568531
:1061A000630C0A0008C87146D285930AC50197B0EE
:1061B000FF1FE780A08B5685CC5099C548C85D4627
:1061C00097B0FF1FE780808AA2854E85EFD07FFDC4
:1061D0002254B2509254F249624AD24A424BB24BD4
:1061E0004A850259456191B3B250225492540259E2
:1061F000F249624AD24A424BB24B45618280011158
:106200004EC6AA892E854AC806CE22CC26CA2E8919
:10621000EF80502021C997F4FF1F83C4248199E0A7
:10622000834405001945EFD0FFEC2A8405CD814554
:10623000194697B0FF1FE780E086930700FD230013
:10624000F400B947A30034012301F4002312240110
:10625000A2856244F2404249B2492685D244056192
:106260006FD03FF4F2406244D2444249B2490561E2
:10627000828039715ECEAA8B2E8526DA4ED652D414
:1062800056D25AD006DE22DC4AD8AE84328BB68A89
:106290003A8ABE8942C6EF80F01721CD2A8941454E
:1062A000EFD05FE52A8431C54146814597A0FF1FA5
:1062B000E780407F17E5FF1F0345457719E1034558
:1062C0000900930700FD2300F400BD472301F400FB
:1062D000B247A30074012312940023046401A304B1
:1062E000540123054401A30534015CC4A285EFD009
:1062F0005FEBF2506254D2544259B259225A925A28
:10630000025BF24B21618280797126D2AA843945E1
:106310004AD04ECE06D622D42EC6B2893689EFD0C8
:106320007FDD21C1B2459307000D2310F500B14771
:106330002A842312B5002301F500CE8519051946DC
:1063400097A0FF1FE780807223062401A2852254B4
:10635000B2500259F24913F5F40F925445616FD0CF
:106360005FE4B250225492540259F249456182804E
:1063700017E7FF1F034737719307F00F630DF70609
:10638000411126C2AA84394522C406C64AC0EFD0AC
:106390007FD62A8439C9930700FD2300F500A300A6
:1063A00095002301050097E5FF1F9385256F0D05D7
:1063B000194697A0FF1FE780606B17E9FF1F1309BD
:1063C000696C83578900A28517E5FF1F0345B56BEC
:1063D0002315F400834719002306F4002244B24039
:1063E0009244024941016FD0DFDBB2402244924423
:1063F000024941018280828001115AC02A8B3145B5
:1064000026CA4EC652C456C206CE22CC4AC8AE8454
:10641000B28A368ABA89EFD0FFCD35CD2A84268557
:10642000EF80407F11C50347C500A1476314F704FF
:1064300017E9FF1F03493965930700FD2300F400A6
:106440009D47A30064012301F40023129400231349
:1064500054012314440123153401A2856244F240FF
:10646000D244B249224A924A024B4A8542490561C6
:106470006FD03FD317E9FF1F0349996EE31E0BFA54
:10648000938701A09C439C47C5DBCE865286D68568
:106490002685829755B7F2406244D2444249B249B8
:1064A000224A924A024B05618280011122CC2A8441
:1064B000214506CE2EC6EFD0FFC321C1B2459307BA
:1064C00000FD2300F500C5472301F50083C7350013
:1064D000A301F50083D745002312F50083C76500AB
:1064E0002303F50083C77500AA85A303F500228561
:1064F0006244F24005616FD0DFCAF2406244056138
:106500008280397162CC2A8C594526DA4AD84ED617
:1065100052D456D25AD05ECE06DE22DCAE8432C6CB
:1065200036C4BA8B3E8BC28A468A8359010403491A
:106530004104EFD03FBC25C93246930700FDA24677
:106540002300F5009547A301C500A30085012301A1
:10655000F5002A8419461105A9C2B68597A0FF1F28
:10656000E780C05023066401230A24012315740127
:10657000231754012318440123193401A2856254BE
:10658000F2504259B259225A925A025BF24B624C73
:106590002685D25421616FD0DFC0814597A0FF1FAF
:1065A000E7804050C1B7F2506254D2544259B259B8
:1065B000225A925A025BF24B624C2161828097E729
:1065C000FF1F83C7474C8DCB4111AA851946138500
:1065D000018D06C697A0FF1FE78040499385018D76
:1065E00017E5FF1F0345254AEFF03F8DB2401385A5
:1065F000018D41016FC010090145828017E7FF1F1F
:10660000034777489307F00F6305F708411126C247
:10661000AA84294522C406C6EFD0DFAD2A8429C149
:10662000930700FD2300F500A1472301F500A30017
:10663000950097E7FF1F9387E74483C7270093855B
:10664000018D1105A30FF5FE194697A0FF1FE780E6
:10665000E041A28517E5FF1F0345F542EFD07FB467
:1066600017E7FF1F034727428D47631FF7009387F4
:10667000818E9C4391CB03A38700630703002244D0
:10668000B240924441010283B2402244924441010B
:10669000828017E7FF1F0347073F8D47631AF70004
:1066A0009387818E9C4389C703A38700E31D03FC66
:1066B0008280797122D406D626D24AD04ECE52CCD0
:1066C000094455CD2A89035505002E8A5144EF808F
:1066D0006054AA844DC597E7FF1F83C76748FD171D
:1066E00093F7F70F05474944637BF7080347C50055
:1066F000A1476314F70063140A089C5C4544C1E396
:106700009165938545711305C00297B0FF1FE7801F
:10671000200F88DCAA894D443DC11306C002814583
:1067200097A0FF1FE7800038835709009386490030
:1067300036852391F90071469305490036C697A026
:10674000FF1FE780A03289472380F90003C5C400FA
:10675000B24603560900611597E5FF1F83C5054042
:1067600013351500EF90406D2A8463060A00D28528
:106770002685EF80F05701C42685EFF00FFB2285B8
:10678000B250225492540259F249624A45618280C1
:1067900097E7FF1F83C7C73CFD1793F7F70F054720
:1067A000637AF708894741CA011122CC26CA4AC830
:1067B0004EC652C406CEAA89368AB2842E89EF808C
:1067C00060452A84D14739C9485509C597B0FF1F8C
:1067D000E780600FF145268597A0FF1FE780E02E38
:1067E00048D4CD4705CD8346C40021478147639FE8
:1067F000E600630D0A000347A50103560501930651
:106800002501AA854E85EF803056AA8703474400AC
:10681000630F0900136767002302E400F24062443B
:10682000D2444249B249224A3E85056182801367BB
:106830004700DDB7C9473E8582809307200463EB9C
:10684000A70097E7FF1F9387671B06053E95035533
:106850000500828041657D158280011122CC2A8449
:106860002E8526CA06CEAE84EF80C03A1DCDB7472E
:106870000F009387F723094563E4870281450A8562
:10688000414697A0FF1FE780E021A68523108100E5
:106890000A85418023018100A3010100EF9060453A
:1068A000F2406244D244056182804945D5BF97E7F2
:1068B000FF1F2386A72A82806F902052797152CCC5
:1068C0002A8A328522D426D24AD04ECE56CA5AC8F7
:1068D0005EC606D662C4AE8BB28A368BBA843E8957
:1068E000C2894684EF80003315C92A8C63140A02DA
:1068F00013774B008347450015CF93E72701230209
:10690000FC008DEC631C0902639A090205E8ED9B0B
:106910002302FC00832B8C0363910B08B25022549A
:1069200092540259F249624AD24A424BB24B224C2B
:1069300045618280F59B93E70701D1B793E7470054
:106940002302FC0001CC1C484146A2852324FC0202
:1069500013058C0197A0FF1FE780401163930B0282
:10696000D5D80325CC0209C597B0FF1FE780A0F555
:10697000F145268597A0FF1FE78020152326AC024E
:1069800051BFE30909F80325CC0209C597B0FF1FE1
:10699000E78060F3F1454A85F1BF9DC483A70B02F0
:1069A00099EB916593853571714597B0FF1FE7802D
:1069B00020E523A0AB0203A50B0219C57146A685ED
:1069C00097A0FF1FE780800A6388090283A74B0214
:1069D00099EB9165938525715D4597B0FF1FE78021
:1069E00020E223A2AB0203A54B0219C55D46CE856A
:1069F00097A0FF1FE78080071DC483A78B0299EB38
:106A0000916593851571514597B0FF1FE78040DF71
:106A100023A4AB0203A58B0219C55146A28597A0FA
:106A2000FF1FE780A0042254B2509254F249B24BA7
:106A3000224CCA865A860259424BD6855285D24A82
:106A4000624A45616FF0CFE9011126CA52C406CEF1
:106A500022CC4AC84EC62A8AAE84EF80A01B25C528
:106A6000AA893945EFD00FE92A8431CD17E9FF1FF4
:106A70000349C9FB6314090003C909009307000D0A
:106A80002310F400AD472301F4009385690013053A
:106A90003400194697A0FF1FE78040FD93F71400CC
:106AA000858085882306F400A306940023154401FD
:106AB000A2856244F240D244B249224A4A85424900
:106AC00005616FD00FEEF2406244D2444249B249B0
:106AD000224A0561828001114EC652C456C206CEBA
:106AE00022CC26CA4AC8AA8A2E8AB289EF8080128E
:106AF0002DCD2A891305C002EFD0CFDF2A8435C5FA
:106B000097E4FF1F83C484F299E08344090093074C
:106B1000000D2310F400E9472301F40093056900F8
:106B200013053400194697A0FF1FE78020F4D28593
:106B3000231554011305C400414697A0FF1FE780A9
:106B4000E0F2CE851305C401414697A0FF1FE78000
:106B5000E0F1A2856244F2404249B249224A924A97
:106B60002685D24405616FD0CFE3F2406244D2441F
:106B70004249B249224A924A056182809387818DB7
:106B8000884301CD411106C697B0FF1FE780A0D30F
:106B9000B24023AC018C410182808280011106CE7B
:106BA00022CC26CA4AC82EC6EF80C00639CDB245CF
:106BB00017E9FF1F034989E7AA840CD5631409006C
:106BC000034905004145EFD0EFD22A841DCD93073C
:106BD000000D2310F500A5472301F50083C75400DD
:106BE000938564001105A30FF5FE194697A0FF1FBA
:106BF000E780C0E79C54A285F2405CC46244D24462
:106C00004A85424905616FD0CFD9F2406244D244EF
:106C10004249056182801D71A2CC86CE2A842EC68F
:106C2000EF70507F05CD8346C5001147AA874945BF
:106C30006392E6029C5FB24599C383C5670123084E
:106C4000B10097A600009386A61B100889452285EF
:106C5000EF80D000F6406644256182805145DDBF5B
:106C600097E7FF1F83C7C7EFFD1793F7F70F054798
:106C7000637AF704894721CA411122C426C24AC057
:106C800006C6B2842E89EF70F0782A84D14705C5F4
:106C9000630809008347450093E727002302F500B6
:106CA0004146A6851305840197A0FF1FE78000DCFD
:106CB0009C481CD48147B2402244924402493E85FC
:106CC00041018280C9473E858280797122D406D6EF
:106CD0002A842EC6EF70107401CDB2452285230E92
:106CE000B1006C08EF80407DB25022544561828033
:106CF0005145DDBF6F80E007C1671387E7FF6394ED
:106D0000E5029387418E9C4391EB4945828049453A
:106D1000B2402244924402494101828003A3070009
:106D2000E30503FE0283411122C426C24AC006C6FF
:106D3000FD172A892E84B2846395F5029387418ECC
:106D40009C4391CB9C4381CB829711E5238C218F6F
:106D5000A38C918E75BFA6854A85EFE05FDB4DF968
:106D6000F5B72E85EF70106B5DD1834705000D459B
:106D7000E39027FB22852244B2400249A685924433
:106D800041016FC0600D9307200463E2A706411123
:106D9000C16722C406C626C2FD172A84094563823C
:106DA000F502C547AE846313F4022E85EFC00012CE
:106DB00017E5FF1F130585C406042A9423109400C9
:106DC0000145B24022449244410182809307A003CE
:106DD0006316F4002E85EFC0E008D9BF9307B00317
:106DE000E318F4FC13F5F50FEFC00008D1B709451F
:106DF0008280011106CE2AC6EFE09FD3EF2040101B
:106E0000EF108060EF40E176324597E7FF1F9387F0
:106E100067C7130700F02391E700238207007D571F
:106E200097E7FF1F938787D32381E7002380A7007D
:106E3000F240954505616F60C075597193970501E2
:106E4000CAD086D6A2D4A6D2CECED2CCD6CADAC8E2
:106E5000DEC6E2C4E6C2EAC06EDEC1872E8963D117
:106E6000075A17E5FF1F034565CFEFD00FAD8964C3
:106E7000416A856A797B2A84938BD4007D1AA50A9E
:106E8000130CABFF1DE021653345A900B650265415
:106E900096540659F649664AD64A464BB64B264C96
:106EA000964C064DF25D65618280834704001307AE
:106EB000200A639DE7000355240097E9FF1F83C95B
:106EC00099BC2286D285EFF0AF9259A21307100920
:106ED00097E9FF1F83C9A9C86398E718834714007F
:106EE00015476390E7022285EFF00F952285EFD0DA
:106EF000AF9D17E5FF1F034565C6EFD00FA42A8499
:106F000051B73947639BE71803554400631B550588
:106F10000C4483CC0500639D0C00850591C919467E
:106F200017E5FF1F130585B797A0FF1FE78000B483
:106F300017E7FF1F034707B585476317F712638AF3
:106F40000C0097E7FF1F238F07B26685EFF04FC253
:106F500071BF894717E7FF1F2306F7B2EFB05072E2
:106F600071B793872400631AF506832C8400638D20
:106F70000C0E83C70C008DE383C72C0003C71C00D5
:106F8000A207D98F17E7FF1F2312F7B083C73C0072
:106F900017E7FF1FA308F7AE17E7FF1F034787AEEA
:106FA00089476313F70C83C70C0081CB97E7FF1F5A
:106FB000238A07AC03C50C0051BF8D4797E5FF1F1F
:106FC00083C555AC17E5FF1F035545AC17E7FF1FF9
:106FD000230AF7AAEF60E05EF1BF938754006318BD
:106FE000F5001C4403C50700EFF04FE101B7B307FC
:106FF0008501C207C18311476372F7049307ABFC95
:10700000AA97139707014183F14763F1E70293873A
:10701000B4006312F5049387018E9C43E38807EC68
:107020009C43A285E38407EC82971DA0B707001854
:107030009387F770B3D7E700858BB9CB9387818EA1
:107040009C43E38507EA9C43E38207EA2285829713
:10705000E31E05E811A89387C4006310F5021C44E1
:1070600083C70700E38407E89307F00FE380F9E89C
:10707000A2854E85EFD0EF92ADBD9387E4006319F2
:10708000F5009387418E9C43E38207E6DC4351BFC2
:1070900093871404E301F5F8C1BF3D476397E70404
:1070A00003554400E30F75FD93879401E30BF5FC52
:1070B00093873401E31AF5FA97E7FF1F83D7E79C1C
:1070C000639E47019387418E9C43E38107E2DC4343
:1070D000E38E07E0A28513853401B9B79387C18E8B
:1070E0009C43E38507E09C43E5B71307E003E39D7A
:1070F000E7F68347240005476397E70E834764005C
:10710000938D818DF1E383A70D00D5CB83CC070050
:10711000A14903457400130D8400EA85EFE07FDE8A
:1071200083474401A303A400835804010358E400E7
:10713000035744002A86034534003EC28357240186
:10714000EA86E6853EC0CE87EFF0AFBB83473400CA
:1071500095E7DD47835804010358E4008346740033
:10716000835544003EC2835724016A8705463EC0CA
:107170006685CE87EF703061A301A40083A70D0060
:1071800081C71145EFF09F9F03C5818FE30005D6AE
:1071900083C5918FEFE0BF97E30A05D4834634009F
:1071A00093071003638AF600035644004E8783C595
:1071B000818F3685EFE09FA6238C018E05BB97EC6F
:1071C000FF1F83CC5C8CA9B79387818E9C4397EC7F
:1071D000FF1F83CC5C8B91498DDFDC439DDB8145B8
:1071E000014582973DB729476391E70C83476400C7
:1071F000138D818DC1E783270D00A5CF83CC0700B8
:10720000A149034574009306840093772500D1C7F4
:1072100013761500930D4401834704028358C4017B
:107220000358A40103574400034534003EC283576A
:10723000E401E6853EC0CE87EFF0AFAC8347340073
:1072400095E7DD478358C4010358A40183467400C1
:10725000835544003EC28357E4016E8705463EC015
:107260006685CE87EF703052A301A40083270D00FE
:1072700001BF97ECFF1F83CC1C8159B79387818E88
:107280009C4397ECFF1F83CC1C809149BDDBDC4302
:10729000ADDB814501458297ADB7B68536CEEFE0CF
:1072A0005FC6F2462A86B68D85BF0947639DE70013
:1072B0009387018E9C43E38B07C2DC43E38807C2BC
:1072C0002285829725B12D476399E7009387018E28
:1072D0009C43E38D07C09C47D5B70D476397E700F4
:1072E00022868D4503554400F9BE19476395E7068C
:1072F0009305610213051031EF40412D2C10130549
:107300002031EF40A12C03566400835781020355BE
:10731000440063E8C700835684000357610263F7A3
:10732000E60093050002EFB07039C9B66374E60059
:107330002313E40063F4D7002314F4000357C400BC
:107340008356A40003568400835564000148814796
:10735000EFB0903661BE1D47E388E7D031476395B3
:10736000E7002286B145BDBF35476399E7009387A3
:10737000018E9C43E38C07B6DC4789B73947639697
:10738000E7002285EF00D00395B63D476399E700FB
:107390009387018E9C43E38B07B49C4B05B7414711
:1073A0006396E7002285EF00900C89B64547639607
:1073B000E7000145EF00701B15BE4947639EE700DB
:1073C0009387818E9C43E38107CADC43E38E07C821
:1073D00081450545829749B94D47639DE7009387ED
:1073E000818E9C43E38207C8DC43E38F07C6A285F6
:1073F0000945CDB76147E399E7C62286E145DDB58A
:1074000093F7150081CF9387018E9C4389C7DC4396
:1074100099C301458297134519008DBC93F7250048
:1074200089CF9387818E9C4391C7DC4381C7814577
:10743000054582971345290091BC93F74500014506
:10744000E38607A49387C18D9C4399CF854717D7BF
:10745000FF1F230BF7629387818E9C4391C7DC4308
:1074600081C781450545829797D7FF1F938787611D
:10747000C8472C10EF8040742810EFF04F9497D736
:10748000FF1F83D7C75981CF130600643386C70215
:10749000914517D5FF1F0345656CEFD0CF9113457C
:1074A0004900EDB2011122CC2A84554506CE26CAE8
:1074B000EFF0AFB8AA8413054002EFF00FB82AC668
:1074C00013055002EFF06FB7AA8622856244324658
:1074D000F240B3359000D24405616FB090257971C8
:1074E00022D406D68D472E84631FF50003D7A5004E
:1074F00083D6850003D665000345340083D5450057
:10750000EFE09FEF09A889671387D7006310E504B0
:1075100003C5250019E58547B25022543E854561D3
:1075200082809387818D9443FDD603C6360083C540
:107530000600814802C202C0014881470147910606
:10754000EFE03FFC0545EFF06FE3F1B71387E7008D
:10755000E303E5FC13873701631AE50003C5250043
:107560005DD9014781460146814559BFE507E304DE
:10757000F5FAB1476319F50017D5FF1F0345B5505C
:10758000EFE0BFF249BF41677D178147E316E5F899
:1075900003C75500C947E310F7F883D6E50003D6C3
:1075A000C5000355840083D5A500EFB0901941C9EB
:1075B0005D45EFF08FA83335A000231CA100834563
:1075C0004400035524003008EF70C05583578101F3
:1075D000B9F36C0813051031EF30517F9305E101C9
:1075E00013052031EF30917E8357C101035784008A
:1075F0006374F7002314F4008357E1010357A400D8
:1076000063F4E7002315F400835784000357A400B4
:107610006374F7002315F40003552400EFB030170E
:107620000357E4008356C4000356A4008355840026
:107630000355240001488147EFB01006E9BD854796
:10764000231CF100ADBF17D7FF1F034797519307C6
:10765000F00F6309F70859C5411122C426C206C6B6
:10766000AA840345A5004105EFC0DFA82A8435C5DB
:107670009307000D2310F500D9472301F50083D7A8
:1076800044002312F50083C764002303F50083C779
:107690007400A303F50083C784002304F50083C7A7
:1076A0009400A304F50003C6A4002305C5001DC271
:1076B000CC44410548C49790FF1FE780203BA2853A
:1076C0002244B240924417D5FF1F0345954941011A
:1076D0006FC03FAD23260500DDB7B240224492447F
:1076E000410182808280C1671387E7FF639DE500C7
:1076F0009387818D9C4395C383C707000D47639C87
:10770000A7006FB0A078FD1749476396F5009387EF
:10771000818D9C43FDF73A8582804947EDBF7971A1
:1077200022D406D626D24AD04ECE52CC56CA5AC8F9
:107730000347050085472A84630AF704034685004A
:10774000930695009305E1000545EFE04FDE814784
:1077500019C1834705008346040011476380E6048E
:107760001387819018438D46034717006308D7029B
:1077700095C70DC719ED0145B250225492540259D4
:10778000F249624AD24A424B4561828081470145B3
:10779000D9B785466318D7028D8BF1DF03451400F6
:1077A000130A2400D285EFE0CFF5A300A4001389CB
:1077B000C19083270900AA8A81499304F00F99EBAD
:1077C00005455DBF8946E318D7FA858BF9B785096A
:1077D00093F9F90F83C7419063FDF902032509006E
:1077E000139B49005A9583470500E38297FE834720
:1077F0001500E39E57FD1946D28509059790FF1F96
:10780000E780C02F69D58324090003470400DA9478
:1078100085EC834604009147E38FF6F48327090043
:10782000B9DB03C6419001479305F00FE305E6F489
:10783000BE84C10703C507FF630EB50A05071377AA
:10784000F70FEDB788C4F5A09147631AF706C8444F
:1078500005C583478400034605006304F606034715
:1078600004009147631DF706C84419C597A0FF1F80
:10787000E780600523A60400034584009165938595
:10788000E571050597A0FF1FE78080F705C5034751
:1078900004009147631EF704C8C48347840093051E
:1078A00094000505A30FF5FE034684009790FF1F83
:1078B000E780C01B034584003335A00075BD8844B4
:1078C00041BF9305940005059790FF1FE7800023B3
:1078D0008547E316F5F85545EFE03FF6BDA8884427
:1078E00041DD97A0FF1FE78000FE23A4040069B7D5
:1078F00088C465B72380D40083471400D2851385DC
:107900002400A380F40019469790FF1FE78000161B
:107910000345840091659385F571050597A0FF1FC8
:10792000E78000EE05C5034704009147E31CF7F02C
:10793000C8C483478400930594000505A30FF5FE92
:10794000034684009790FF1FE7804012834784001E
:10795000E39807E6034504007D151335150029BD9E
:10796000797122D426D24ECE52CC06D64AD056CAEF
:107970005AC82A849309250003451500CE859384AF
:107980008190EFE00FD8A300A4009C400D472A8A05
:1079900083C71700639BE7001389C1908327090001
:1079A000814A63910718054535A0FDD7144C03465D
:1079B00074019305E1000545EFE06FB71DC99840DC
:1079C00085468347050003471700631FD7008D8B4B
:1079D000E1F70145B250225492540259F249624AE9
:1079E000D24A424B456182808946858BE316D7FA9D
:1079F000C5B78347040011476385E7002D47E39A25
:107A0000E7FC9384C1909C40E9D7814A01491DA8B5
:107A10008840139B4A00834704005A95034705009A
:107A20006311F70283471500639D47011946CE8510
:107A300009059790FF1FE780600C01C503A90400AA
:107A40005A99850A93970A0103C74190C183E3E1DC
:107A5000E7FCE31309F4B5BF93944A002695034766
:107A6000050083470400631EF70A83471500639AE5
:107A7000470B1946CE8509059790FF1FE780000840
:107A80004DC1832709001147BE94834704006385D5
:107A9000E7002D47639DE70203AAC40083477401F2
:107AA00003460A006308F602528597A0FF1FE7808D
:107AB00080E10345740191659385E571050597A003
:107AC000FF1FE780E0D315E5E39F04ECADA003AA18
:107AD0008400E9B70C4C13051A009790FF1FE7804C
:107AE000E0018547E312F5FC5545EFE01FD569DD60
:107AF000CDB58347040011476385E7002D476390A8
:107B0000E702C8C4834774010505A30FF5FE0346C9
:107B100074010C4C9790FF1FE78040F575B788C43F
:107B2000D5B7850A93970A0103C74190C1830325FE
:107B30000900E3E3E7F283C6419003270900814788
:107B40001306F00F11A8BA844107834507FF638A23
:107B5000C5008507C207C183E3E7D7FEA9B588C47E
:107B600099A083470400CE85138524002380F40068
:107B7000834714001946A380F4009790FF1FE78005
:107B8000E0EE0345740191659385F571050597A0B5
:107B9000FF1FE780E0C6E30805E0034704009147C4
:107BA000E31FF7FAC8C4834774010505A30FF5FE68
:107BB000034674010C4C9790FF1FE78020EBE5B360
:107BC00017D7FF1F0347F7F99307F00F6300F70A72
:107BD00051CD411126C2AA84514522C406C64AC0CD
:107BE000EFC04FD12A842DCD9307000D2310F5004F
:107BF000D5472301F50083C7340013898400CA8563
:107C0000A301F50083D744002312F50083C7640065
:107C10002303F50003C57400EFE0AFAEA303A40097
:107C2000CA851305840019469790FF1FE78000E47A
:107C300083C7E400A28517D5FF1F034595F22307EC
:107C4000F40083D704012318F40083C72401230917
:107C5000F4002244B2409244024941016FC06FD403
:107C6000B24022449244024941018280828017D767
:107C7000FF1F034717EF9307F00F6304F70431C1A9
:107C8000411122C42A84194506C6EFC0AFC6AA8591
:107C90000DC59307000D2310F500DD472301F50006
:107CA000835744002244B2402312F50017D5FF1F2A
:107CB000034535EB41016FC0CFCEB24022444101B4
:107CC00082808280011122CC1384C1901C4006CE98
:107CD00026CA4AC84EC652C499CF2E8AAA840149E0
:107CE000084063129902630C0A0497A0FF1FE78003
:107CF00080BD23A60190F2406244D2444249B24979
:107D0000224A0561828093194900B30735018847EB
:107D100009C997A0FF1FE78000BB1C40CE9723A492
:107D200007001C40CE97C84709C997A0FF1FE780EE
:107D300080B91C40BE9923A60900050955B745DD49
:107D40001396440081459790FF1FE780A0D514400B
:107D500081477D5613F7F70FE37F97F81397470096
:107D600036972300C7008507F5B7011152C4138A5F
:107D7000819083270A0006CE22CC26CA4AC84EC666
:107D800056C25AC0C9CF2A89014419ED9387C190C0
:107D9000944399CA03C641902A8481479305F00F02
:107DA00013F7F70F6367C708131534002105EFC0F9
:107DB0006FB4AA8401E92145EFC0CFB3AA8421C5DD
:107DC00001444D49930700FD2380F4008547A380BB
:107DD00024012381F400A38184005DC413898400FD
:107DE00023A224018149938AC190130BF00F83C70A
:107DF000419063F3F90031E883270A00A68503C5A3
:107E00000700EFC00FBA814503C54190653D0325CA
:107E10000A0097A0FF1FE78000AB23A40190F24067
:107E20006244D2444249B249224A924A024B056115
:107E30008280139747003697034707006305B70012
:107E400005041374F40F8507A1BF83A70A00939557
:107E50004900BE9583C70500638467032300F900CA
:107E600083C71500130529007D14A300F9001946E6
:107E700089051374F40F9790FF1FE78020BF210935
:107E8000850993F9F90FA5B723A20400B5B7938725
:107E900081909C43B1C7411122C406C62A841DE1CA
:107EA0000945EFE09F992A8601C9854517D5FF1F2F
:107EB0000345C5CAEFC02FF00545EFF0AFDE2A84B9
:107EC000054519C8854517D5FF1F034525C9EFC0CE
:107ED000BF8F2285593D0545B24022444101828031
:107EE0000145828089679386B7006316D5009C455B
:107EF00003C5070069BF9386C7006318D5009C457A
:107F0000854603C5070019C9F5B793861704E30032
:107F1000D5FE938727048146E303F5FE36858280EC
:107F2000797106D622D426D24AD04ECE52CC56CA29
:107F30005AC85EC679C983473500AA8985C74041BA
:107F400015C05945EFE07F8F931A850193DA8A4176
:107F50000149138A8190130B000DB54B83C739007B
:107F6000636DF900B250225492540259F249624AA8
:107F7000D24A424BB24B456182808307840263CD73
:107F8000570783270A00ADCB2285EFF04FF92DC5A7
:107F9000034584005105EFC0EF95AA8431CD23102D
:107FA00065012301750183470400194693052400E8
:107FB000A301F5008307840215052303F500834719
:107FC0001400A30FF5FE9790FF1FE78020AA034639
:107FD00084002386C4001DC61385440188C8930508
:107FE00094009790FF1FE78060A883270A00A6856A
:107FF00003C50700EFC0EF9A050913049402137933
:10800000F90FA9BF23A80400CDB7938781909C43A3
:10801000B1DBEFF09FD52254B25092540259F2498D
:10802000624AD24A424BB24B014545616FF08FC75D
:10803000797106D622D426D24AD04ECE52CC56CA18
:108040005AC85EC671C183473500AA8985C74441B5
:1080500095C05945EFE06FFE931A850193DA8A4186
:108060000149138A8190130B00FDC14B83C739006E
:10807000636DF900B250225492540259F249624A97
:10808000D24A424BB24B456182808387F40063C879
:10809000570783270A00A5C75145EFC0AF852A843B
:1080A00039CD23006501A30005002301750183C7B5
:1080B0000400194693852400A301F5008387F4008A
:1080C0001505A306F50083C71400A30FF5FE9790CE
:1080D000FF1FE780A09983C7840093859400130550
:1080E000C400A305F40019469790FF1FE78000988D
:1080F00083270A00A28503C50700EFC08F8A050900
:10810000C1041379F90F9DB7938781909C43BDD328
:10811000EFF0BFC52254B25092540259F249624A5C
:10812000D24A424BB24B014545616FF0AFB75D712A
:1081300086C6A2C4A6C2CAC04EDE52DC56DA5AD8DF
:108140005ED662D466D26AD06ECE630C05268347B3
:1081500035002A898DCB40411DC45945EFE0EFED34
:1081600093178501E1873EC6814493898190130A64
:10817000000DC94B054CB54C130D00FDC14D834797
:10818000390063E1F402B640264496440649F259A8
:10819000625AD25A425BB25B225C925C025DF24D43
:1081A000616182808307C400324763C6E71683A7F4
:1081B000090063820716034B040093770B01CDCFB0
:1081C000CD47631EFB06230004002285EFF04FF924
:1081D000630305148347040011476363F71463992D
:1081E000870D5145EFB01FF1AA8A630605122300DF
:1081F000A501A30005002301B501034704001946AA
:1082000093052400A301E5000307C4001505A30698
:10821000E50003471400A30FE5FE9790FF1FE780DA
:10822000E08403470401194693051401A385EA007D
:108230001385CA009790FF1FE7804083F1A0D547C0
:108240006318FB0085472300F400A30B0400B5BFAF
:10825000F547E309FBFEC9476316FB008947230086
:10826000F400A5B7C1476314FB008D47CDBFED47B0
:10827000E31DFBF49147E5B793778B0099C3AD47B6
:10828000F9BF93761B0093774B0091C699C395472E
:108290005DBFA147E9B793762B0091C699C3A54767
:1082A0005DB799476DBF99C3A94755BF9D4745BF66
:1082B000034574015105EFB0FFE3AA8A29CD2310CD
:1082C0004501230195010347040019469305240045
:1082D000A301E5000307C40015052303E5000347D8
:1082E0001400A30FE5FE9780FF1FE7802078034668
:1082F00074012386CA0019C613854A0123A8AA005F
:108300000C4C0DBF23A80A0003A70900D68503451E
:108310000700EFB01FE98504710493F4F40F85B5ED
:108320000345740113050502EFB0DFDCAA8A65D5A9
:1083300023104501230175018346040013770B06C2
:108340001946558FA301E500034714009305240047
:108350001505A30FE5FE9780FF1FE78020710347F7
:108360008400194693051401A385EA00034794008D
:1083700013853A012386EA000347A400A386EA0096
:108380000347B4002387EA000307C400A387EA0079
:108390000357E4002398EA00034704012389EA0015
:1083A0009780FF1FE780806C03467401A38CCA008E
:1083B00011C613850A0223AEAA0099B723AE0A009C
:1083C000A1B7938781909C43E38F07DAEFF0FF9981
:1083D0002644B64096440649F259625AD25A425B44
:1083E000B25B225C925C025DF24D014561616FF00F
:1083F0006F8B97C7FF1F83C7A776A18B1385C18F8C
:1084000091E301456FD07F8723820190FD5717C705
:10841000FF1FA308F77423A6019023A4019097C718
:10842000FF1F93872768170700001307E7AB98C360
:1084300017070000130707AFD8C31707000013077B
:1084400067BF98C7170700001307A7CED8C717F74D
:10845000FFFF1307871F98CB9387C18F17F7FFFF85
:108460001307A72898C317F7FFFF13078707D8C379
:108470008280411122C485452A8403C5419006C6E5
:10848000EFF05F8497C7FF1F83C7876DA98BB5CBBC
:1084900017C5FF1F1305056123828190EFD08FFD63
:1084A0001384C1901C4091C74D45B2402244410104
:1084B000828003C5419019E10145C5BF916593854F
:1084C000B57112059790FF1FE780803323A6A19016
:1084D00061DD03C64190120681459780FF1FE7804A
:1084E000605C104083C641908147FD5513F7F70F3C
:1084F000E374D7FC1397470032972300B700850732
:10850000F5B7014523820190EFD0CFF675B7938779
:10851000C18D884301CD411106C69790FF1FE780AA
:10852000803AB24023AE018C4101828082800111E9
:108530001305700306CEEFE04FB02AC61305800383
:10854000EFE0AFAF2AC413059003EFE00FAF224670
:10855000B245F240AA86054505616FA0D01C5D7149
:108560001305D00386C6A2C4A6C2CAC0EFE0EFAC12
:108570002A841305C003EFE04FACAA841305E0037F
:10858000EFE0AFAB2A891305F003EFE00FAB8A876A
:108590001377F50F9376F90F13F6F40F9375F40F25
:1085A0000545EFA05019B64026449644064961613E
:1085B0008280757122C51384C18D1C4006C726C3F5
:1085C0004AC1CEDED2DCD6DADAD8DED6E2D4054530
:1085D0006388070E9305F1051305F041EF10910A2A
:1085E0009305F1051305F041EF10D1098346F1051C
:1085F00017C7FF1F03472749B337E00091C2890718
:108600001840BEC60345370093054700EFD0FF8AE8
:108610001840AAC40D4583452700AEC2EFE0EFA184
:10862000AAC01145EFE06FA100402ADE654503476F
:10863000A400034CB4003ADCEFE02FA0AA84694503
:10864000EFE0AF9F2A897145EFE02F9FAA896D4522
:10865000EFE0AF9E2A8A7545EFE02F9EAA8A794502
:10866000EFE0AF9D2A8B13050004EFE00F9DAA8B6E
:1086700013051004EFE06F9CE2042648B6476257EA
:10868000F256064696451375F50F93FBFB0F137BC9
:10869000FB0F93FAFA0F137AFA0F93F9F90F137984
:1086A000F90FE1842AD05ECE5ACC56CA52C84EC6C3
:1086B0004AC426C262C0930844000545EFA0900159
:1086C000BA402A449A440A49F659665AD65A465B31
:1086D000B65B265C49618280011122CC06CE8D47B3
:1086E0002E846316F50603C73500E94703D5450018
:1086F0006318F70097C7FF1F83D727396385A7063D
:10870000EF60405109C5835764002317F5000357F4
:10871000A400835684000356640083554400034537
:108720003400EFD07FCD0357440097C7FF1F83D796
:10873000C7356308F7008547F24062443E8505610E
:108740008280FD5717C7FF1F2311F734EDB78967E4
:10875000CD07631DF50083C7250031476385E7001A
:108760004547E39AE7FCEFD0CFD7F1B7B14763199C
:10877000F50017C5FF1F0345B53EEFD01FD365BFFA
:1087800041677D178147E319E5FA83C655004947DC
:10879000E394E6FA83C54500035524003000231412
:1087A0000100EF60003341BF411122C406C626C25A
:1087B00083C701911307E00F2E846383E704130737
:1087C000F00F6387E7021145EFB0DF9215C1930701
:1087D00000FD2300F50089472301F5008547A3002C
:1087E0008500A301F500AA8503C50191EFB07F9B29
:1087F000F9572388F190B24022449244410182808B
:10880000AA841145EFB01F8F7DD5930700FD23008B
:10881000F5008947A30085002301F500A301950019
:108820002244B2409244AA8503C5119141016FB020
:108830005F9779714AD01389C18D8327090022D4AB
:1088400006D626D24ECE52CC4544C5EF97C7FF1F61
:1088500083C70731958B4944CDC7AE899165A388FD
:10886000A190AA849385757131459790FF1FE78089
:1088700020F923AEA18C4D4449C523009500A300E7
:1088800005002946CE8509059780FF1FE780001E59
:1088900083270900914603C7270063EEE6083DEBF6
:1088A0004D472381E70003C7270013670701238192
:1088B000E700930571001305F041EF10A15C8347B9
:1088C0007100F9EB17C7FF1F0347E71B8D476315BF
:1088D000F70CEFD00FED2C00EF70002E2800EFD03A
:1088E0001FCE4545EFD07FF5014401CD130600644E
:1088F0003306C502914517C5FF1F03452526EFB076
:108900009FCB2285B250225492540259F249624AB6
:108910004561828085466314D700754759B78946FB
:108920006314D7004947B5BF8D466314D70041474C
:108930008DBF5547BDB795464A8A630ED700994605
:108940006316D70009472381E70031A01D46631451
:10895000C702238107006545EFD03FEE9307F0077C
:10896000E309F5F403270A008347270093E7070488
:108970002301F7003DBF21466314C7000547E1B757
:1089800025466315C7002381D700F1B7A9460544E2
:10899000E319D7F6114745BFEFF0BFC12A8435D19F
:1089A000EFF0FFB6B9BF011126CA9384C18D9C4078
:1089B00022CC06CE4944A9C783C707000D44639162
:1089C000A704894517C5FF1F03454519EFB0DFDF31
:1089D000914517C5FF1F03456518239A0190EFB015
:1089E000BFDE9C4001478146A38087001306F1004B
:1089F000854785450145A307F100EFA080522A84F1
:108A00002285F2406244D24405618280011106CE83
:108A100022CC26CA85476319F50683D74191B1CB8D
:108A200017C7FF1F0347470629E71307B003636D06
:108A3000F702894517C5FF1F03454512EFB0DFD880
:108A40009307006403D641913306F602894517C5A2
:108A5000FF1F0345A510EFB01FB6239A0190F24007
:108A60006244D24405618280938747FC239AF19047
:108A7000FDB79387C18D9C43FDD36244F240D2443D
:108A800003C50700056105B79384C18D9C40E1DBF8
:108A900097C7FF1F83C7C70C918BF1D38947631317
:108AA000F5062D452EC6EFB0EFE42A844DD9B24528
:108AB000930700FD2300F500E547A300050023010F
:108AC000F50083C7350015051946230FF5FE83C74A
:108AD00045009505A30FF5FE9780FF1FE78000F97D
:108AE00017C5FF1F0345D5079307F00F6315F50062
:108AF0009C4003C50700A2856244F240D244056150
:108B00006FB02FEA894517C5FF1F03452505EFB054
:108B1000BFCB6244F240D244239A019005616FF0CA
:108B20001F9F97C7FF1F83C7A703958B91CB938781
:108B300001929C4381CB8547238BF1906FF03F9F3F
:108B40004945828041458280238B019085450145BE
:108B50006FA0E03D97C7FF1F83C78700958B91C724
:108B600085472389F1906FF09F9F49458280238933
:108B70000190814505456FA0403C9307C01C63FCF4
:108B8000A700094582800945F2406244D244424927
:108B9000B249056182805DC5011122CC2A8421057C
:108BA0004EC64205AE8991659385657141814AC87B
:108BB00006CE26CA9790FF1FE78080C42A8961D518
:108BC0009384C191884009C59790FF1FE780A0CF8B
:108BD000130589002320A9002286814523AE219117
:108BE0009780FF1FE78000EC9C402286CE8588435B
:108BF0009780FF1FE78080E79C4023928700938740
:108C0000C18D9C4385CF97C7FF1F83C767F5958BA1
:108C100085CB9387C1919C4399CF984383D64700D6
:108C20006244F240D2444249B24905468D45054569
:108C300005616FA0802E01478146DDB70145A9B7C8
:108C4000494599B79387C18D9C438DC797C7FF1F2F
:108C500083C707F1958B8DC39387C1919C4381CBCB
:108C6000984383D6470005468D450545D9B701474A
:108C70008146D5BF01458280494582809307C01C4B
:108C800063FCA700094582800945F2406244D24452
:108C90004249B249056182805DC5011122CC2A8416
:108CA00021054EC64205AE89916593855571418176
:108CB0004AC806CE26CA9790FF1FE78060B42A896B
:108CC00061D593844192884009C59790FF1FE78042
:108CD00080BF130589002320A9002286814523A295
:108CE00021939780FF1FE780E0DB9C402286CE85A2
:108CF00088439780FF1FE78060D79C4023928700BE
:108D00009387C18D9C4385CF97C7FF1F83C747E5D6
:108D1000958B85CB938741929C4399CF984383D67B
:108D200047006244F240D2444249B24905468D456B
:108D3000054505616FA0A01E01478146DDB70145CD
:108D4000A9B7494599B79387C18D9C438DC797C7EC
:108D5000FF1F83C7E7E0958B8DC3938741929C43A8
:108D600081CB984383D6470005468D450545D9B745
:108D700001478146D5BF01458280494582809307DE
:108D8000C01C63F4A70009458280797122D44ECEBD
:108D900006D626D24AD0AE892A8431CD21059165E6
:108DA00042059385757141819790FF1FE78040A52B
:108DB0002A8909456301090893840192884009C5FD
:108DC0009790FF1FE78020B0130589002320A9009A
:108DD0002286814523A021939780FF1FE78080CCC6
:108DE0009C402286CE8588439780FF1FE78000C87D
:108DF0009C40239287009387C18D9C43014585CF7A
:108E000097C7FF1F83C7C7D5958B49458DC76C0092
:108E10001305D030EF20817BB247014593F7070F50
:108E200099CB938701929C438D450545944303D686
:108E30004700EFA0800FB250225492540259F249D9
:108E4000456182809387C1919C4391CF03D64700AF
:108E50008C43411106C69780FF1FE78020C1B240B6
:108E6000014541018280094582809387C1919C43DD
:108E700085C7938741929843894705C303564700A6
:108E80000C43411106C69780FF1FE78020BEB24009
:108E900081473E854101828089473E858280938754
:108EA000C1919C4385C7938701929843894705C325
:108EB000035647000C43411106C69780FF1FE78009
:108EC000E0BAB24081473E854101828089473E85B4
:108ED000828097C7FF1F83C7A7C8918B99CF411185
:108EE0001385819106C6EFC01FDAB240FD5717C740
:108EF000FF1F231CF7B84101828001456FC0BFD816
:108F0000FD57A388F190F9572388F190238B0190A6
:108F100023890190239A019023AE019023A201920C
:108F200023A0019297C7FF1F938707B91707000077
:108F30001307472198C317070000130767ADD8C36D
:108F400017F7FFFF1307276798C717F7FFFF1307E8
:108F5000475ED8C717F7FFFF1307A76098CB97F7AF
:108F6000FFFF9387A77723ACF1908280411126C23F
:108F70009384C18D9C4006C622C485CF2A840D45AA
:108F8000EFB04F97AA8519CD930700FD2300F50098
:108F90008D47A30085002301F5009C4003C5070011
:108FA000EFB02FA019C42244B240924441016FF0A7
:108FB0000FD6B240224492444101828079714ECE54
:108FC0009389C18D83A7090026D206D622D44AD020
:108FD00052CC8144A1C783C4170085472A8963887E
:108FE000F40497C7FF1F83C727AA854485EB0D4567
:108FF000EFB04F90AA8505C1930700FD2300F5004F
:109000009147A30025012301F50083A7090003C5AB
:109010000700EFB00F99EFF08FCF8544B250225484
:10902000268502599254F249624A456182809387AB
:10903000C1919C434E8A85E30145EFD01F802A866B
:1090400001CA894517C5FF1F034545B1EFB0AFD62B
:1090500083270A00B1A0944303D647009305E1009B
:109060000545EFC0DFCC69D983470500858BE9D77B
:109070000545EFD08FFC9307B0032A8463F3A70460
:109080005D6613060670894517C5FF1F034505ADCC
:10909000130444FCEFB0EFED239A819083A70900FD
:1090A0000947A380E70097C7FF1F83C7E79D91C7C4
:1090B00097C7FF1F238A079C95B74A85EFF01FEBE0
:1090C000B1BF130600643306C5029DBF411122C41F
:1090D0002A840D4506C6EFB0EF8115C1930700FD48
:1090E0002300F500CD47A30085002301F5002244AD
:1090F000B240AA8503C5119141016FB08F8AB24079
:10910000224441018280411122C42A840D4506C6B1
:10911000EFA05FFE15C1930700FD2300F500ED47AA
:10912000A30085002301F5002244B240AA8503C5AF
:10913000119141016FB0EF86B2402244410182801B
:10914000035745000111896606CE22CC26CA138634
:109150006600AA876317C7009C47014583C50700BF
:1091600009A813868600631AC7009C47054583C576
:109170000700EFF06FE305453DA8138696006313E3
:10918000C7021387C18D1843014515C79C4703C506
:109190000700631B050C8547A300F7000545EF900A
:1091A000B04ED1BF1386A600631CC7009C4703C501
:1091B0000700EFF0BFE0F2406244D24405618280D4
:1091C00013866603E30AC7F813867603E30FC7F82E
:1091D00013868603631DC7081C451307E00F83C46D
:1091E000070083C70191638EE7021307F00F6386C0
:1091F000E7021145EFA01FF0AA8505C1930700FD06
:109200002300F5008947A30095002301F500A30181
:10921000050003C50191EFA0DFF8F9572388F1900D
:1092200099BF9387C18D98433E84014549D785EC0A
:1092300085447D4523059100EFD02FE02316A10042
:1092400013050002EFD06FDF1C40A305A100130738
:10925000B100A380970074001306A1008545054561
:10926000EF90304C09BF2685EFF05FD029B7138609
:109270009603E30DC7F21386E6036317C7001C4588
:10928000094583C50700F5B59386F603631DD7022C
:109290001C4503C507003DE96C001305D030EF20E5
:1092A000E132B247414793F7070FE386E7EC9305B6
:1092B000B10013056031EF2061310345B1008545F0
:1092C000EF90F0464DBD8966138606046313C7040C
:1092D0001C4503C4070083C76191228585EB0D45BA
:1092E000EFA05FE1AA85E30805E8930700FD2300EE
:1092F000F500D1472301F500A30085009387C18DB8
:109300009C4303C50700EFA0DFE9B5B5EFF01FDC14
:109310009DB513861605631BC7001C4503C50700D2
:1093200021E585450545EF905041B1B59386260569
:109330000145E312D7E89C4703C4070083C7219186
:1093400022859DE30D45EFA0FFDAAA85E30505E23E
:10935000930700FD2300F500F147A30085002301DA
:10936000F50003C5119145B7EFF0FFD929B54111BB
:1093700097B7FF1F83C7C77E06C6958B99CB17B5D6
:10938000FF1F13056573EFC0BF8F4D45B24041010C
:1093900082800145EFC0DF8E0145CDBF03C70500C8
:1093A000937625009377D70F99C2936727001318F8
:1093B00085011358884113F7F7076354080013E732
:1093C0000708937685009377770F99C29367870094
:1093D0001377050293F6F70D19C393E6070223806E
:1093E000D500634508009377A50281CB834706002B
:1093F00093E7C7002300F60082807DFD83470600C7
:10940000CD9BCDBF2D456319071403C50500094742
:109410006310E51401114EC6BE89DC4122CC26CA78
:109420004AC806CE03C7170083C70700B6842207C1
:109430005D8F42078D664187938736A032842E89DF
:109440006301F70E63C0E702938716A06309F70A6A
:1094500063C1E70E938606A0630CD7062390040031
:1094600005454DA8938766AA6305F70C938786B8D0
:10947000630BF70C938646A0E312D7FEDC45DDC7ED
:1094800021472390E40003D707002300E60003D719
:1094900007002183A300E60003D727002301E6008D
:1094A00003D727002183A301E60003D74700230247
:1094B000E60003D747002183A302E60003D7670035
:1094C0002303E60083D76700A183A303F60091A0DE
:1094D000C8459770FF1FE780005E420541814E86B8
:1094E000637335012A862390C40042064182832596
:1094F000C90022859770FF1FE780405719A8DC45F7
:1095000083D707002390A4002300F600A183A300C3
:10951000F6000145F2406244D2444249B249056135
:10952000828099472390F4001946D1B72390040014
:10953000CDB785472390F4008327C90083C7070070
:109540002300F400F9B7E1472390F400614645B7E2
:109550002390060005458280828083C805008947E4
:10956000639BF814DC41797122D406D626D24AD006
:109570004ECE52CC03C8170083C707002E842208A2
:109580003368F80042088D6713580841138327A0F9
:10959000630468102A8A3A89B684B285634C030151
:1095A000138707A0630AE802938717A0630BF808E4
:1095B000854711A8138737A0630CE80A138767AAA9
:1095C0008D47E317E8FEB250225492540259F249F3
:1095D000624A3E8545618280484432C69770FF1FCB
:1095E000E780604D420541819D47E36E25FDB3094B
:1095F000990083C7A192B24563D43701B547E1B75B
:1096000048442686C2094A959770FF1FE7800046A6
:10961000484403C6A19293D9090105063306364191
:1096200081454E959770FF1FE780C0479387C19291
:109630009C4399E3814741BF9C438145E5DF5285C7
:1096400035A0AD47E31109F8E39A16FB83471600EE
:10965000834606005844A207D58F2310F70093874E
:10966000C1929C43E1DB9C438545E9D78297D9B7FA
:10967000AD47E31A09F49947E392F6F848441946CE
:109680009770FF1FE780803E9387C1929C43DDD394
:109690009C43CDD38D4565B7AD4715F78547E39F0F
:1096A000F6F40347060093070008E3EEE6F0DC4516
:1096B0002380E70041B785473E85828023A601923B
:1096C000A385019223850192B707A000938581832A
:1096D000938707059CC1B707E803DCC117C60100E3
:1096E000130686669797FF1F938787BB0947938E5C
:1096F0003183D0C317C60100130646628546238016
:10970000EE00138E018393884183D0C723AED70127
:1097100017C6010013068661138381921388218383
:109720001385118397CE0100938ECE602300EE0047
:109730002380E8002380E7002388E7002380E702F6
:109740002388E70223AEC7032380E7042300E80051
:109750002384D70023950700D0CB238CD700239DEB
:10976000070023A2D7032384D7022395070223A649
:109770000702D0DB238CD702239D070223100300AE
:109780002300D50017CE0100130ECE5923A2C70522
:109790002388E70423AE17052380E7062388E7061E
:1097A0002380E70897C801009388C85917C70100AC
:1097B0001307875723A2E7082384D704170700005D
:1097C000130787C42395070423A66704F0CB238CD3
:1097D000D704239D070423A217072384D7062395C4
:1097E0000706ECD7F0DB238CD706239D070623AEB4
:1097F00007072384D7082395070823A6A708979768
:10980000FF1F9387E7B298C317070000130727D5F8
:10981000D8C323A407008280A54763E8A71017C711
:109820000100130727D40A053A951C41011122CCE7
:1098300026CA06CE4AC8BA97B2842E848287930776
:10984000800F63F9B7006145F2406244D244424957
:10985000056182809797FF1F938787A4C8573E8929
:1098600019C59780FF1FE780000623850192130624
:109870001400916593850571328532C69780FF1F6C
:10988000E78000F81797FF1F2322A7A44DDD32467B
:1098900081459770FF1FE780E0200325C9022286DB
:1098A000A6859770FF1FE780601C23858192014584
:1098B00061BF8947E399F5F8835706002394F19235
:1098C000FDB7A147E391F5F82146A685138581836D
:1098D0009770FF1FE7808019D9BF8547E395F5F69C
:1098E0009797FF1F9387C79BD04F9795FF1F93852F
:1098F000A59D03C50400EFF07FAA55BF8547E394FB
:10990000F5F49797FF1F9387A799D05F9795FF1F4F
:109910009385859DF9BF8547E397F5F28347060058
:10992000A388F18269B7094505B70945828083C7D5
:10993000B19295E38547A385F192058909CD979664
:10994000FF1F9386E69E4146A5451795FF1F130509
:1099500025956F30E00E0145828001111388F5FFD7
:1099600006CE22CC26CA4AC84EC652C41378F80F77
:10997000AD4563EE050BBA890A0817C70100130746
:10998000E7C03A983E8A832708003689B284BA979E
:1099900082878545EFC06FCD2A8419E1EFF03F9DA6
:1099A0002285F2406244D2444249B249224A0561CA
:1099B00082808945EFC06FCB2A847DF12685EFE058
:1099C0005FABF9BF9145EFC04FCA2A8471F9528647
:1099D000CE854A85EFC0CFBEEFF07F99EFF06FCF15
:1099E000EF60607975BFA145EFC02FC82A844DF99B
:1099F0005286CE854A85EFC0AFBC2685EFE07FA7B3
:109A0000EFE03F9FEF60407561BFB145EFC0EFC52C
:109A10002A8459F55286CE854A85EFC06FBA2685CD
:109A2000EFE03FA5EFE0FF9CEF60007375B70944DE
:109A300085BFBD47638CF50663E9B702A547638719
:109A4000F50663EDB7009947638CF5049D47638F76
:109A5000F5049547638CF50401458280B54763871B
:109A6000F50463E1B704AD47F5B7DD47638EF50252
:109A700063EAB700C947638BF502D9476386F502ED
:109A8000C547C9BFF5476383F50263E4B700ED47F7
:109A9000D1B793072005638BF5009307200D5DBFB9
:109AA0004845828008418280084582804841828002
:109AB0009307F00F630EF506011126CAAA84130559
:109AC000000222CC4AC84EC652C456C206CE3A89BB
:109AD000B689B28A2E8AEFA0EFE12A844D4515C8D7
:109AE000930700FB2300F400A30054012311440159
:109AF0002302340113058400614663050902CA8507
:109B00009770FF1FE78080F6A2852685EFA06FE99A
:109B10000145F2406244D2444249B249224A924A43
:109B20000561828081459770FF1FE780A0F7E9BF3C
:109B300009458280011122CC06CE2A842306B10079
:109B4000A306C100EF50000D0DC10347C500A1479A
:109B50006311F70278009306E0070146A28517B566
:109B6000FF1F03450500EFF0BFF4F24062440561BA
:109B7000828078009306E0070146A28517B5FF1F93
:109B8000034515FECDB7930700643306F6026FA0B8
:109B9000FFB405C90347050085469307270093F7DF
:109BA000F70F63F0F602411122C42A843A8506C6F3
:109BB000EFA01FC6FD572300F400B240224441012C
:109BC00082808280035705009307000B6313F7021E
:109BD000834745004947639CE700034715018547D4
:109BE0006399E7000355250085456F30500F6D4799
:109BF000C5BF8280797126D2AE846C0022D44AD04F
:109C00004ECE06D6AA893289EF00F0092A840DE1EA
:109C1000A6854E85EFB03FD92A8419E932454A8797
:109C200097C6FFFF938686D60D46A685EF00D02205
:109C30002285B250225492540259F24945618280E1
:109C4000011122CC06CE2A842EC632C436C2EF4081
:109C5000707C0DCD8346C500A14712472246B24510
:109C6000639EF600B28617B5FF1F034585EF2E866B
:109C7000A2856244F24005616FF09FE3B28617B59A
:109C8000FF1F0345F5ED2E86A285E5B7F24062443D
:109C900005450561828023A8A192828023AAA19212
:109CA0008280011122CC26CA06CE2A84AE84EF40DF
:109CB0007076A6852285EFB03FA11DE5228523168B
:109CC0009100EF4030750DC10347C500A1476312F5
:109CD000F70217B5FF1F0345C5E878009306F007A4
:109CE0000146A285EFF0DFDCF2406244D244056118
:109CF000828017B5FF1F0345B5E6C5B7011126CA17
:109D000006CEB68422CCDD4663E2B608D94663FEB1
:109D1000D50AA5466381D50A63EEB6049546638CE1
:109D2000D50899466387D50A054441687D186316AE
:109D300006093AC6EFB01F9D3306854032474206FA
:109D40004182420441803305C4004205BA85418105
:109D500032C6EF30F008AA8749C181C43246239049
:109D6000C400B30580406244F240D2443E850561A0
:109D70006F10D155C5466380D504C9460D44E3959F
:109D8000D5FAC167FD17E31EF6FA65B7F54663809D
:109D9000D50463E4B600ED46D5B793062005638885
:109DA000D5029306200DE391D5F8C167FD170D4448
:109DB0006319F600BDBF09448DBF9306200DE392E1
:109DC000D5F8310642064182ADBF15445DBF0D4452
:109DD0004DBFC167FD171D447DB7F2406244D244B8
:109DE00005618280011122CC26CA06CE03C6450039
:109DF0002E841307000281469945AA84EFF01FF0D4
:109E00002AC629CD83570400034644009305540015
:109E10002310F100835724002311F10089472312F6
:109E2000F100930780022303F1009770FF1FE78082
:109E3000E0C3834744008A8526852314F100EFB0F0
:109E4000FFBB2A8411C532459780FF1FE780A0A77A
:109E50002285F2406244D244056182804D44CDBFE8
:109E6000797122D436844AD04ECE52CCB2892E8A11
:109E70003A898146130710022286D94526D206D692
:109E8000AA84EFF0BFE72AC629C12286CA85231417
:109E9000810023124101231331019770FF1FE780D6
:109EA000E0BC4C002685EFB0DFBE2A8411C53245E8
:109EB0009780FF1FE78020A12285B2502254925440
:109EC0000259F249624A456182804D44F5B7011159
:109ED00022CC26CA06CE4AC8DD472A84AE84638DCA
:109EE000F5028147035504006C002306F100EFB032
:109EF000DFBD0545638EA40803458400B1659385E5
:109F000005B8EFA00FDAE5472301F40097C7FFFF7C
:109F1000938747BB5CC0A5A8034755013149B2866A
:109F20003306270318499C4232971043E31BF6FA85
:109F300083D7460003564700E315F6FA8C460847D8
:109F40009770FF1FE78080BB49DD834754010347BB
:109F50004401850793F7F70FA30AF40063F0E704C1
:109F6000B3872703184803550400BA97984783D648
:109F7000470003D6270083D50700EFF07FEE35F1C9
:109F800003458400B165938505B8EFA08FD159458D
:109F9000F2406244D24442490561828083476401B1
:109FA00091B7011122CC26CA06CEDD472A84AE84A1
:109FB000639CF50603550500EFB0CFF40356C401CA
:109FC00083562401035744016D162A9642064182A6
:109FD000B307D640C207231EC400C18363F1E7085C
:109FE0009305C5FF3308F740635CB802BA96918EBB
:109FF000C206184C8355040103550400C1823E97E4
:10A00000EFF01FE615E103458400B165938505B8BF
:10A01000EFA02FC95945F2406244D24405618280C5
:10A020006D1593160501F1B78147035504006C00C7
:10A030002306F100EFB07FA90545E38EA4FC03459C
:10A040008400B165938505B8EFA0AFC5E54723014E
:10A05000F40097C7FFFF9387E7A65CC065BF8547FD
:10A06000E9B779714ECEAE89C16526D20147AA847F
:10A07000894617C601001306A6CDFD15054522D455
:10A0800006D64AD0EF10D006054431CD2A891307F1
:10A09000300281461146F5452685EFF03FC62AC6B7
:10A0A000554431C18357A900CE8601462314F100DF
:10A0B00091472315F10085472300F500B2472C0096
:10A0C0002685A38007003247FD572301F70032475A
:10A0D000A301F700EF1080772A8411C532459770ED
:10A0E000FF1FE780407E2285B250225492540259CD
:10A0F000F24945618280411106C6EFF09F9319C570
:10A10000B24041011773FF1F6700E37BB24041017A
:10A110008280011106CE2AC6EFB0AFC53245914507
:10A1200023A8019223AA019297B7FF1FA388A7A291
:10A13000EF302046F24005616F20302593970501EE
:10A14000C18763D80712797117B5FF1F034515A1A1
:10A1500022D44AD006D626D22E89EF901FFE2A841A
:10A1600049CD034705009307000A6315F7088547A3
:10A170004C08A305F100EFB0EFCBAA8405ED8347AF
:10A18000610171476374F708138717FE1377F70FA0
:10A190009306000263F3E608858BC5C79387019396
:10A1A0009C43994481CB035524001306B1004C080D
:10A1B0008297AA848347B10099C7084409C597705C
:10A1C000FF1FE780407095E05247B7070001938773
:10A1D00007F07D8FB707120093870710630CF70015
:10A1E00003476101ED476317F700035524008545D8
:10A1F000EF30E02E2285EF903FEDB25022542165E2
:10A200003345A900925402594561828037073014C2
:10A2100005073357F700058B41D313874193184344
:10A2200051DB0347510159F72306F10099472308F1
:10A23000F100035524006C0023170100EFB00FE17B
:10A2400095BF938741939C439DC3035524001306F8
:10A25000B1004C08829739DDAA8483475101B9FBCC
:10A2600083476101230891002306F100D9B799447F
:10A27000EDB701458280397122DC26DA06DE4AD844
:10A280004ED652D456D25AD0A5472A84B284639966
:10A29000F5108347450203570600835A26008507B9
:10A2A0002302F5029307F7FFB387FA025442C2076D
:10A2B000C183B69703C9170083C707008346C5004B
:10A2C00022093369F90085476390F6023307570383
:10A2D000231006008149014A130B3501931A070127
:10A2E00093DA0A0163E15907C167FD176302F90CAC
:10A2F00083570401637EF90A050942098346C400B5
:10A300001359090123172401054703550400930538
:10A31000E400639FE6002315F10093072030231625
:10A32000F10093078002231421012307F1002C0080
:10A33000EFB0AFF003458400B165938505B8EFA099
:10A340004F965945BDA083D62400DC4083452401A7
:10A35000ED1613865900C206C1823E965A85EFB0AB
:10A360004FA605C9630C3A01C84003D62400B305C3
:10A37000350152959760FF1FE780406F83D7240017
:10A380003E9A83D70400420A135A0A018507239094
:10A39000F40083D72400BE99C20993D9090199B763
:10A3A00003474600A9476310F7028347450281CF60
:10A3B0000145F2506254D2544259B259225A925A2B
:10A3C000025B2161828083462401130934014A869D
:10A3D000894517C5010013052597EFB08F9E19C158
:10A3E0000545C1BF834624014A86894517C501003A
:10A3F0001305C595EFB0EF9C65F5834624014A86A9
:10A40000894517C501001305A593EFB08F9B69F926
:10A41000834624014A86894517C501001305059125
:10A42000EFB02F9A55FD03C74400BD47E3EAE7FAB2
:10A43000A56793874712B3D7E700858BD5D38347AA
:10A44000440285072302F40203D9240071BD9387D7
:10A450008193984317A6FF1F0346C6708147631573
:10A46000F600814636858280BA86130787028355B7
:10A4700087FDE389A5FE850793F7F70FCDB7011197
:10A4800006CE2EC6EFF0BFFC01CD8347A500B24536
:10A49000138717006396E50093F707F82305F50087
:10A4A000F24005618280011106CE2EC6EFF03FFA20
:10A4B00005C5B24591C188C1834785001307E00FE8
:10A4C0005D456388E7001307F00F01456383E700EC
:10A4D0005945F240056182800945E5BF411122C41A
:10A4E0002A84210506C626C24AC0EFF08FEA8347B8
:10A4F0002400A51793F7D70F91EB0347C4008547B6
:10A500006310F7061C4881443149A9E3FD57230134
:10A510000400A304F400230204021305C40022442F
:10A52000B240924402496146814541011763FF1FD1
:10A5300067004357B38724033E95084509C59770C4
:10A54000FF1FE7804038850493F4F40F83474401EC
:10A550000848E3E1F4FE9770FF1FE780C0367DB73F
:10A56000084C75F965B7411122C4416406C626C27C
:10A570009307E4FF630EF500AA8485E1EFF03FED59
:10A5800001E91305F4FFEFF09FEC19C123109500CA
:10A59000B240224492444101828085476395F5048C
:10A5A000EFF0FFEA2A846DD5FD572310F5008347AD
:10A5B00084001307F00F6385E7021307E00F638B36
:10A5C000E700834624000345940001475146A685D1
:10A5D000EFF00FCE2285EFF07FF0FD572304F4005B
:10A5E0002305040075B78947E394F5FA8545EF40E4
:10A5F000D00459FD2685EFF09FE52A844DF949BF27
:10A6000039C9034785009307F00F6306F70401116A
:10A6100022CC06CE2A8483462500835505000345B7
:10A62000950001475D46EFF0AFC803472400E147BE
:10A630006319F700035504006C0023060100EFB016
:10A64000CFC8F9572304F4002285EFF03FE9F24028
:10A6500062440561828082809307F00F6306F706EB
:10A66000011122CC26CA2A844AC84EC652C43A894D
:10A67000B689328A93068500AE847946AA85170585
:10A680000000130525F806CEEFF0EFCFA304240158
:10A69000230144012322340185C01305C400624410
:10A6A000F2404249B249224AA685D2446146056138
:10A6B0001763FF1F6700833BF2406244D244424964
:10A6C000B249224A0561828082809547639CF506E3
:10A6D00083474502854685072302F5028357060016
:10A6E000584203462600FD17C207C1836318D604EB
:10A6F0008A07BA9703C7170083C707002207D98FB5
:10A700000357E50063F9E704411106C622C4850733
:10A710002316F5002A849305C50003550500EFB004
:10A72000EFAC03458400B165938505B8EF907FD702
:10A73000B2402244D9473E8541018280C946B38751
:10A74000D70245BF83464600294785476396E60002
:10A750000347450211C381473E8582809D4763922E
:10A76000F506834745028356E50085072302F50277
:10A77000835706005842FD178A073E978347170004
:10A7800003470700A207D98F014763F6D704411199
:10A7900006C622C485072A842316F5009305C50042
:10A7A00003550500EFF00FE403458400B165938580
:10A7B00005B8EF901FCFB240224459473A85410176
:10A7C000828083464600A94705476396F600034703
:10A7D0004502133717003A858280411122C406C60C
:10A7E00026C2B5472A84639BF50483474502B28499
:10A7F00085072302F50203550500EFA0BFF083D7BC
:10A8000004001307F5FF014563C5E7020357E400A1
:10A81000035504009305C400BA972317F400EFB062
:10A820000FA403458400B165938505B8EF907FC7F9
:10A830005945B24022449244410182800347460078
:10A840009D470545E317F7FE034544021335150000
:10A85000CDB7C547639EF50683570600035726000C
:10A86000FD17B387E7020347450205072302E50208
:10A870005842C207C1833E978347370003472700EA
:10A88000A207D98F41677D176395E70081473E8511
:10A890008280138717002316E5000357E500E3F7CE
:10A8A000E7FE411122C49305C5002A840355050023
:10A8B00006C6EFB0CF9B03458400B165938505B80C
:10A8C000EF903FBEB2402244D9473E85410182808D
:10A8D0008346460029478547E39BE6FA034745023E
:10A8E00055F775B7011122CC26CA4AC852C406CE04
:10A8F0004EC683C7250015472A8AAE84328436891E
:10A90000639DE7043686A2852685EFF01FDCAA89C1
:10A9100055E985476318F40A03474900A9476301CD
:10A92000F70203C594004A8785460146D285EFF0B9
:10A930002F9819E585454A85EFF0AF8F1334150040
:10A9400083C6240003C5940001476946D285EFF011
:10A950002F962685EFF09FB851A01D476398E7001A
:10A960003686A2852685EFF07FDF55B725476398A9
:10A97000E7003686A2852685EFF0FF8F49BF354771
:10A980006398E7003686A2852685EFF01FE541B77C
:10A9900045476398E7003686A2852685EFF07FEB72
:10A9A000BDB75D47639FE70003C7C500854736868F
:10A9B000A2852685631DF702EFF06FD18547631BE3
:10A9C000F5048549A5476317F402835709009DE301
:10A9D0000544E38709F6D947E39DF9F62285F2405D
:10A9E0006244D2444249B249224A05618280EFF072
:10A9F0004FDBE9B703C594004A87A2860146D2859A
:10AA0000EFF00F8B71F5A2854A85EFF08F8213343A
:10AA10001500C1B70544D9B7397122DC06DE26DA44
:10AA20004AD84ED652D456D283D705001944B1E342
:10AA300083C925002A89328A938759FE93F7D70F55
:10AA4000AE84DDE303C7C1939307F00F194463029B
:10AA5000F702F5476394F904EFF07F9FAA8921C1BB
:10AA60000346A5000DCE93178601E18763DD07003D
:10AA700001442285F2506254D2544259B259225AAA
:10AA8000925A21618280F5454A85EFF0AF8A83C7EB
:10AA9000A90093E707F82385F900D9BF814983D638
:10AAA0004400904483C5140003C504003800EFB08F
:10AAB000CF822A845DFD83C6240038000146CA8502
:10AAC00003C5C193EFE0DFFE2A8445F5B24799C381
:10AAD00023000A0083C724007547E39BE7F8E38956
:10AAE00009F82385F90071B7EFF07F96AA8A49D15A
:10AAF00085476391F90A83D5440088443000EFA06C
:10AB00005FC22A843DF503C72A00C54763F2E70AFE
:10AB1000DD476301F70C03C59A0097A7FF1F83C7A2
:10AB2000F703639CA70A014403C72A008D47631FEC
:10AB3000F7048357810003D7CA0063F4E700239624
:10AB4000FA0083D5CA004A85EFF0AF9597A7FF1F9B
:10AB500083D7C7E26D47637BF70283D5CA005D47A1
:10AB60006376B7021387350091056349F700130731
:10AB7000B00FBE856374F7009305B00F1166C20570
:10AB800013060629C1814A85EF80802D5685EFF096
:10AB9000FF94C5B5834725001144E39C37ED5C4124
:10ABA000E38907EC83D5440088443000829791BF45
:10ABB000B72702009387072AB3D7E700858BA1DF69
:10ABC00003C624003400D6854A85EFF0BFD12300A8
:10ABD000AA0045B583A70A01DDB783C62400380063
:10ABE0000146CA85EFE0DFEC2A841DFD83C5240001
:10ABF0002800EFE01FE405D923000A0035B79307CA
:10AC0000800217A5FF1F0345E5F53305F5029165A1
:10AC100001119385657006CE26CA22CC4AC84EC65D
:10AC2000938481939770FF1FE78080BD23ACA1922E
:10AC30009307800217A6FF1F0346C6F23306F602EB
:10AC400081459760FF1FE780E0E59C404D4595CF2B
:10AC50000144930980027D5997A7FF1F83C787F09E
:10AC6000636CF40217050000130545DBEFF0AF82BB
:10AC7000170500001305E580EFA01F9B17050000D6
:10AC80001305A58EEF40A0120145F2406244D24464
:10AC90004249B24905618280B30734038840614666
:10ACA000814505041374F40F3E95231025012301FB
:10ACB00005002314250123050500230205023105A3
:10ACC0009760FF1FE78000DE41BF0145828097A6A5
:10ACD000FF1F83C636E9814763E5D70001473A8500
:10ACE00082802E87910503D6C5FFE30AA6FE85075D
:10ACF000E5B70DCD834725000547890793F7F70F83
:10AD00006376F702411122C406C62A8483550500E2
:10AD1000034535000147F9465D46EFE07FD9F95715
:10AD20002311F400B240224441018280828017A79F
:10AD3000FF1F034737E38147FD5663E3E700828047
:10AD40002310D5002301050085071105FDB7014536
:10AD500082809385F1849307000285462380F50065
:10AD6000FD572387F184A380F1842380F184239607
:10AD7000D184239F019223A4019423AC019423A6A0
:10AD800001941386418497B70100938727FB5CC227
:10AD9000238001949777FF1F9387475A0947230021
:10ADA000E6002380E7002388E7002380E70223886A
:10ADB000E70217B701001307A7F7D8DB0D47238C6D
:10ADC000E7021387419418432384D700D0C7238C0C
:10ADD000D70017B50100130525F717B601001306B4
:10ADE000E6F497B601009386A6F6C8C3239507003C
:10ADF000D0CB239D0700CCCFD4D323840702239547
:10AE0000070223A60702239D0702D8DF9777FF1FBB
:10AE10009387C756170700001307870C23A0070066
:10AE2000D8C323A407008280411106C6EFF03FEA91
:10AE300011C503452500B240410182800145E5BFAF
:10AE4000411122C426C24AC006C6AA842E89328471
:10AE5000EFF0FFE711E94165CA857D15EFF03FE7A7
:10AE6000C54711C523109500230185008147B240D5
:10AE70002244924402493E854101828029E7894863
:10AE8000354763931605011106CE22CC26CA034727
:10AE900016000346060093C7F7FF2207598EF18F6D
:10AEA00032C68DE7C4452A84A685EFF0FFF7324607
:10AEB0000147630FA60022856244F240A685D24472
:10AEC00005616FF0FFF72D473A8582801307000870
:10AED000F2406244D2443A850561828083C805000D
:10AEE00009486395080303A84500834718000348F1
:10AEF0000800A207B3E70701C2070D68C18713085E
:10AF000028906395070189476FF05FF705458280B8
:10AF100003C711849307F00F630AF70441114AC075
:10AF20002A89294522C426C206C63284AE84EF90FF
:10AF30006F9C1DC59307100B2310F500230205001D
:10AF40002314850022442311250123139500B240C8
:10AF500092440249AA8503C5118441016F906FA4F0
:10AF6000B2402244924402494101828082804111D0
:10AF70009387419426C2AE848C4322C406C62A8499
:10AF8000EFF09FEA098909C922852244B240A685CB
:10AF9000924441016FF0EF8CB24022449244054547
:10AFA00041018280411122C426C24AC006C6AA8439
:10AFB000130445001309850B835704009DC30844FF
:10AFC00009C59770FF1FE7800090228531468145B3
:10AFD0009760FF1FE78000AD3104231A04FEE31DD4
:10AFE00024FDB2402244FD572390F40002499244CC
:10AFF0004101828093870195984317A6FF1F03465E
:10B0000076B681476315F600814636858280BA861A
:10B010001307870B835587F4E389A5FE850793F70C
:10B02000F70FCDB7938781959C4399C703D7470006
:10B03000E31CA7FE8847828001458280411106C635
:10B04000EFF05FFE09C50845B2404101828001452D
:10B05000E5BF011126CA9384450022CC4EC606CE18
:10B060004AC852C456C25AC0268781490144814603
:10B0700081473D450356070055CED9E203544700AA
:10B0800083572700B286A297C207C183850931077B
:10B09000E392A9FE25C82E89916593854570228586
:10B0A0009760FF1FE780C0752A8B29CD814A014A2E
:10B0B0008C4485C503D6440033054B019760FF1FC0
:10B0C000E780C09A83D7440088443E9A420A135AC4
:10B0D0000A019760FF1FE780007F63890A003146FD
:10B0E000814526859760FF1FE780C09B850AB104D4
:10B0F000E3E03AFD2326690123148900054521A0D8
:10B10000630DD6000145F2406244D2444249B2493F
:10B11000224A924A024B0561828003562700E313BC
:10B12000F6FE035647003294B2974204C2074180AC
:10B13000C183A9BF0545E37835FDA9BF9387C194B5
:10B140009C4399E30145828098470357A700E31980
:10B15000A7FE138547008280411106C6EFF01FFE4F
:10B1600011C503550500B240410182800145E5BF8C
:10B17000411106C6EFF09FFC11C503452500B24002
:10B18000410182804145E5BF411122C42A842E85B8
:10B1900006C6EFF0FFFDAA8505462285EF30902A0E
:10B1A00095476305F500BD476313F5002145B2409F
:10B1B000224441018280411122C42A84090506C625
:10B1C000EFE03F9DFD57A301F400B240224441014E
:10B1D0008280938741959C4317A7FF1F0347979849
:10B1E0002A86050781463E8583D707006388C70006
:10B1F000850693076500E3E8E6FE0145828041117C
:10B2000022C4416406C626C29307E4FF630EF5001C
:10B21000AA8485E1EFF0FFFB01E91305F4FFEFF0ED
:10B220005FFB19C123109500B240224492444101B2
:10B23000828085476394F504EFF0BFF92A846DD5C9
:10B24000FD572310F500834724001307F00F638494
:10B25000E7021307E00F638AE70003453400014764
:10B26000F9465146A685EFE0BF842285EFF0BFF492
:10B27000FD572301F400230204007DB78947E395BD
:10B28000F5FA8545EF30703B45F12685EFF07FF408
:10B290002A8455F951BF5D71A6C24EDE86C6A2C48E
:10B2A000CAC052DC56DA5AD8AE8483C52500F947A5
:10B2B000AA896396F504EFF0DFF12A8409ED0144D1
:10B2C0002285B640264496440649F259625AD25A1B
:10B2D000425B61618280834725000547890793F7B8
:10B2E000F70FE37EF7FC034535000147F9460146B9
:10B2F000CE85EFE0EFFB2285EFF0FFEBC9B783AA25
:10B300000400B7070001938707F037071200B3F76F
:10B31000FA0013070710328A0149638AE7022EC632
:10B32000EFF03FEB2A89B2451DC10346450005C237
:10B3300093178601E187E3C407F84E85EFE08FFF9E
:10B340008347490093E707F82302F9008DBF03C73D
:10B35000E1849307F00F1944E304F7F6E147E3E1D2
:10B36000B7F693D71500FD178E0717A7010013072F
:10B37000E724BA9703A80700E30408F403AB4700E7
:10B38000E3000BF4C20A93DA0A0163850A00C94795
:10B39000E398F5F283D64400904483C5140003C5B6
:10B3A0000400380802982A8401FD2C084E85029B6F
:10B3B0002A8421C983C71400E39407F083C72400BB
:10B3C000230AA10039472308F1006399E702624785
:10B3D0008347170003470700A207D98F0C084E8543
:10B3E0002319F100EFA08FC6E30B05EC1408054606
:10B3F000D9454E85EFE0DF842A84D9B58357810192
:10B40000F1BF83C624009147E38BF6EA3808014672
:10B41000CE8503C5E184EFE0AFE92A84E31205EAB3
:10B4200083C524002808EFE0CFE019C123000A00FB
:10B430009840B7070001938707F07D8FB707120088
:10B4400093870710E30DF7E6E30B09E683C72400B3
:10B450002302F900B5B5011106CE2EC6EFF07FD755
:10B4600001CD83474500B245138717006396E50079
:10B4700093F707F82302F500F24005618280938775
:10B48000C194984319E3014615A81C4703D8A700A7
:10B49000636B050183584700B38608016355D500E7
:10B4A0008146639416011843F1BF3E86C10703D35A
:10B4B000A7FF6317A30099C12390050132858280FD
:10B4C0008506C206C182F1BF397152D42E8A4ED68A
:10B4D0009305E101AA89528522DC4AD856D206DEBC
:10B4E00026DA328936C63AC4BE8AEFF05FF90544DF
:10B4F00035C5AA840355E1013944EFF0BFB239CD17
:10B5000003284500630C08042247B246D6874A86C2
:10B51000A6854E8502982A8431E19307E00F638F58
:10B52000FA0203C704008947631AF702D840834729
:10B53000170003470700A207D98FC2070D67C1870D
:10B5400013072790639CE70083471900034609000F
:10B55000D285A2075D8E4E85EFF09F9B2285F2502B
:10B560006254D2544259B259225A925A216182806D
:10B57000797122D4035425004ECEAA89228556CA59
:10B5800006D626D24AD052CC5AC85EC662C4AE8A0B
:10B59000EFF05FA601E92285EF001126594429E961
:10B5A0000144B9A003C789008547AA840144631AEE
:10B5B000F702AA8513858900EFF0BFA929CD03D72B
:10B5C000640083D68400D04483D5440003D5290089
:10B5D000E147EFF07FEFD9472A846318F50223A6ED
:10B5E00004002685EFF01F9C49C0D947E30AF4FA0E
:10B5F0002285B250225492540259F249624AD24AE8
:10B60000424BB24B224C4561828061DD83D74400BE
:10B610002390FA00F9B713894400014AB94B594CF9
:10B620003D4B83550900D5DDE14763067A01035799
:10B63000C90011C3D947035729008356490003267F
:10B64000890003D52900EFF03FE82A8463198501BA
:10B6500023240900050A3109E3156AFD59B77DD98C
:10B66000835709002390FA00F5B703D529002DB7B9
:10B6700001112317C1009307E00F1306E1000147F2
:10B68000894606CEEFF05FE4F24005618280797171
:10B6900022D42A840355850026D2AE849305210145
:10B6A00006D64AD0EFF0BFDD6308050E834785005C
:10B6B0002AC693F707028DCF03552101EFF01F989B
:10B6C000AA87B24501ED8357840039452390F400E1
:10B6D000B25022549254025945618280035524008D
:10B6E0004946829711C5835784002390F400CDB753
:10B6F000035924004A85EFF0FF8F11ED41657D1558
:10B70000EFF05F8F19E58357840025452390F400FF
:10B71000C1B723102501130745008147BD460356D5
:10B7200007002DE63147B387E7021309840031464D
:10B73000CA8591073E959750FF1FE7802033314619
:10B74000CA8548089750FF1FE78040320356C4005F
:10B750000355240041478146DD45EFE02FDA2ACE2C
:10B7600019E58357840045452390F40095B70C48AC
:10B770000356C4009750FF1FE780402F0355240055
:10B780004C08EF00310329D5594599B78507310792
:10B79000E397D7F8254581BF0545B1B7797122D424
:10B7A0002A840355850026D2AE849305E1014AD050
:10B7B00006D63289EFF0BFCC51C58347850093F799
:10B7C0000702A9E7034714019307200519E38347FC
:10B7D00044008356A400504483558400035524003C
:10B7E0000147EFF07FCEAA8721E98347140199E74B
:10B7F00003552400EF002177D94711E18147B2506A
:10B800002254925402593E85456182802AC60355CE
:10B81000E101EFF0BF82AA8705C9B24503552400B4
:10B8200049468297AA8759DD035784002390E40094
:10B830000347140161F7E1B75947E317E5FE230019
:10B8400009006DBF8547CDB7B947F9BF397122DC13
:10B850004AD84ED652D406DE26DAAA892E8A32C6B5
:10B860003689EFF01F97094415C583472500130754
:10B87000E00FAA845D44638FE7001307F00F59447B
:10B88000639AE700324605E2D2854E85EF00A17A41
:10B890002A8415CD2285F2506254D2544259B259AD
:10B8A000225A2161828003550A009305E101231F7A
:10B8B0000100EFF0DFBC0355E101EFF07F8BAA85BB
:10B8C00005464E85EF3000382A845DDDE1B79307E9
:10B8D000F00FE301F9FC938624007946A68517F55D
:10B8E000FFFF13054541EFE00FAAA38124015DB7D7
:10B8F00039719387C19426DA844352D45AD05ECEEC
:10B9000062CC06DE22DC4AD84ED656D266CA2A8BD4
:10B91000AE8B328C368A99E08149B9A0804483DCB1
:10B9200044000149835AA400631499018440E5B797
:10B930008357A400A28963F86701050942091359D6
:10B9400009014104D5B7E3EAFBFE630C0A00834515
:10B9500004004840D28662863AC6EF909FC63247BE
:10B9600069DD19C323105701F25062544E85D25439
:10B970004259B259225A925A025BF24B624CD24C53
:10B980002161828003D7050083D62500854763E9BE
:10B99000E60439C7411183C6450026C29384550089
:10B9A00022C426862E8417A501001305E539894592
:10B9B00006C6EF901FC1C14711CD83464400835591
:10B9C00024000355040001472686EFF07FF28147EB
:10B9D00011E1A947B240224492443E854101828050
:10B9E0003E8582802E860355060083D52500854737
:10B9F00063E2A50205C183464600411101471506D1
:10BA000006C6EFF0FFEE814711E1A947B2403E853F
:10BA1000410182803E8582802E860355060083D5B3
:10BA20002500854763E2A50205C183464600411112
:10BA30000147150606C6EFF0BFEB814711E1A947A4
:10BA4000B2403E85410182803E85828039714ED66A
:10BA500083D7250083D9050006DE22DC26DA4AD802
:10BA600052D456D25AD05ECE62CC66CA6AC863E05F
:10BA700037198547638E0914416BAE8A2A8A2314CD
:10BA8000010002C6014401497D1B894B054CC94C8C
:10BA9000054D83D52A000147814601464E85231373
:10BAA0000100EFF0FFE4AA846300051209EC13071C
:10BAB0002002930661005A8695455285EFE00FA457
:10BAC0002A84630805120357810083C7040045C711
:10BAD0000347A100630CA70741476385E7022C00D9
:10BAE0005285EF00211609CD34001546D9455285FF
:10BAF000EFE00F9511C532459760FF1FE780A0DC8E
:10BB00008147F9A083D7A4004146130524002300F0
:10BB1000F40083D7A400A183A300F400CC40975085
:10BB2000FF1FE780A0F44904835781008507C207FF
:10BB3000C1832314F10063F9270983D7A400638527
:10BB400067098509C20993D90901A1B7E39977F972
:10BB500083D7A4000946130524002300F40083D7EB
:10BB6000A400A183A300F400CC409750FF1FE780FE
:10BB7000E0EF110455BF22C60359610003C7A400BA
:10BB80001305240063827703335999032305710158
:10BB90002300E40083D7A4004146A183A300F4005E
:10BBA000CC401379F90FA5BF230581012300E400E0
:10BBB00083D7A400135929001379F90FA183A30097
:10BBC000F4000946CC4055B78357810089FBA9474B
:10BBD000F2506254D2544259B259225A925A025BDC
:10BBE000F24B624CD24C424D3E85216182808547AA
:10BBF000C5B7C547F1BF03C76196854763F3E7063D
:10BC0000011122CC26CA4AC806CE2A843289AE84C3
:10BC1000EFF02FDC01C9034725009307E00F5D45D6
:10BC20006308F700631C0900A6852285EF00813DAB
:10BC3000F2406244D24442490561828003D5040047
:10BC40009305E10023170100EFF07F830355E10026
:10BC5000EFF00FD2AA8505462285EF20B07E69D588
:10BC6000C1BF5945828013F7050201C7B2856FF045
:10BC7000AFD1411126C24AC006C622C413F98500BD
:10BC8000AA8463170900139785016187635D070222
:10BC900032853684EFF0CFCDAA85054663130900BF
:10BCA00001462685EF20107A01E90145B240224481
:10BCB000924402494101828083479400E5DB834737
:10BCC0008400E5F7E5B793F72500E5F30D45F9BFE7
:10BCD0007971AE8622D42A8403D506009305E1014A
:10BCE00006D636C6EFF0AFF909CD83458500B246DA
:10BCF0000356E1012285EFF01FF7B250225445614F
:10BD000082800545DDBF13F7050201C7B2856FF0DC
:10BD1000AFC7411122C426C206C693F485002A8407
:10BD200091E4139785016187635007023285EFF034
:10BD30002FC4AA85054691E0014622852244B240DF
:10BD4000924441016F20107093F72500014591E363
:10BD50000D45B24022449244410182807971AE8601
:10BD600022D42A8403D506009305E10136C606D6FF
:10BD7000EFF0EFF0B24601CD834585000356E101B7
:10BD80002285EFF05FF8B25022544561828005456C
:10BD9000DDBF797126D2AA840355A500C16722D4DC
:10BDA0004AD04ECE06D623170100FD173284B6893D
:10BDB0000149630DF500050583C60400D040420526
:10BDC0001307E1004181EFF0BFB22A8983C6040066
:10BDD000D040894517A50100130505F7EF906FFEC8
:10BDE0001DC503D4A4002285EFF00FB709C57D144B
:10BDF0002A94420441806384090023908900B25050
:10BE000022544A8592540259F2494561828083C680
:10BE10000400D040894517A50100130525F3EF90D4
:10BE20004FFA61F183C60400D040894517A501008F
:10BE30001305C5EFEF90EFF819C9E30609FA835728
:10BE4000E100E39287FA0354A9007D145DB703D49F
:10BE5000A40055B7397122DC26DA4AD84ED652D41E
:10BE600056D25AD062CC06DE5ECEBE8983C785002C
:10BE70002A8AAE84C18B328C36843A89C28A468B38
:10BE80009DE783CB04008947638BFB046285EFF059
:10BE90006F991DC183280500638008025A88D687E0
:10BEA0004E87CA862286A6855285829839A0328519
:10BEB000EFF0CF98AA8711ED3945F2506254D25471
:10BEC0004259B259225A925A025BF24B624C21619A
:10BED00082802946A6855285829745D5F9BFD840EC
:10BEE0008347170003470700A207D98FC2070D67D2
:10BEF000C187930607906384D72263CEF606930624
:10BF00002780638ED70C63C1F60213070780E3CF47
:10BF1000E7F62D45E39309FADC4403C60700CC435A
:10BF20002310C900228569A213073780E390E7F642
:10BF30002D45E39409F885472310F900DC44814539
:10BF400083C707002300F40003D5A40005054205BC
:10BF50004181EFF0CFD28357090063170512910793
:10BF60002310F90011468145130514009750FF1F57
:10BF7000E78040B329A2930627906383D71863CE46
:10BF8000D71293063790638CD71813074790E39F17
:10BF9000E7EE2D45E39309F2DC441D472310E90049
:10BFA00003C707002300E40003C71700A300E40051
:10BFB00003D727002301E40003D727002183A3012F
:10BFC000E40003C747002302E40003D76700A3028D
:10BFD000E40083D76700A1832303F4004DA02D451F
:10BFE000E39D09ECDC446C0083C9170003C707001C
:10BFF000A209B3E9E90011472310E90083C707004C
:10C000004E852300F400DC4483C71700A300F4002E
:10C01000EFF0EFC6AA8435C50356C100C16593068B
:10C02000E100FD158329C500EFF0BFD619ED83C6E9
:10C030000400D040894517A50100130525D1EF90D4
:10C040004FD801E5FD572317F10003C709008947C1
:10C050006310F70283A54900094613054400975071
:10C06000FF1FE780A0A08357090089072310F9006C
:10C070008357E1002301F400A183A301F4000145EB
:10C080002DBD23173101EDB7034705008907BA9786
:10C090002310F9008357A500A300F4008357A500DF
:10C0A000A1832301F400034605004C41130534002D
:10C0B0009750FF1FE780809BD9B7C8449750FF1F58
:10C0C000E780609F93170501C1832A871D45E3E63A
:10C0D00037DF6399F90023100900CC4403560900A7
:10C0E000CE9589B54207B3863A01418363C7E6001E
:10C0F000B38737412310F900CDB723105901F1BFA1
:10C100002D45E39C09DACC445285EFE0FFD12310A2
:10C1100079012300A4002181A300A4008DB72D453F
:10C12000E39D09D8DC442310790183C7070023006D
:10C13000F400DC4483C71700A300F40089B75D71E5
:10C14000CAC02A89035525004EDE52DC56DA5AD879
:10C150005ED662D466D26AD06ECE86C6A2C4A6C2AD
:10C160002E8BEF902FDA130CF5FF931D0C01C16B92
:10C17000AA8A8149179AFF1F130A4A9593DD0D0178
:10C18000938C8194138DE193FD1B8357C90063F851
:10C19000F9009797FF1F83D7679363CE87010355F5
:10C1A00029009795FF1F93856592EFF05050AA8460
:10C1B0001DCDD9442DA88327890013971900930515
:10C1C000E100BA9703C4170083C7070022045D8CFF
:10C1D0002285EFF0CFAAAA851DE923108B00032545
:10C1E0004A00854409C59750FF1FE780C06DB640DF
:10C1F0002644268506499644F259625AD25A425B31
:10C20000B25B225C925C025DF24D61618280834888
:10C21000490083A60C000356E100035529006E88EF
:10C2200081476A87EFF01FC3AA8411C523108B00D2
:10C2300003254A0045BF83274A0095E3035529009B
:10C24000514781465E86BD45EFD05FAB9797FF1F94
:10C2500023A0A78809E523108B00C54449BF979701
:10C26000FF1F83D7A78603D7E1933E976347570104
:10C2700013C7F7FF5697239FE19203254A0083A532
:10C280000C0003D6E1933E959740FF1FE780007EA8
:10C2900083570A0003570D008509C209BA971797FB
:10C2A000FF1F2315F78293D90901C5B5397122DC27
:10C2B0002A840355250006DE26DA4AD84ED652D403
:10C2C0005AD05ECE62CC66CAAE8B56D2EF908FC388
:10C2D0002A8A8346C4008355A4000355840078004D
:10C2E0001306D400930CBAFF651AEFF06FE0420A10
:10C2F000416B2A898144135A0A01138C81949789CE
:10C30000FF1F9389A97C7D1B6302090463D09405F8
:10C310008348440083260C000356C10003552400C3
:10C32000528881471387E193CA85EFF0BFB215C5E4
:10C33000814A0356C1008355A4004A859306E10053
:10C34000EFF03FA52A89639D0A065DFDE5E083576E
:10C35000840029452390FB0081A00356040183D764
:10C36000E193E317F6FC83250C0048489740FF1F34
:10C37000E780C07855DD83A74900A1E30355240079
:10C38000454781465A869D45EFD05F971DE183570B
:10C39000840045452390FB00F2506254D254425928
:10C3A000B259225A925A025BF24B624CD24C216132
:10C3B00082809787FF1F23ADA770835AA90095BF7E
:10C3C00083A74900A69723805701938714001397EA
:10C3D000070183A74900418393DA8A00BA97238033
:10C3E00057011387240083A649009387340042072E
:10C3F00091044183C207C204C183C180369711CD25
:10C400008356E1002300D70003A74900BA970357DA
:10C41000E10021832380E700C5BDFD562300D7003E
:10C4200003A74900BA972380D7000DB7035524000E
:10C4300089809785FF1F938565699787FF1F2397DD
:10C440009768EFF0D00C29D95945B9B7411122C4EA
:10C4500006C693F705012A84328585C3EFE05FD1D4
:10C46000AA8505462285EF20E07D95476305F50006
:10C47000BD47631DF502214515A893F7450099CBEB
:10C48000EFE01FCF0546AA8522852244B240410134
:10C490006F20407B93F7050489C7EFE07FCD01460D
:10C4A000DDB713F51500133515000605B24022441B
:10C4B0004101828079714AD04ECE52CC06D622D428
:10C4C00026D22A8AAE89014983D749006364F900DC
:10C4D0000145A1A083A709001314190093041400B7
:10C4E0003387970003470700A29703C50700220779
:10C4F0009305E100598DEFE09FF805E983A7090056
:10C5000005453E94034704002380E70083A7090004
:10C51000BE9403C70400A380E700B2502254925493
:10C520000259F249624A456182808345850003567B
:10C53000E1005285EFF09FF105C183A709003E9409
:10C54000034704002380E70083A70900BE9403C7C4
:10C550000400A380E700D1B7050942091359090176
:10C56000A5B7011122CC2A8403D505009305E1006B
:10C5700006CEEFE0DFF001CD834585000356E100F4
:10C580002285EFF0BFECF2406244056182800545F0
:10C59000DDBF397126DAAA840355250006DE22DCC8
:10C5A0004ED652D456D25AD05ECE62CC66CA6AC833
:10C5B0002E8A4AD8EF900F95AA8A83C6C40083D5E5
:10C5C000A40003D58400138CAAFF78001386D4003E
:10C5D000EFF00FB2420CC16CAA890144135C0C014C
:10C5E000138BE193938B8194FD1CED1A178DFF1F24
:10C5F000130DCD4D638D09180356C10083C5890005
:10C6000003D52400EFF09FE42A89631D051683C833
:10C61000440083A60B000356C10003D524006288A2
:10C6200081471387E193CE85EFF0DF822A89631B70
:10C63000051439C003D7E19311079787FF1F83D7EC
:10C6400007496395E700A29763C057099787FF1FC3
:10C6500083D7E7473354F40203D524009785FF1F9F
:10C660009385C5469787FF1F23928746EFF0B00753
:10C670002A890DC559491DA003D524004947814683
:10C680006686C545EFD08FE79787FF1F23A2A74493
:10C690000DE583D7A90045492310FA00F2506254F2
:10C6A0004A85D2544259B259225A925A025BF24BED
:10C6B000624CD24C424D2161828083570B0091071E
:10C6C0001787FF1F2315F74083274D0003D7A900C5
:10C6D0009306E100A2972380E700930714001397C5
:10C6E000070183274D0041834E85BA9703D7A900E0
:10C6F00021832380E7000356C10083D5A400EFF017
:10C700004FE983264D00130724000356E10042073A
:10C71000418336972300C70003274D009307340059
:10C72000C207C183BA970357E100AA891104218384
:10C730002380E70003254D004204418003D6E193A6
:10C7400083A50B002295639509029740FF1FE780A0
:10C75000E03183570B003E9442044180E31804EE1D
:10C7600083D784002310FA00E31A09F229493DB760
:10C770009740FF1FE780802F83570B003E944204B1
:10C7800041808DBD83D7A9002310FA00C1BF0149A4
:10C79000F1B75D71A6C2CAC0AA84035985000355CA
:10C7A0002500A2C44EDE56DA5AD85ED662D466D2CE
:10C7B0006AD086C652DC6ECE2E8BEF80BFF4930B10
:10C7C000D5FF7115931905010144138DD40093D938
:10C7D0000901138CE193938C8194978AFF1F938AAC
:10C7E000EA2E6358741583C6C40083D5A4001307CA
:10C7F000E1006A864A85EFF0AF8FAA8D630B0512C0
:10C800000359A500834585000356E10003D52400A4
:10C81000EFF0DFC36314051283C8440083A60C0045
:10C820000356E10003D524004E8881471387E19326
:10C83000EE85EFF02FE2631305101DCC83D7E19353
:10C840001787FF1F0357A7288907630EF7069787E7
:10C85000FF1F83D7C7273354F40203D524009785DD
:10C86000FF1F9385A5269787FF1F23918726EFF04B
:10C87000C05305C5594515A003D5240041664D4751
:10C8800081467D16A545EFD06FC79787FF1F23A16F
:10C89000A7241DE123102B014545B64026449644AC
:10C8A0000649F259625AD25A425BB25B225C925CF0
:10C8B000025DF24D6161828083570C008907178702
:10C8C000FF1F2316F72083D7E193A29763D377073F
:10C8D00083A74A0003D7AD00130A2400A297238040
:10C8E000E70005049317040103A44A00C183420A28
:10C8F0003E9483D7AD0083A50C00135A0A01A1838F
:10C900002300F40003A54A0003D6E1935295974013
:10C91000FF1FE780A01503540C00C167FD17529458
:10C9200042044180E30FF9EA05094209135909015C
:10C930004DBD294509FC23102B0185B76DDC01BFD6
:10C940008357050081E789473E858280411126C2D1
:10C95000444122C406C683C60400D0402A848945C7
:10C96000179501001305453EEF80BFC519C98347E0
:10C9700024002547E51793F7F70F6376F702E147A1
:10C9800029A883C60400D0408945179501001305E6
:10C99000E53BEF801FC361FD8947B24022449244CA
:10C9A0003E854101828083D6C1848547FDD60357E9
:10C9B00004003697C166E3C2E6FE91659385257053
:10C9C00031459750FF1FE780A0E3AA84CD4771D57A
:10C9D000314681459740FF1FE780C00C8357040014
:10C9E00083D5C18401460147B386E500C206C182F2
:10C9F0006369F702AE97C207C18319C22396F18417
:10CA000023A004002146A285138544009740FF1F00
:10CA1000E780C0059387C1949C4391EF23A691942E
:10CA200031A850401315470005072A962315D60054
:10CA300005465DBFBA87984375FF84C38147B1BF80
:10CA4000011106CE22CC26CA4AC809E98944F2401F
:10CA5000624426854249D244056182802AC62A84DE
:10CA6000280036892314B1002305C100EFF05FEDE3
:10CA7000AA8471FDE30D09FC8357A400E1DB9165F5
:10CA80009385557031459750FF1FE78060D70DC5DE
:10CA90008357A40023200500232425012312F50039
:10CAA000938781959C4389E723ACA1944DB7BA87BE
:10CAB000984375FF88C361BFCD4451BF83C70194BC
:10CAC00095E385472380F194058909CD9766FF1F7B
:10CAD0009386C68A414691451765FF1F1305058653
:10CAE0006FF01FF601458280A380A1848280C16718
:10CAF000FD176315F5002E856FE06FA3411106C683
:10CB0000EFE0EF9C11C5FD572310F5002301050050
:10CB1000B2404101828001114AC806CE22CC26CA09
:10CB200085472A896393F5044A85EFE0AFCC39E95C
:10CB3000C1649385F4FF1307E1008946179601004D
:10CB40001306061F0545EFE0BFDA2A84FD140DC465
:10CB50004C444A85EFF0BFF90356E1002285814637
:10CB6000A685EFF00FA32A84DDB789476396F50009
:10CB70008545EF20802C4DD9F2406244D244424991
:10CB800005618280EFE00FC265B7411106C623A898
:10CB9000019423AA019423A201941785FF1F034542
:10CBA00075FC41CD9307200C3305F5029165938503
:10CBB00015701905420541819750FF1FE78040C459
:10CBC00023A8A1949307200C1786FF1F034696F90C
:10CBD0003306F602814519069740FF1FE78080EC77
:10CBE000938701959C431787FF1F0347B7F781453C
:10CBF0009386870B7D5563E8E5069306800BB306A5
:10CC0000D7020146FD550507B69723AAF194BE86C3
:10CC10002390B600A381B6002381B60023820600CC
:10CC200005069906E366E6FEF9562390D700994675
:10CC30003307D702BA9723A2F19417E5FFFF130534
:10CC4000C565EFD0AF8517F5FFFF13050581EF80B0
:10CC50001F9E17E5FFFF1305C55AEF204015B24090
:10CC60000145410182802394A6F41386C6F4231063
:10CC70000600232406003106E31BD6FE85059386B5
:10CC8000860B95BF411122C42A8406C6EFC01FA39C
:10CC9000EFE02F8C23808184938741948843EFE0D9
:10CCA0000F89238781842244B240170500001305B1
:10CCB000C5E641016F20A00F93970501C18763D09E
:10CCC0000736797103C5018422D452CC06D626D208
:10CCD0004AD04ECE2E8AEF704FC62A8421C9034710
:10CCE00005009307000B6310F7048547A304F100C8
:10CCF000938781949C4323150100A1E7EF00C07D39
:10CD00009165938535709750FF1FE78060AF23A42E
:10CD1000A19405E98347910099C783454400130511
:10CD20008400EFD04FBD2285EF700FBAB25022546D
:10CD300021653345AA0092540259F249624A45617D
:10CD40008280614681451785FF1F130525D89740CE
:10CD5000FF1FE78020D50349440089479789FF1FBB
:10CD60009389C9D6631DF906EF0000779787FF1FE7
:10CD7000239EA7D403552400CE85EFE01068035707
:10CD800024009787FF1F83D767D48356840011ED53
:10CD900063E4F6002314F400835584003A85EFC061
:10CDA0005FF02285EFC01FE2B5B763E4F6002314FD
:10CDB000F40083578400D9450D469786FF1F2397BB
:10CDC000F6D09786FF1F938666D03A85EFC05FE75F
:10CDD0008D4561D91785FF1F130545CFE1A0994700
:10CDE000631CF9029305A1002285EFF02FCCAA84E1
:10CDF0004DD9D947639BF40E0509035524001379D7
:10CE0000F90FD9459786FF1F938646CC4A86EFC017
:10CE10003FE3CA8559D57DBFA1476318F900930543
:10CE2000A1002285EFF0FF96D9B7A947631FF90645
:10CE3000035584006C00EFE08FE4AA8463070516B5
:10CE40000355240041669306E10055477D16AD4524
:10CE5000EFC0DFEA9787FF1F23ACA7C6AA8649C1A8
:10CE6000834844000358E1000356C10003552400E1
:10CE7000A68581474E87EFE0FFFDAA846316051063
:10CE800003552400CE85EFE03078E30C05F0035520
:10CE90002400CE862D46D945EFC09FDAE30305F086
:10CEA000AD454E85EFD02FA5EDBDB1476315F91007
:10CEB000035584006C00EFE08FDCAA846307050E45
:10CEC0000355240041669306E10059477D16B54598
:10CED000EFC0DFE29787FF1F23ACA7BEAA863DE124
:10CEE00083578400C5442315F10003471400D1473C
:10CEF000E309F7EA83474400035524009785FF1FA1
:10CF00009385C5BC1787FF1F2302F7BC8357A10079
:10CF10001787FF1F231DF7BA9787FF1F238A97BA2A
:10CF2000EF80DF92E30F05E6035524009786FF1F8D
:10CF30009386C6B90546D945EFC09FD0E30305E601
:10CF4000854549BD834844000358E1008357A40048
:10CF50000356C10003552400A6854E87EFE09FEFDE
:10CF6000AA841DE103552400CE85EFE0B06FE30AEB
:10CF700005E203552400D945CE863546EFC05FCC87
:10CF8000B545E30005E2B9B5D9476393F4008144A0
:10CF900003A549009750FF1FE780E092E38304E078
:10CFA000835784002315F10089B783578400854493
:10CFB0002315F1001DBFB9476318F9009305A100BF
:10CFC0002285EFF0CF9725B5C1476318F900930587
:10CFD000A1002285EFF0EFDB19BDC947631AF90004
:10CFE000130691009305A1002285EFE02FFB01B508
:10CFF000D947631DF9009305A1002285EFE02FE9D1
:10D00000AA84E31805DEA304010061BBE147E31A2B
:10D01000F9D89305A1002285EFE08FD5C9BB014562
:10D020008280F9CA011152C42E8A854522CC4EC68F
:10D0300056C206CE26CA4AC8AA8AB6893284EF10DA
:10D04000D05FD14715C183C7419683C651968144AD
:10D0500019E0B684BE861387C195184393974400A0
:10D06000BA9763EDD400D547F2406244D2444249B6
:10D07000B249224A924A3E85056182803E89C107B3
:10D0800003D727FF09C7850493F4F40FD9BF39CC20
:10D090009565938525C0130500029740FF1FE78023
:10D0A00020762326A90061D11306000281459384CE
:10D0B00004049740FF1FE780E09E2311990023009E
:10D0C00009002313590115C41387C196834794009F
:10D0D00010432304F900118C8327C90011841180A7
:10D0E000238E870023A029018147BDBF2326090085
:10D0F000F9B723044901FDB785473E8582809387B0
:10D10000C195984383C5419681476395F500814653
:10D110003685828003562700BA8619C2E30AA6FE26
:10D12000850793F7F70F4107CDB79387C1959843CC
:10D1300003C6419681476315F60081463685828095
:10D1400083552700BA8689C583454700E388A5FE35
:10D15000850793F7F70F4107F9BF9387C196984367
:10D1600083C5719681476395F50081463685828037
:10D1700003560700BA8619C2E30AA6FE850793F78D
:10D18000F70F4107CDB79387C1959C4303C85196CC
:10D1900001476315E80081463685828003D6270063
:10D1A000BE8619CA03D667006318A600D04709C611
:10D1B00003562600E302B6FE05071377F70FC107F3
:10D1C000C9BF411122C4404526C206C6AA8415C063
:10D1D000484409C59740FF1FE780E06E484809C5ED
:10D1E0009740FF1FE780206E22859740FF1FE78052
:10D1F000806D2685414681459740FF1FE780808AE4
:10D20000B2402244FD57A384F4009244410182803D
:10D21000011122CC2A840355250006CE2EC6EF101C
:10D22000700C324622858145EF00106922856244E8
:10D23000F24005616FF0FFF80DC50357250041115D
:10D2400022C406C62A8411CBDD45EF00D06A2285B0
:10D250002244B24041016FF0DFF6B2402244410166
:10D2600082808280411126C231479304C5FF3387F3
:10D27000E4029787FF1F9387E78606C622C43E977E
:10D280008356A7006397B602484305C53E849307BB
:10D29000F00F6306F60083470500639CC7009740C4
:10D2A000FF1FE7804062B147B387F402A29723A231
:10D2B0000700B2402244924441018280411122C4BD
:10D2C0002E8426C24946AA848145228506C6973007
:10D2D000FF1FE780207DB9CC83C7C40113974700A7
:10D2E0009387C1969C43BA9703D707002310E400A5
:10D2F00003D7270083D767002311E4001387219603
:10D30000035707002312E40003D704002313E400AB
:10D3100003D724002314E40003D744002315E400BA
:10D3200003D764002316E40003D784002318F40015
:10D330002317E400B2402244924441018280938743
:10D34000C19603A807009387C195904383C5419672
:10D35000014781476394E5003E858280834606004D
:10D3600081CE544691CA83C6C6019206C296631501
:10D37000D500850793F7F70F05071377F70F4106D9
:10D38000D1BF130600643386C50293069500AA85B3
:10D3900017050000130585EA6F704FB4411122C4D0
:10D3A00006C62A8403459500EF708FC6FD57A30477
:10D3B000F400B240224441018280011122CC4AC8CB
:10D3C0004EC652C456C206CE26CA2A89AE89014428
:10D3D000138AC1959D4A83C751966362F40463978B
:10D3E00009029389C195130AF00F83C741966366BA
:10D3F000F4061144A1442285050442041306F00FEB
:10D40000CA854180EFF01FE6E31794FEF2406244C4
:10D41000D2444249B249224A924A05618280832716
:10D420000A0093144400BE9483C704009DC383D7AD
:10D430006400639027036396590103D52400EF101D
:10D44000606A26854E868145EF0010472685EFF0FD
:10D450005FD705041374F40FBDBF83A709009314AD
:10D460004400BE9483C704009DC383C794006380B7
:10D47000470383D76400639C27012685EFF01FF2E2
:10D480002685D145EF0030472685EFF09FD3050470
:10D490001374F40F99BF41677917630BE5024111CB
:10D4A00022C406C685472A846399F5002285224452
:10D4B000B240814541016FF05FF089476396F50006
:10D4C0008545EF1090177DD1B24022444101828002
:10D4D00082809D456FF07FEE03D5219682800111F9
:10D4E00006CE2317A1002316B10003C70196854776
:10D4F0006318F70070009305E1000545EF50101721
:10D50000F24005618280A947631CF60483C71500B9
:10D5100003C70500A207D98F2310F50083C7350084
:10D5200003C72500A207D98F2311F50083C7550033
:10D5300003C74500A207D98F2312F50083C77500E2
:10D5400003C76500A207D98F2313F50083C7950091
:10D5500003C78500A207D98F2314F50001458280F7
:10D560000545828091476314F60283C7150003C7FF
:10D570000500A207D98F2310F50083C7350003C724
:10D580002500A207D98F2311F500014582800545AA
:10D5900082809387C5FF93960701C1820D47636020
:10D5A000D70231473387E7029777FF1F9387875367
:10D5B000BA972381A7002390B700014582800945CF
:10D5C000828013074020AA876374A7009307402036
:10D5D000F1172391F1962383B1962384B19682802B
:10D5E0001905956542054111938535C0418106C6EF
:10D5F0009740FF1FE780C02011C5B240E9554101A7
:10D600006FE0C04CB24041018280238201962383A7
:10D610000196A3830196A3820196238001968547F4
:10D620000111A380F19606CE2AC622CC238B019647
:10D630002391019623AE0194EF10C0533245130697
:10D64000000381452388A1961775FF1F130585499F
:10D650009730FF1FE780004503C5419705CD9565CD
:10D66000938545C012059740FF1FE780601923A6E8
:10D67000A1960DC19387419783C7170003C64197B1
:10D680008145A382F196A383C19612069730FF1FAE
:10D69000E78040419387519683C707001775FF1FA6
:10D6A0000345454C95653E951375F50F2382A1966C
:10D6B000938555C012059740FF1FE780601423AE85
:10D6C000A19441C103C64196120681459730FF1FC0
:10D6D000E780403D9387C195984383C64196814733
:10D6E00025077D566398F604EF10C06BB1473305EC
:10D6F000F5029565938565C0420541819740FF1FFE
:10D70000E780001023ACA1962A8401CDEF10806938
:10D7100031463306C502814522859730FF1FE780D9
:10D7200060386244F24017050000130505D7056113
:10D730006F10E06785072300C70093F7F70F4107D5
:10D7400055B723820196A382019679BF4111939721
:10D75000050126C206C622C4C187AE8463DA070863
:10D7600003C50197EF607F9D2A8429C903470500FF
:10D77000930700096311F70403471500CD476317AA
:10D78000F706034525009775FF1F83C5151F83C73F
:10D79000619693066400014601472E886317E502EF
:10D7A00019C22383F19683C7619691C7854503C546
:10D7B0000197EF609FC92285EF601F912165258D3C
:10D7C000B240224492444101828003C60600B297CF
:10D7D00013F6F70F9377F80F6374B6009377F60F8D
:10D7E00005071377F70F890605464DBF0125E1B7F9
:10D7F00093F715000145E9D7EF00106C09C983C7FD
:10D80000619691C7854503C50197EF601FC413C595
:10D8100014007DB785462A8763FBC60483C71500BD
:10D8200003C60500A207D18F2310F500639CD70023
:10D8300083C7350083C62500A207D58F2311F500C5
:10D8400001458280894601456394D70283C735002C
:10D8500083C62500A207D58F2311F70083C7550083
:10D8600083C64500A207D58F2312F70082800545A5
:10D87000828091476314F60283C7150003C7050031
:10D88000A207D98F2310F50083C7350003C72500F1
:10D89000A207D98F2311F5000145828005458280BA
:10D8A00091476314F60283C7150003C70500A2075A
:10D8B000D98F2310F50083C7350003C72500A207C1
:10D8C000D98F2311F5000145828005458280A1474B
:10D8D0006314F60483C7150003C70500A207D98F98
:10D8E0002310F50083C7350003C72500A207D98F91
:10D8F0002311F50083C7550003C74500A207D98F40
:10D900002312F50083C7750003C76500A207D98FEE
:10D910002313F50001458280054582808947631CF9
:10D92000F60083C7150003C70500A207D98F23108F
:10D93000F500014582800545828083572600797174
:10D940004ECE06D622D426D24AD01307F007AE898F
:10D950006372F70209473AC42316F100300093F5C9
:10D96000F50FEF100017B250225492540259F249A9
:10D970004561828003574600D9462A89328463F87C
:10D98000E6008357660063F4F6006379F70023141A
:10D990000100300093F5F90F4A85E1B70355060001
:10D9A00002C4EFF08FFBAA8459C1EFF05F9983C7DF
:10D9B00084006369F5001146A246CE854A85EF10C2
:10D9C000E00655B7340026869305F00F4A85EFF040
:10D9D0004FE575F1A24703578400DC472390E70029
:10D9E000035724002391E700035744002392E700E4
:10D9F000035764002393E70003D744002394E70010
:10DA0000DC4485CB93F4F90F2286A6854A8582975C
:10DA1000C167FD172A86E311F5FA22459947F945B2
:10DA20002300F50023029500EFF0BF952DBF0946B6
:10DA300061B7014651B7A947631CF60483C71500B7
:10DA400003C70500A207D98F2310F50083C735004F
:10DA500003C72500A207D98F2311F50083C75500FE
:10DA600003C74500A207D98F2312F50083C77500AD
:10DA700003C76500A207D98F2313F50083C795005C
:10DA800003C78500A207D98F2314F50001458280C2
:10DA90000545828083C705002300F50083C7150074
:10DAA000A300F50083C7350003C72500A207D98F5F
:10DAB0002311F50082802322050003C74500894712
:10DAC0006304F7000545828083D665000D47E37B3C
:10DAD000D7FE9C45011106CE22CC26CA4AC84EC6A6
:10DAE00083C4170003C60700A204D18C1386440028
:10DAF0006311D60403C4370083C72700AE8922040C
:10DB00005D8C9307C4FFC207C1832A89636FF70046
:10DB100003A589002311990023108900F155EFD046
:10DB2000F07A2322A900014531A02285EFF02FDDF4
:10DB300065F10545F2406244D2444249B24905616B
:10DB40008280397122DC2E84834704004AD806DEA5
:10DB500026DA4ED619472A89B285639AE706034624
:10DB600024002800EFF0FFD0AA8415E903558100B6
:10DB7000EFF0EFD8AA898345140015C92E86171730
:10DB80000000130767E834009D454A85EF00903E8A
:10DB90004E85094681450D234E85EFF08FE2F25008
:10DBA000625426854259D254B259216182808947F4
:10DBB0002310F100835781000A862311F100835757
:10DBC000A1002312F1004A85EF00B070C9BF494798
:10DBD000639DE702035624002800EFF05FCFAA847C
:10DBE0005DFD9777FF1F83D7A7F099E3814445BF79
:10DBF00003471400834604003C000146CA8517759C
:10DC0000FF1F034505EF352E59BF51476390E702CB
:10DC1000035624002800EFF01F8FAA8449F18345A2
:10DC2000140030004A85EFF05FD195BF5947639FDC
:10DC3000E704035624002800EFF0DF92AA8425F1C0
:10DC4000835581004A85EFF00FD41DC55845835692
:10DC5000A10083570700B697C207C1832310F700BE
:10DC6000D1D75C47C1D783C76196C9D3854503C562
:10DC70000197EF608FFD25B789473EC0835781002C
:10DC80000A86834514002312F10035BF8345140032
:10DC90000A8623100100EF00D06389BF5D71A6C220
:10DCA00056DA86C6A2C4CAC04EDE52DCAA8A03C5B2
:10DCB0001500AE8432C6EFF04FC7B24501ED814486
:10DCC000B6402644268506499644F259625AD25AED
:10DCD00061618280230205002311050083C90400CD
:10DCE00085472A84639AF90003C624002808EFF0C8
:10DCF0007FB2AA8405492DA09D476394F904034788
:10DD000005008D47E31DF7FA03C6240028080549DE
:10DD1000EFF01FB9AA8409E5054681452285692EE1
:10DD20002285EFF0AFE7034584003C080147CE862B
:10DD30002686D6853924E30509F82285EFF06FC8D9
:10DD400041B7CD47639DF900034705009147E318AC
:10DD5000F7F603C624002808EFF05FBC59BFD5478B
:10DD6000E39FF9F4034A05008947E31AFAF403C66E
:10DD7000240028080549EFF01FCCAA8455F18357E9
:10DD80000102BDE3035781011306F0035C449306CF
:10DD900007FCC206C182636CD6000356A101D946B6
:10DDA00063F7C6008356C101D94563EFD50003551B
:10DDB00024002391E7000549EF00D05203560102E9
:10DDC000D2852285612CA9BF8355E1012391E7000B
:10DDD0002392C7002390B7002393D70085472300E1
:10DDE000F400014A0149D9BF014AC9BF7971AA8526
:10DDF00022D426D203542500AA84280806D6EFF0A0
:10DE00009FCBF24599E535E985452285EFF02FED69
:10DE1000C1A0835781011547639BE7060357A10102
:10DE20008D4763FCE7046800EFF0DFC60357E100AD
:10DE3000DD4763FCE7008345D100B707170085077E
:10DE4000100822853EC8EF00D0488357E1000357F1
:10DE5000A10191076305F7002285EFF08FE7834763
:10DE6000C10072466C00858B1106228591CFEFF0C0
:10DE7000FFE201C52285EFF0CFE5884451D59740F8
:10DE8000FF1FE78040A449B7EFF0BFCBDDB71147D4
:10DE90006389E7001387A7FF42074183854663EE46
:10DEA000E6023147F117B387E7021777FF1F130721
:10DEB00067C3BA9703D7070069D303C527003008A3
:10DEC000A2850D205DF9035781019147E31EF7F20A
:10DED000B25022549254456182802C082285B92682
:10DEE00049FDFDB701114AC82A89314526CA06CE27
:10DEF00022CC2EC6B284EF60EF9F31C1B2459307AA
:10DF0000000A2310F5002311B5002A8421461105CB
:10DF10008DC0A6859730FF1FE78040B5A2854A8552
:10DF2000EF602FA80145F2406244D24442490561A6
:10DF3000828081459730FF1FE780C0B6C5B7054591
:10DF4000DDB7797126D2AA841305000206D622D441
:10DF50002ECE32CC36CA3AC83EC6EF60AF9931C930
:10DF60006246F2454247D246B2472A84130520FA58
:10DF70002300A400A300C4002311B4002302E40082
:10DF8000A302D40013058400614691CFBE8597306B
:10DF9000FF1FE780A0ADA2852254B250268592547F
:10DFA00045616F600FA081459730FF1FE78080AF0C
:10DFB000DDB7B25022549254456182805845797140
:10DFC00022D406D62A84AE8641C383572700231D58
:10DFD000F10093072006639FF5049387219603D6EB
:10DFE0000700835767006373F600B28713F6F70FD5
:10DFF00083552701834707018D8F93F7F70F81E53D
:10E00000890793F7F70FB297FD17B3C7C702231E0F
:10E01000F100835724008355640003458400231CCA
:10E02000F10001473C080146EFF0BFF1B250225425
:10E03000456182800347C7019387C1969C431207BD
:10E04000BA9783D76700E1B72EC6194681452808DD
:10E050009730FF1FE78000A5B24665BF797122D4D3
:10E0600006D626D22A848DC1814701479306000631
:10E070002E868355640003458400EFF09FECB25078
:10E080002254925445618280B284280059469730C8
:10E09000FF1FE78020A12314910089E88357240003
:10E0A00048446C002315F100EFF04FA13C000147FC
:10E0B00093060006014675BF797106D6814799ED32
:10E0C0008357250058452316C1002314F1003C0056
:10E0D00011C7835727002315F1003C002E86835576
:10E0E000650003458500014793060006EFF07FE5D4
:10E0F000B25045618280411122C406C683470500A3
:10E1000011472A846395E7022E86835565000345EF
:10E11000850081470147CD46EFF0BFE24946835570
:10E1200064002244B240154541016FF0AF9313F7EC
:10E13000B70F89466317D7000146EFF03FF251460B
:10E14000F9BF0D476398E7002244B2400146410100
:10E150006FF09FF6B24022444101828083D70500D0
:10E160003147F1173387E7029777FF1F9387879728
:10E17000BA97D84319EBD8412395A7000145D8C3D6
:10E1800003D725002394E700828059458280797166
:10E1900022D4404526D24AD006D6AA842E8925C04C
:10E1A000484419C59730FF1FE780E071232604001B
:10E1B0008357040083D5640003C584002315F10050
:10E1C000835724000147930640062316F100835726
:10E1D00084004A862317F1001C483EC883D72400D8
:10E1E0002314F1003C00EFF0DFD5A30E2401232817
:10E1F0000400B25022549254025945618280280092
:10E20000314681459730FF1FE780C08983D72400BE
:10E2100083D5640003C584002314F10001473C004A
:10E22000930640064A86EFF0DFD1E1B7797152CC10
:10E230002A8A03D5050026D206D622D44AD04ECE4D
:10E2400056CAAE84EFE0BFEB19E18547BDA8404553
:10E25000AA8965DC83576500E39947FF83578400EB
:10E26000638707128346C401938AC19603A70A00F5
:10E270009206FD173697C20703576700C183231420
:10E28000F4006316F70093053006EFF03FD35C48C7
:10E29000A5EFC840034915008347050022093369EB
:10E2A000F90083D7240013072900631AF702F955F0
:10E2B000EFD0D001C8C02391240103C58900268670
:10E2C000D285EFF03FC2814721E1B25022549254EF
:10E2D0000259F249624AD24A3E854561828095657B
:10E2E000938515C04A859730FF1FE780605148C865
:10E2F000C840231C2401F955EFD0407D83D724006A
:10E30000C8C0F9172391F400484859C503D6240022
:10E310008356A401835784013308D60063C00709DC
:10E320000347C40183A70A0095451207BA9783D70C
:10E33000270063CF0705CC4036959720FF1FE78065
:10E34000E0720357A40183D72400BA97C20703578A
:10E350008401C183231DF400E399E7EE03D729006C
:10E3600003C5890030002314E1005848D2852315E5
:10E37000F1003AC6EFF01FB711C548489730FF1FAC
:10E38000E7806054232A0400232C04007DBD9945B6
:10E390004E85EFE0FFE755BDA545DDBF9145CDBFFB
:10E3A00003D7250079CB83D62196ED4763E8E60CA9
:10E3B000011122CC2E8426CAAA844840914506CE5B
:10E3C000EFD0C07083572400AA862300F50083573E
:10E3D0002400A183A300F500835704002301F50066
:10E3E00083570400A183A301F50003562400C167ED
:10E3F000F9171106420641826394F4042AC4314598
:10E4000032C6EF503FCFAA85CD470DC5930700F91F
:10E410003246A2462300F500F9572311F50089473B
:10E420002302F5002313C50014C503C50197EF505F
:10E430005FD78147F2406244D2443E8505618280C5
:10E4400081452685EF40B02FAA8701E903C7619671
:10E4500075D37D172383E196F1BF09476302E50277
:10E460001D476301E50249476300E5027D47E31369
:10E47000E5FC03C761968147E1BFED473E85828099
:10E48000D1474DBF91477DB789476DB7011122CC68
:10E490004AC831441309C5FF330489029767FF1F37
:10E4A0009387476406CE26CA3E94584031C783C638
:10E4B0006196BE84854795CA2314A10083578400C2
:10E4C0000355A4002C003AC62315F100EFF05FEDD0
:10E4D00011C548409730FF1FE780E03EB147B307C2
:10E4E000F902A69723A207008547F2406244D2446E
:10E4F00042493E85056182808147C5BF797126D238
:10E500004445138721964AD083D7640003590700F6
:10E5100052CC06D622D44ECE56CA2A8A63F327019D
:10E520003E8903D7240142091359090183D7040105
:10E5300041CB998F4A8463D5270113940701418009
:10E5400089452285EFF0CF89AA89CD4A25C183D795
:10E5500024002AC6231581002314F10083D7240147
:10E5600085E383D70401930925002300F50083D7B1
:10E570000401A183A300F5006376240503D40401FC
:10E5800083D72401CC4422864E85BE959720FF1F59
:10E59000E780C04D03556A002C00EFF07FE0AA8AA7
:10E5A00015C54E859730FF1FE780E031B2502254E9
:10E5B000568592540259F249624AD24A4561828094
:10E5C00089078DBF7914420441805DBF03D72401C0
:10E5D00083D704003A94FD17C207420403D704010D
:10E5E000C18341802390F400239984006377E40081
:10E5F000D5FFFD57A38EF40055BF81455285EFF03E
:10E600001FB96DB701114EC683C9619722CC52C4A0
:10E6100056C25AC006CE26CA4AC84E84138AC1952D
:10E62000854A130BF00F83270A0093144400BE940D
:10E6300003C9040063175907DC44A5C7D84735C38D
:10E6400003D7070039C383C7619689CF2685EFF0CA
:10E65000FFEAAA8515E5050483C75196635FF400B8
:10E66000238B8196F24062444A85D2444249B249A2
:10E67000224A924A024B05618280238B0196DDB7C4
:10E680002685EFF0DFB00149F1BF83C7D701639A58
:10E690006701930520062685EFF05F92DC44A38E88
:10E6A000070005041374F40F83C751966363F400E5
:10E6B0000144E31A34F7C1BF4111154506C6EFF016
:10E6C000FFDC09C50545B240410182801945EFF0E4
:10E6D000FFDB6DF91145EFF07FDB6DF51D45EFF0C8
:10E6E000FFDA6DF183C75196F9DFB24041016FF057
:10E6F0007FF183D705000D47F117C207C18363611E
:10E70000F706DC41B1CF411122C42E84854526C2D3
:10E7100006C6AA841D2739C526858125C167F91734
:10E72000638FF40009ED8357240091CB83560400D6
:10E730001947639FE60203D7219663FBE70283C76D
:10E740006196A285268599C72244B2409244410130
:10E750006FF01FC52244B240924441016FF01FA0E8
:10E76000094582805145B240224492444101828051
:10E770006D45D5BF397126DA4ED6AA84AE895D457E
:10E7800089454AD806DE22DC328936C63AC4EFE033
:10E790003FE525C522472A84014511C7B246130526
:10E7A0004400B68502979357850023003401A300E7
:10E7B00024012301A400A301F40011059547231DA2
:10E7C000A100231CF10022CE83C761962C08268568
:10E7D00095C3EFF0FFBCAA8411C522859730FF1FB7
:10E7E000E780600EF250625426854259D254B259E5
:10E7F00021618280EFF09F96F9BFCD44E5B7797132
:10E8000026D24AD052CC56CA06D6BA8A22D44ECE86
:10E8100019472E89B284368A639BE5060355260084
:10E820000944EFE0DF8D2AC63DC95C458359650088
:10E8300083D727002390F400B24715472380570160
:10E8400003C611962391E700130716001377F70FFD
:10E85000A380E1962382C70001E70547A380E196E4
:10E860005147631AE90015472391E400DC4703D7B9
:10E8700084002394E7005287A686CA854E85EFF070
:10E880007FEF2A84324515C4EFE0BF9309A8428682
:10E890007400BE85AA89EFE0CFF82A8451DD228575
:10E8A000B250225492540259F249624AD24A456106
:10E8B0008280F945EFE0FFACDDB783D70500230088
:10E8C000F50083D70500A183A300F50083D72500B9
:10E8D0002301F50083D72500A183A301F50011458D
:10E8E000828083D705002300F50083D70500A1832C
:10E8F000A300F50083D725002301F50083D7250069
:10E90000A183A301F50083D745002302F50083D737
:10E910004500A183A302F50083D765002303F5001A
:10E9200083D76500A183A303F5002145828083D7A7
:10E9300005002300F50083D70500A183A300F5009F
:10E940000945828083D705002300F50083D70500A1
:10E95000A183A300F50083D725002301F50083D709
:10E960002500A183A301F50083D745002302F5000C
:10E9700083D74500A183A302F50083D76500230355
:10E98000F50083D76500A183A303F50083D7850035
:10E990002304F50083D78500A183A304F50029454E
:10E9A000828003D705008546AA872300E50003D7A8
:10E9B00005002183A300E50003D70500631DD700F0
:10E9C00003D725002301E50003D725002183A301F8
:10E9D000E5001145828009456315A70203D725008C
:10E9E00019452381E70003D725002183A381E70090
:10E9F00003D745002382E70003D745002183A38284
:10EA0000E700828083D705002300F50083D7050047
:10EA1000A183A300F50083D725002301F50083D748
:10EA20002500A183A301F50011458280797126D2CA
:10EA30004AD04ECEB2842A89AE8929468145480003
:10EA400022D406D636849720FF1FE780A005231620
:10EA5000910085EC835724002312F10093872196BF
:10EA600083D707002314F1005C4485C383C6C70124
:10EA70001387C1961843920683D7870036970357AA
:10EA800027002315F1002313E1004A851707000032
:10EA9000130787EB540013F6F90FD545EFF09FCD20
:10EAA0002A8911C19DE085472300F4002302040058
:10EAB000014681452285EFF06FDAB25022544A8533
:10EAC00092540259F249456182802285EFE06FEF4E
:10EAD000EDB7B286170700001307E7EC2E868545D1
:10EAE0006FF05FC901112317A10041657000014853
:10EAF0009307F00F0D4797060000938646DC994573
:10EB00007D1506CEEFF0BFCFF24005618280B2875F
:10EB100001482E861147970600009386C6DCC9453A
:10EB20006FF0FFCDB28617070000130787E02E862F
:10EB3000CD456FF03FC4011122CC26CA4AC84EC64B
:10EB400006CE2A89AE891764FF1F1304A4FC9764BC
:10EB5000FF1F938424FF1C4081C7CE854A8582977E
:10EB60001104E31A94FEF2406244D2444249B2498D
:10EB7000056182801765FF1F0345B5E09377350077
:10EB800009811767FF1FA30FF7FCAA971767FF1FDD
:10EB9000230AF7FCBDCF1305C0033385A702A56583
:10EBA0004111850506C69730FF1FE78060C523AE7B
:10EBB000A1969307C0031766FF1F0346A6FA330604
:10EBC000F60281459720FF1FE780C0ED9387C1972C
:10EBD0009C439766FF1F83C6E6F8014789077D5669
:10EBE000634FD700B2401306000381451765FF1F2E
:10EBF000130545F241011723FF1F6700A3EA239085
:10EC0000C7002381070023A5070205079387C703D1
:10EC1000C1BF82809387C19798431766FF1F034641
:10EC200066F481476315F600814636858280BA8690
:10EC30001307C703835567FCE389A5FE850793F790
:10EC4000F70FCDB7011122CC2EC632C406CE2A84CE
:10EC5000EFF05FFC2246B24511E9C167F917630383
:10EC6000F4005145F2406244056182805455834767
:10EC7000450095C213F7270141456314A7001545C8
:10EC800075F2C18B3D45F9DF83C7A6010145E3FB62
:10EC9000B7FC3145C1BFC18B0145E9F71545D9B76F
:10ECA000797126D2C16422D44AD04ECE52CC56CAF3
:10ECB00006D62A8901449389C197130AC003FD141B
:10ECC000854A9767FF1F83C7E7E96364F40001453E
:10ECD00035A8B307440303A70900BA9703D7270051
:10ECE0006316970005041374F40FE1BF03C55700C2
:10ECF000300093856700EFB020331946CA8528009D
:10ED00009720FF1FE78080DFE31E55FDB25022549D
:10ED100092540259F249624AD24A456182809387ED
:10ED2000C197C16698439765FF1F83C5A5E38147D7
:10ED3000FD166395F5000146328582800358270051
:10ED40003A866306D80003480700E307A8FE850754
:10ED500093F7F70F1307C703E9BF411106C6EFF09A
:10ED60007FEB11C503554501B24041018280014549
:10ED7000E5BF9387C19798439766FF1F83C686DEDA
:10ED80008147110701456393F6008280034607001F
:10ED900001C605051375F50F850793F7F70F1307E0
:10EDA000C703D5B71765FF1F0345C5DB828017670B
:10EDB000FF1F130727D68147BA8631460C4391E5DA
:10EDC0008A07B69788C30145828085071107E397B4
:10EDD000C7FE4D458280411106C622C4EFF09FE375
:10EDE0001DCD2A84035525008545EFF0DFD4485416
:10EDF00009C59730FF1FE78000AD22851306C003C9
:10EE000081459720FF1FE780E0C9FD572311F400DB
:10EE1000230204000145B240224441018280094599
:10EE2000DDBF411106C6EFF0FFDE11C50345C50089
:10EE3000B240410182800145E5BFC167F917630413
:10EE4000F502411122C406C62E84EFF0BFDCAA876A
:10EE5000014591C703C54700698C33358000B24036
:10EE600022444101828005458280011106CE2EC6D2
:10EE7000EFF05FDA854711C903574501B245854771
:10EE80006305B700231AB5008147F2403E8505614E
:10EE9000828031C901114AC8416922CC26CA4EC6B6
:10EEA00052C406CE0144AA849389C197130AC003B1
:10EEB0007D199767FF1F83C7E7CA634AF400F240D2
:10EEC0006244D2444249B249224A056182803305F4
:10EED000440383A709003E958357250063832701D8
:10EEE00082940504F9B782809387C1979C43C166D9
:10EEF0001766FF1F034606C7890701450147FD1630
:10EF000091456313E600828003D807006309D800A7
:10EF100003C8A7006315B80005051375F50F0507AD
:10EF20001377F70F9387C703E9BF9387C19794437C
:10EF30001766FF1F034606C301479106814763100A
:10EF4000E602858393C7F7FFC207C1830545636463
:10EF5000E50285473395A70042054181828083C53C
:10EF6000060081C583D5C602CD8F05071377F70F3D
:10EF70009386C603E9B793F61700E1FE050585837E
:10EF80001375F50FE9B7797156CAAA8A2E8526D26C
:10EF90004AD04ECE52CC5AC85EC662C406D622D4DF
:10EFA000AE84328B368CBA8B3E8AC2894689EFF0AA
:10EFB0007FC649E141657D15EFF0DFC52A845545DF
:10EFC00031CC1946DE8513056400A3028401972025
:10EFD000FF1FE780A0A98357010323119400230298
:10EFE00064012319F40083574103230054012326AD
:10EFF0000402231AF40023064401231734012318C2
:10F000002401EFF09FF22318A402232A040226858C
:10F01000232C04028145EFF01FB20145B250225467
:10F0200092540259F249624AD24A424BB24B224CA4
:10F03000456182804545DDB79387C19798439766C0
:10F04000FF1F83C626B281476395F60041657D1593
:10F0500082803A861307C703835547FF6395A5004F
:10F06000035526008280850793F7F70FF1BF93873A
:10F07000C197944341661768FF1F0348A8AE014734
:10F080007D16954811436314E8000145828083D7BB
:10F09000260036856380C704CC5A8DCD83C73500E2
:10F0A00083C5250089CD938597FD93F5F50FE37F03
:10F0B000B3FC9387D7FA93F7D70F89EF82809385B4
:10F0C000F7FD93F5F50FE3F3B8FC9387D7FA93F7C1
:10F0D000D70FCDDF05071377F70F9386C60365B704
:10F0E0009387C197416698439765FF1F83C585A79E
:10F0F00081477D1625486394F5000145828083563B
:10F1000027003A85638CC600545B89CA83C63600E3
:10F110009386E6FD93F6F60FE372D8FE850793F724
:10F12000F70F1307C703C1BF011122CC2A84494539
:10F1300006CEEF708FF015C12AC62285EFF09FAD85
:10F1400009CD6244324683550503F2401765FF1F1F
:10F150000345F5A005616F500FC6F240624405619A
:10F16000828039714ED652D4AE892A8A93053005F1
:10F17000414526DA4AD856D206DE22DC32C6368926
:10F18000BA8A9720FF1FE780A067CD4431C92A843F
:10F1900089446382090432468145231AC1004146ED
:10F1A0009720FF1FE78000905686CE852285972006
:10F1B000FF1FE780A08B2146630E0902CA8528083D
:10F1C0009720FF1FE780808AA28650082C0852856E
:10F1D000EF30104DAA8422859720FF1FE780A06E94
:10F1E000F250625426854259D254B259225A925A48
:10F1F00021618280814528089720FF1FE780808A4F
:10F20000E1B7411122C4405926C206C6AA8429CCBE
:10F21000085409C59720FF1FE780E06A285809C5F0
:10F220009720FF1FE780206A685809C59720FF1FB5
:10F23000E7806069285C09C59720FF1FE780A06808
:10F24000685C09C59720FF1FE780E0670325040875
:10F2500009C59720FF1FE780006722859720FF1FC1
:10F26000E780606623AA0402224483D50403B240E7
:10F2700092441765FF1F0345958E41016F50CFD40F
:10F28000411126C206C622C4AE84EFF0BF9821C544
:10F290004C592A84A9C183A8C50703A88507FC592E
:10F2A000B85983C6650003D6050083C525002685A9
:10F2B000EF70CFE02285EFF0DFF4EFF07FE201CDD9
:10F2C0002244B24092441765FF1F03455589854586
:10F2D00041016F508F97B240224492444101828095
:10F2E000011122CC06CE2A842EC6EFF0BF925C59C3
:10F2F00091CF83D70700B245639A8700854763970C
:10F30000F5006244F24005616FF0BFEFF2406244E5
:10F3100005618280411106C622C426C2EFF03FD5A6
:10F3200029C14059AA8415CC8347240085CB9387F3
:10F3300041989C4389C7DC4399C322858297034740
:10F3400034009307F002631EF700224403D5240023
:10F35000B2409244814541016FF09FF293878198BA
:10F36000C9BFB2402244924441018280411126C269
:10F370004AC006C622C4AA842E89EFF0BF8931C1D3
:10F38000405945CC835704006399970A834734005A
:10F39000130710026399E70883472400D1C37C5404
:10F3A0000327040883D7470105E713F717000DC3A8
:10F3B000185403574700058B01CF93072002A30180
:10F3C000F400B24022449244024905454101828042
:10F3D00013F7270009CB185403574700098B01C7BF
:10F3E00093074002E9BF918B89CB1C5483D7470018
:10F3F000918B81C793076002D9B7938741989C434B
:10F40000E9D3DC43DDDF228582970347340093078D
:10F41000F0028145E317F7FA2685EFF07FE655B74E
:10F4200093878198E9BF1307A0026398E7006304FC
:10F43000090013092003CA85C5B7631C0900268586
:10F44000EFF04FFD19C58347450093E707012302FD
:10F45000F500A6854A85EF609FDAA5B7797126D2B7
:10F460009947231DB100AA842E858D4522D406D646
:10F4700032C636C4231CF100EFE08F962ACE4D44ED
:10F480001DC13246A246AA85328582962A8419E594
:10F490002C082685EFF0EFA52A8411C57245972028
:10F4A000FF1FE78040422685EFF01FC82285B2503B
:10F4B0002254925445618280411122C42E862E84AA
:10F4C0009726000093862692894506C626C24AC022
:10F4D0002A89EFF0BFF883450400AA844A85EFF03B
:10F4E0003FDAB2402244268502499244410182809B
:10F4F000938781989C4395CB9C4385CB1D71A2CC6F
:10F5000086CE984110082A843AC8D84185453ACA1F
:10F51000829701C92306A100035524006C00EFF077
:10F52000BFF9F6406644256182808280AE8715C5AA
:10F53000785505C7834607002380D500834617000A
:10F54000A380D500834627012381D5008346870108
:10F55000584BA381D500D8C18280414681453E8564
:10F560001713FF1F67000354938741989C4391C76B
:10F5700003A3870063030300028309458280138786
:10F58000019F18431DC75843AA8705450DC703A50A
:10F590000708411106C6930605021306050C9305DC
:10F5A0000506130505040297B2401375F50F4101D6
:10F5B00082800545828082804DC9357122CD2A84A2
:10F5C0000355050026CB4AC94EC756C306CF52C5C0
:10F5D0005AC1DEDEB68AB2892E89EFF0AFE3AA8483
:10F5E00039C50C182285EFF07FF483472400138A75
:10F5F0006400A9CBEF605F9A2A8B014583CB54004E
:10F60000EF605F97AA840C100818EF10405F085451
:10F610002C10EF10605FD288268A56C05E88D28791
:10F620005A8714103010CE854A85EF201019FA4001
:10F630006A44DA444A49BA492A4A9A4A0A4BF65B6A
:10F640000D618280EF605F95AA8B014503CB54006A
:10F65000EF605F922ACE08540C10EF10405A2C1025
:10F660000818EF10605AF2484DBF8280C14709CD9B
:10F670001455C14791CA785501CB83C73600BD46A2
:10F6800063F4F600834787013E85828089476309DA
:10F69000051063870510411106C622C426C28347A0
:10F6A00015002E842380F50083472500A380F500F4
:10F6B000834735002381F50083474500A381F5008A
:10F6C00083475500858B9396870083D7450093F732
:10F6D000F7EFD58F2392F5008346550093F7F7DFB8
:10F6E000A20693F60620DD8E2392D500034755002F
:10F6F00093F6F6BF220713770740558F2392E50054
:10F7000083475500FD769386F67F8D87858B758FB1
:10F71000AE07D98F2392F50083466500F99B858A51
:10F72000DD8E2392D500034765009377270013F7FA
:10F73000D6FF5D8F2392E5008347650093F647006F
:10F740009377B7FFD58F2392F50003476500DD9BC4
:10F750004D45218BD98F2392F500EF700F8EAA842F
:10F760005145EF708F8D0347340093F4F40FC94770
:10F77000636297021375F50F636EE500834604001C
:10F780001147E1476368D700834614000547636368
:10F79000D7008147B240224492443E854101828095
:10F7A0003E85828015C1AA8709458DC141112E85EC
:10F7B00041469385170006C69710FF1FE780002B70
:10F7C000B24001454101828009458280828089479B
:10F7D0001DC595C5411106C603471500AE871946DC
:10F7E0002380E50093052500138517009710FF1F60
:10F7F000E780C027B24081473E85410182803E8537
:10F80000828015C1AA8709458DC141112E854146C7
:10F810009385170006C69710FF1FE7802025B2408A
:10F8200001454101828009458280828089471DC946
:10F8300095C9411106C60347250083461500AE87CA
:10F840002207558F2390E500214693053500138547
:10F8500027009710FF1FE7806021B24081473E8557
:10F86000410182803E85828015C1AA8709458DC1EC
:10F8700041112E8541469385170006C69710FF1F3C
:10F88000E780C01EB2400145410182800945828067
:10F890008280894719C991C903471500BD46E147D0
:10F8A00063E5E6002380E50081473E85828015C13F
:10F8B000AA8709458DC141112E85414693851700C0
:10F8C00006C69710FF1FE780601AB240014541014C
:10F8D000828009458280828015C1AA8709458DC131
:10F8E00041112E8541469385170006C69710FF1FCC
:10F8F000E780C017B24001454101828009458280FE
:10F9000082801DC1AA87094595C141112E85130624
:10F9100000049385170006C69710FF1FE7800015A7
:10F92000B24001454101828009458280828015C133
:10F93000AA8709458DC141112E854146938517003F
:10F9400006C69710FF1FE7806012B24001454101D3
:10F9500082800945828082801D71A2CC2A8408455C
:10F9600086CEA6CA23060100834405003547938747
:10F97000F4FF93F7F70F636AF70C1767010013079B
:10F98000E7C98A07BA979C43BA9782870C08EFF0B9
:10F99000FFCFC9476312F50299472306F1000355CB
:10F9A00024006C00EFF05FB1F6406644D644256158
:10F9B00082800C08EFF05FEB29C98347C100E5F3B3
:10F9C00003552400EFF04FF6C5B70C08EFF03FEEFB
:10F9D000E5B70C08EFF0FFEBC5B70C08EFF09FDCC4
:10F9E000E1BF0C08EFF09FE4C1BF0C08EFF07FE12E
:10F9F000E1B70C08EFF0BFDDC1B70C08EFF0DFEDA9
:10FA000065BF834715002308F10003552400EFF07C
:10FA10006FA0A14705C10347C500631AF70293878A
:10FA2000419898439D4719C7184309C71008A685F0
:10FA30000297AA872306F10049B70C08EFF07FEC84
:10FA4000A5BF0C08EFF0BFEE85BF9D47B9B7938700
:10FA50008198C1BF011122CC06CE26CA4AC84EC623
:10FA600003470500930720092A846317F712834789
:10FA7000150039476391E70A835645000967610716
:10FA800081476393E6109389019803A50900CE840A
:10FA9000630C050E0C4403C90500631E090083476F
:10FAA000050085052146A9CB29059710FF1FE78092
:10FAB000E0FB9C40B9CF4945EF40CFE32A840DC518
:10FAC000930710FC2300F500A30025018C400905D5
:10FAD000414689059710FF1FE78040F99C40A285A9
:10FAE00003C51700EF40EFEB88409720FF1FE7802A
:10FAF00080DD23A0019831A809059710FF1FE7803A
:10FB0000E0F6EF30A03905494DF583A709002380C1
:10FB10002701854795A81307E003639DE70803477E
:10FB200025009547631EF70203554500EFF06FAFC0
:10FB30009147E310F5FE938781989C43F9DB03A37B
:10FB40008700E30803FC0356E400035544009305D3
:10FB500064006244F240D2444249B24905610283E2
:10FB6000A147631EF70083456400035544006244C7
:10FB7000F240D2444249B24905616FF02FFF93062B
:10FB800000038147E301D7FEF2406244D244424978
:10FB9000B2493E85056182809306000A8147E315DC
:10FBA000D7FEEFF07FDB08442DD59720FF1FE780BD
:10FBB00080D185B78147C9BF011126CA06CE22CCA4
:10FBC00089441DCD95CDAA842E8468008D45EF60B3
:10FBD000EF8B8347E1002685228693F7F70393E7AF
:10FBE00007046C002307F100EF202034AA8409E900
:10FBF0000D466C00130534009710FF1FE78000E7E7
:10FC0000F24062442685D244056182805D714EDEF9
:10FC100086C6A2C4A6C2CAC052DC56DA5AD85ED67C
:10FC2000894945CD5DCA138B4500420B135B0B011F
:10FC3000AE8A2A8A930530055A85B2849720FF1F21
:10FC4000E78000BC2A84CD4949C9EF600FB72A89F3
:10FC50005686D285935A8900135A0901937BF90F6E
:10FC60001305440093FAFA0F137AFA0F1359890116
:10FC70009710FF1FE78060EBA3017401230154017B
:10FC8000A300440123002401EF606FB2AA8541461E
:10FC900008089710FF1FE78040E9214734005A8683
:10FCA000A2850808EF20004FAA891DE121462C00FB
:10FCB00023807401A380540123814401A381240182
:10FCC000138544009710FF1FE78020E6EF60CFAF59
:10FCD00022859720FF1FE78000BFB64026444E854F
:10FCE00096440649F259625AD25A425BB25B61614C
:10FCF000828001114AC82A892E8506CE22CC26CAC6
:10FD00002EC6EFE03FF171C5405971C483475400DE
:10FD10000947B24593F6B70F6387E600114713050D
:10FD2000E00F6392E708835704000945639DB70617
:10FD3000930484004146CA8526859710FF1FE780FB
:10FD4000E0D24146CA85130584019710FF1FE78062
:10FD5000E0D10347340085469307F7FE93F7F70F8A
:10FD600063E9F6041306C4033285C14532C6EF5079
:10FD7000FFF132469306C402A6852285EFF0DF83A9
:10FD80008347240089CB22856244F240D244424911
:10FD900005616F10400E03473400C947E305F7FEC5
:10FDA000A301F4000145F2406244D2444249056196
:10FDB0008280930710050145E317F7FE834724006F
:10FDC000FDD322856244F240D244424905616F105E
:10FDD00000110945C9BF4945F9B729CD011126CA06
:10FDE00006CE22CCAA840945A9C10D4628002E843E
:10FDF0008D059710FF1FE78060C78347A100700043
:10FE00002C0093F7F70393E7070426852305F100F9
:10FE1000EF20A01119E90D46A28568009710FF1F79
:10FE2000E780C0CD7D153335A000F2406244D24456
:10FE30000561828009458280011152C42A8A328577
:10FE40004EC656C25AC006CE22CC26CA4AC82E8BEF
:10FE5000B28AB689EFE01FDC09ED8944F2406244C2
:10FE600026854249D244B249224A924A024B056150
:10FE700082805C592A89C544F5F34D45EF60FF9BAC
:10FE80001374F50F5145EF605F9BE38809FC83C74E
:10FE90008901E3E487FC1375F50FE360F5FC930536
:10FEA0003005130540089720FF1FE7806095232A3F
:10FEB000A9022A84CD445DD11306400881459710DC
:10FEC000FF1FE78020BEA301040023014401230299
:10FED0006401231054012326340723240402A302BF
:10FEE00004008144E30C0AF62285EF00D072AA8454
:10FEF00035D54A85EFF0EFB095B7397122DC06DED3
:10FF000026DA4AD84ED652D456D25AD05ECE62CCD9
:10FF100066CA0944630B061063090710AA8B3A8965
:10FF2000368BB28A2E8CEFE0FFCE2A8A5144630EC4
:10FF3000050E9305300541459720FF1FE780408C53
:10FF4000AA894D447DC18344190083472900A20436
:10FF5000C207BE9483470900BE9483473900E20775
:10FF6000BE9483278A0263E697007D57094463990C
:10FF7000E70A63070C0083474A000544898BCDC319
:10FF8000930C4B00214681450A85C20C9710FF1F38
:10FF9000E78040B193DC0C0193053005668597201E
:10FFA000FF1FE780E0852A8C4D443DC95A86D685DF
:10FFB00011059710FF1FE78040B71146CA8562857B
:10FFC0009710FF1FE78060B6414693058A014E8572
:10FFD0009710FF1FE78060B521478A866686E28515
:10FFE0004E85EF20201B2A841DE521468A852800A6
:10FFF0009710FF1FE78060B3214693054900280052
:020000021000EC
:100000009710FF1FE78080AF8547631EF502A68526
:100010005E85EF60BFB862859720FF1FE780A08AEA
:100020004E859720FF1FE780008A2285F250625498
:10003000D2544259B259225A925A025BF24B624C44
:10004000D24C216182800544F9B7797193970501FB
:1000500022D406D626D24AD04ECEC1872E8463D56E
:1000600007041755FF1F034595AFEF400F8D2AC6B4
:1000700005C1EFF03F9EB24509E91755FF1F034543
:1000800005AE9307F00F631EF5002E85EF40CF837A
:100090002165218DB250225492540259F249456192
:1000A0008280EF400F90EDB793F7150091C7EFF006
:1000B0006FA613451400F9BFA1E10145E1BF850416
:1000C00093F4F40FEFE01FCEE3F9A4FE339599000B
:1000D0001319050113590901B3772401EDD34A859A
:1000E000EFE09FF5C167FD176305F500DD45EFF013
:1000F0002F993345240179BF85448549E1B723A071
:10010000019823A2019823A401989757FF1F938772
:1001100067A3170700001307676198C3170700005C
:100120001307A731D8C317F7FFFF1307C70398C7F3
:100130009757FF1F9387C7A117170000130767572B
:1001400098C3171700001307870ED8C317170000AE
:100150001307C73B98C782809757FF1F83C747A0E5
:10016000A18B1757FF1F1307E79D91E3014723A2B8
:10017000E198014582809757FF1F83C7679E918B47
:100180001757FF1F1307C79C91E3014723A4E1986A
:1001900001458280011106CE2AC6EFF05FF6324596
:1001A00099459757FF1FA38CA79AEFD08FBEF240B7
:1001B00017F5FFFF1305051305616FE05FBF1C55C1
:1001C00081C7A1473E858280011122CC26CA2A849C
:1001D000AE84130500049305300506CE9710FF1F6B
:1001E000E780006208D46305051013060004A685A5
:1001F0009710FF1FE780808778548347270193F685
:100200008700638E0610145483C62600A18A638873
:10021000061083270408E9EF930530051305001045
:100220009710FF1FE780C05D2320A4088D4771C190
:10023000A3020400785483C714008346170081EF9B
:1002400081EE83C72400918BDDEB83472701918BDF
:10025000DDE7854711A889C62147A302E40099C7B5
:100260008347540093E70701A302F4006C5483C74B
:100270002501858B91CF1C54054783C727008D8BA3
:100280006398E7008347640093E717002303F400B3
:100290008327040899C78347640093E787002303F3
:1002A000F4008347540005476398E70C93048400E7
:1002B0004146814526859700FF1FE780A07E414685
:1002C0008145130584019700FF1FE780A07D130679
:1002D000C4033285C14532C6EF505F9B83270408B3
:1002E0003246BDC72285EF00903F9307000525CD1C
:1002F000A147F2406244D2443E850561828083C7B3
:1003000004008346070015473387E702975701002B
:1003100093870736BA97B69783C70700B1B783C6E6
:10032000140091C68346170099C2E14735BF83C6C2
:100330002400D58F918B91DF83C70400834607008B
:1003400015473387E702975701009387A730D9B73E
:1003500022859306C402A685EFF00FA62285EF0042
:10036000903159F5C14703550400A301F4008145BC
:10037000EF608FED8147B5BF13F7870149C3C18B8C
:10038000930484004146A9CB890526859700FF1F69
:10039000E780C06D41468145130584019700FF1F2A
:1003A000E7804070834764001306C403328593E7F7
:1003B00047002303F400C14532C6EF503F8D832729
:1003C000040832468DC32285EF0070319307200563
:1003D00005F1A301F40079BF814526859700FF1F31
:1003E000E780406C45BF9306C402A6852285EFF0E6
:1003F000AF9C2285EF003028CD4761DDD5BD094790
:1004000085456388E70093F7D70F11476397E700A7
:10041000894503550400EF602FE38347640093E7A9
:1004200047002303F4008327040881C793071005BE
:100430004DB7C54779BF8347250063820726797189
:1004400022D406D626D24AD083473500130750055A
:100450002A84639EE706034975001306C503C14558
:1004600093573900AA97328583C4870032C6EF506C
:10047000FF819387019F9C43A9C79C47B9C303256C
:10048000040893767900B3D6D4403246858A930522
:100490000504180893E606081305050882971375E6
:1004A000F50F05E141460C081305C4029700FF1F34
:1004B000E780C05B2285EF00101C93076005A30155
:1004C000F400B250225492540259456182801307BD
:1004D00010026395E7021C550327050883D74700E0
:1004E00069EB13F7071071C7785503574701137766
:1004F000071061C393077002A301F400834734001F
:1005000013077002639FE70C3C5885E393053005A1
:1005100071459710FF1FE780A02E28D819C5714696
:1005200081459700FF1FE780E0572458B9C883C76B
:10053000A40191E72285EFF06F93238DA400285842
:10054000814541469700FF1FE780C05528583D4729
:100550008345A5019387F5FF93F7F70F6364F700D1
:10056000EF50CFF2EF30FFDB3C58A1452398A700B6
:1005700013852701EF508FF12C5803550400EF002D
:10058000D0409307800203550400A301F400EFE07C
:100590006FE8414611C58357E50013D617003E9614
:1005A000060685451745FF1F0345755BEF40AF8085
:1005B00009BF13F7072011CB78540357470113776E
:1005C000072001C79307900205BF93F707409DD707
:1005D0007C5483D7470193F707408DD39307B0022C
:1005E00021BF13078002639BE7023C5889CB83D568
:1005F00007010355040013862701EF00903E1C54A9
:1006000083D7470013F707202DC3785403574701BA
:100610001377072039CB93079002B5B713079002E1
:10062000639CE700EF50FF97AA8503550400EF0095
:10063000503A9307A00281BF1307A0026393E70417
:10064000EF509F95AA85854701456384F500814554
:1006500005452EC6EF501F922A86B2450355040069
:10066000EF00B0331C5483D7470093F707408DC782
:100670007C5483D7470193F7074099CF9307B00283
:1006800019B71307B0026399E700EF505F92AA858C
:1006900003550400EF0070389307F0020DB5828017
:1006A000411122C4405926C206C67C54AA8483D76D
:1006B000470113F7071019C718540357470013775A
:1006C00007101DE313F7072019C7185403574700F5
:1006D0001377072011EB93F707408DCF1C5483D776
:1006E000470093F707409DC793071002A301F4004A
:1006F0002285EFF05FD4034734009307F0026310C4
:10070000F702224403D52400B240924481454101BE
:100710006FE01FB79307F002A301F400DDB7B2400A
:100720002244924441018280397122DC405926DA08
:100730004AD84ED606DEAA89AE8432896300043ECA
:1007400003552500835704006384A700A14429A012
:100750008347240091EB9D44F25062542685425910
:10076000D254B259216182809387E5FF93F7F70F46
:100770002D47E362F7FE17570100130727F18A0799
:10078000BA979C43BA978287B2852285EFF03FA340
:10079000AA84D9B74146CA851305C4049700FF1F30
:1007A000E780C02C22851127AA8411C1A144834768
:1007B0003400130740056397E70093079005A301F2
:1007C000F40059BF130760056395E7009307A00580
:1007D000FDB7D147EDB79309C4054E854146CA859B
:1007E0009700FF1FE7808028032504084DC9834731
:1007F0003400130790056399E70022858927930742
:10080000E005A301F40051A81307A0056393E708CE
:100810008347740013D737002297834687009D8B48
:10082000B3D6F6409387019F9C43858A93E606F8EA
:1008300093F6F60F81DF9C4791DB930505081808B6
:100840004E861305050482979374F50FE39004F028
:1008500041460C081305C4049700FF1FE780002AD7
:10086000834774004D47850793F7F70FA303F40000
:100870006377F7002285E1259307E00589B7854571
:100880001745FF1F0345B52DEF303FBC93075005BB
:100890003DB71307C005E382E7F6814475BD130930
:1008A00084004E86CA8522851408EFE0FFD04146B9
:1008B0009305C40408089700FF1FE7802024E30D78
:1008C00005E88A861306C403CE854A85EF103003F7
:1008D00015E12285EFE09FD99747FF1F9387872671
:1008E0002A879C4703550400814601468A858297E2
:1008F000AA8411C1A14493072002D1B58345060003
:10090000EFE01F9859BF0347340093072002E31418
:10091000F7E47C5889EB9305300571459710FF1F6C
:10092000E78000EE68D86858E30705E24146CA85CB
:100930009700FF1FE780801364582285EFE01FD3E4
:10094000238DA400930730026DBD03473400930745
:100950003002E312F7E083570600685821469305FA
:1009600029002318F50049059700FF1FE7800010B4
:100970007C5483D7470113F7270035CB185403570E
:100980004700098B2DC793074002A5BD03473400DC
:1009900093074002E311F7DC3C5C81EB85455D4544
:1009A0009710FF1FE780C0E528DC285CE30705EE11
:1009B000834709004146CA85230BF5009700FF1FB6
:1009C000E780C00A930750022DBD03473400930708
:1009D0005002E312F7D8285C194693051900410527
:1009E0009700FF1FE78080087C5483D74701918BD5
:1009F0009DCF1C5483D74700918B95CB9307600202
:100A000009B57C5C89EB9305300551459710FF1FB4
:100A1000E78000DF68DC685CE30A05D24146CA85EE
:100A20009700FF1FE78080047C5C7D5798CB4E8544
:100A3000EFF01FC79DB50325040813060004CA85FF
:100A4000130505049700FF1FE78040022285EFE0B1
:100A50001FB383473400130700056395E70093072E
:100A6000400545B313071005639CE700854517450E
:100A7000FF1F0345D50EEF305F9D9307500551B31F
:100A800013072005E39BE7E09387019F9C43E38FD7
:100A900007CA9C47E38C07CA832504089304840093
:100AA000180893850508814626862E85829703556A
:100AB00004001008A685EF600F829307B00591B37C
:100AC000034734009307E005E317F7C883250408BC
:100AD00041464A859700FF1FE7804002AD44E30D81
:100AE00005C6032504084146CA859700FF1FE78015
:100AF000E0F72285EFE09FB79747FF1F93878704B2
:100B00002A879C472C58035504008146014682974A
:100B1000AA8411C1A1449307100255B1AD47E39EC9
:100B2000F5D6834606008355250013066500034568
:100B30000500EF506FFD95B3894761C2DDCD2300FD
:100B4000A60083C70500A300F60083C71500230194
:100B5000F60083C72500A301F60083C73500A30272
:100B600006002302F60083D74500A183858BA302EC
:100B7000F60003D745001377072009C793E727003E
:100B8000A302F60083D7450093F7074099C7834730
:100B9000560093E74700A302F60083D7450013975A
:100BA0004701635807008347560093E78700A30275
:100BB000F6002303060083C74500858B2303F60058
:100BC00003D74500098B09C793E727002303F600E5
:100BD00083D74500918B99C78347660093E7470009
:100BE0002303F60003D745008147218B19C703472C
:100BF0006600136787002303E6003E8582802E8609
:100C0000AA8505456FF05FF32E86AA8509456FF02A
:100C1000BFF289478DC505C5411106C6AE870D4790
:100C2000AA852380E7001385170041469700FF1F20
:100C3000E780C0E3B24081473E85410182803E8526
:100C4000828089478DC505C5411106C6AE8711470B
:100C5000AA852380E7001385170041469700FF1FF0
:100C6000E780C0E0B24081473E85410182803E85F9
:100C7000828089478DC505C5411106C6AE871947D3
:100C8000AA852380E7001385170041469700FF1FC0
:100C9000E780C0DDB24081473E85410182803E85CC
:100CA000828089479DCD15CD411106C61D47238001
:100CB000E50003570500AE872146A380E5000357F2
:100CC000050021832381E500930525001385370066
:100CD0009700FF1FE78080D9B24081473E854101E0
:100CE00082803E85828089478DC505C5411106C633
:100CF000AE872147AA852380E70013851700414668
:100D00009700FF1FE78080D6B24081473E854101B2
:100D100082803E858280894795C90DC9411106C6EA
:100D200025472380E50003470500AE871946A380C9
:100D3000E50093051500138527009700FF1FE78046
:100D4000E0D2B24081473E85410182803E8582806B
:100D500089478DC505C5411106C6AE872947AA85B5
:100D60002380E7001385170041469700FF1FE780A7
:100D7000E0CFB24081473E85410182803E8582803E
:100D8000894795C50DC5411106C6AE873147AA856D
:100D90002380E70013851700130600049700FF1F48
:100DA000E780C0CCB24081473E85410182803E85CC
:100DB000828089478DC505C5411106C6AE87354776
:100DC000AA852380E7001385170041469700FF1F7F
:100DD000E780C0C9B24081473E85410182803E859F
:100DE0008280894791C909C995472380F5008347C7
:100DF0000500A380F50081473E858280894791C91F
:100E000009C9AD472380F50083470500A380F5009D
:100E100081473E85828015C55D718A8586C6A2C4DC
:100E20002A84EFE0AFF0035504000A86970600001D
:100E3000938626DD9D45EFE06FE2B6402644616172
:100E400082800545828015C55D718A8586C6A2C4EB
:100E50002A84EFE0AFED035504000A8697060000F0
:100E60009386C6DA9D45EFE06FDFB64026446161A8
:100E70008280054582805D71A2C49305C5022A84E3
:100E800041460A8586C69700FF1FE78020BE0355AE
:100E900004000A86970600009386E6D7C545EFE072
:100EA000EFDBB6402644616182805D71A2C4930588
:100EB000C5032A8441460A8586C69700FF1FE7803E
:100EC000E0BA035504000A86970600009386A6D769
:100ED000C545EFE0AFD8B640264461618280938774
:100EE000019F9C43B1CB9C435D71A2C486C62A84FA
:100EF0001305E00F95CF032504089305050C130592
:100F00000508829783250408130600040A85938543
:100F100005089700FF1FE78060B50355040097069A
:100F20000000938626E60A8693051004EFE00FD3AF
:100F3000B6402644616182801305E00F82803171E2
:100F400022DD2A840355050026DB06DF4AD94ED769
:100F500052D556D35AD15ECF62CDEFD0BFCB3C58DD
:100F6000AA8489EB9305300571459710FF1FE78030
:100F7000208928D82858CD470DC97146814597004A
:100F8000FF1FE78020B2032904072285EFE00FEE60
:100F9000230DA900834724001389019F638A071248
:100FA0008327090085E39307E00FFA506A54DA5467
:100FB0004A59BA592A5A9A5A0A5BFA4B6A4C3E85E0
:100FC0002961828083AB0701E38F0BFC032B0408AC
:100FD000EF409FFC2A8C0145EF40DFF983C75400A6
:100FE0003858130B0B029309C403130AC405938AE0
:100FF00064003AC0B337F0002A879308010456888A
:10100000B33680015286CE855A85829B1C5403C715
:1010100027002307E10203C71700A306E10283C7E5
:1010200007002306F10283270900B5DF03AB470160
:10103000E30B0BF683C75400B337F0003ECEEF400E
:10104000BFF5AA8B0145EF40FFF203270408F247E2
:101050002AC03AC2B33870015688781093068400CB
:101060004E86D2858800029B7C5403C72701230546
:10107000E10203C71700A304E10283C707002304AA
:10108000F1028327090003A94701EF40FFF02A8BF3
:101090000145EF403FEE83C854009C082A883EC2B9
:1010A000B3381001B33760013810930684015286BB
:1010B000CE8556C0880002990355040097060000AB
:1010C000938666CF9008C545EFE04FB9AA87F1BD7A
:1010D00083C6540083270900032B0408B336D000CD
:1010E00083AB070136CEEF403FEB2A8C0145EF4042
:1010F0007FE83C58F246130B0B02130AC405930910
:10110000C403938A64002A88930801044E86D2851A
:101110003EC05687B33780015A85829B1C54130BFF
:10112000010303C727002307E10203C71700A30633
:10113000E10283C707002306F1028327090083AB7E
:10114000470183C75400B337F0003ECEEF40DFE4E1
:101150002A8C0145EF401FE2F2472AC0B3388001D4
:1011600056887810930684004E86D2855AC288002D
:10117000829B8325040841465A859700FF1FE7801C
:10118000E097AD47E31205EE0DB52E8697060000F9
:10119000938666AEC5456FE06FAC5D71B287A2C441
:1011A0002300B1002A84BE8513051100194686C6A6
:1011B0009700FF1FE780808B0A8622859706000034
:1011C0009386A6B5A145EFE06FA9B64026446161BC
:1011D00082802E8697060000938626B1C5456FE073
:1011E000EFA75D71B287A2C42310B1002A84BE8527
:1011F00013052100214686C69700FF1FE780008760
:101200000A862285970600009386E6A9AD45EFE0A1
:10121000EFA4B6402644616182802E8697060000C6
:10122000938646B3C5456FE06FA3797122D406D685
:1012300026D283473500130730052A846383E708E5
:10124000130750056395E7089307A005A301F50070
:1012500083477500C14513D737002A978346870017
:101260009D8B1305C503B3D6F640858A93E606F831
:1012700093F6F60F36C6EF407FA1B2469387019FE3
:101280009C439DCB9C478DCB03250408180813066F
:10129000C403930505041305050882971375F50F1C
:1012A00001ED1305C40241460C0897F0FE1FE780CC
:1012B000E07B2285EFF03FBCB2502254925445614E
:1012C000828093079005A301F500814645BF13076F
:1012D00010026396E7027C550327050883D7470170
:1012E0006314070E13F717006300070E1855035712
:1012F0004700058B71CB93072002A301F4008347BD
:10130000340013072002639BE70E3C5889EB9305DA
:10131000300571459700FF1FE780804E28D824587C
:10132000BDCC2285EFE08FB4238DA40028588145E1
:10133000414697F0FE1FE780E07628583D478345F9
:10134000A5019387F5FF93F7F70F636BF70283C748
:10135000819DD5C341468145080897F0FE1FE7806F
:10136000607419469735FF1F93854573080897F0F9
:10137000FE1FE780A06F30580C082E85EF406002FA
:10138000EF203FFA3C58A1452398A7001385270179
:10139000EF40DF8F2C5803550400EFF01FDF930759
:1013A000300203550400A301F400EFD0BF8641468C
:1013B00019C10356E500060685451735FF1F03458D
:1013C000157AEF304F9FCDBD13F7270009CB185486
:1013D00003574700098B01C79307400239BF918B20
:1013E000E38F07F01C5483D74700918BE38907F004
:1013F0009307600219B7EF407F8959B7130730028E
:10140000639AE7023C5889CB83D507010355040052
:1014100013862701EFF0FFDC7C5483D7470113F7D5
:10142000270021CF185403574700098B39C793076A
:10143000400285BF13074002639CE700EF407FB680
:10144000AA8503550400EFF0DFD89307500291BF3F
:10145000130750026390E704EF401FB40DE9814584
:1014600005452EC6EF401FB12A86B245035504003C
:10147000EFF0BFD27C5483D74701918B9DC71C549A
:1014800083D74700918B95C39307600219BF8545A9
:101490000145C1BF130760026399E700EF403FB108
:1014A000AA8503550400EFF05FD77C540327040896
:1014B00083D7470119EF13F7071001CF18540357CB
:1014C00047001377071011C793077002A301F400B8
:1014D000E5B313F7072011CB1854035747001377D0
:1014E000072001C793079002D5B793F7074091CB28
:1014F0001C5483D7470093F7074081C79307B00276
:10150000F1B79307F002D9B7397122DC26DA4ED64B
:1015100052D406DE4AD8AE89328AAA84EFD08FEF41
:101520004059414681450A8597F0FE1FE780805764
:1015300025C803590400631599060347340093072F
:101540001002631FF7028327040899CF2C58A9C9FA
:101550004A85EF10F0150545F2506254D2544259B5
:10156000B259225A216182808A861306C4059305E6
:10157000C40313058400EF0090381DE18A85C9BFBC
:101580002C5899CD83D70501639C47012146C90595
:101590004E8597F0FE1FE780605619C12C584DBF4D
:1015A0002685EFD02FE72A8405455DD44C54B9C574
:1015B00083D70501639447052146C9054E8597F0F9
:1015C000FE1FE780A0538547631AF50283C7718524
:1015D00091C74C5483C7B5016396A70CBD452685BA
:1015E000EF10D0079737FF1F938747389C5B014563
:1015F000A5D71D45894582970145B9BF9387B19C01
:1016000003C707009739FF1F938949363E89058B29
:1016100015CF0347540083C7419C6319F70219464D
:101620009385519C1305640097F0FE1FE780004DE1
:101630008547631DF50083A7090381C791451D45B3
:101640008297BD452685EF10700131B703C7819D94
:1016500083A7090331CB03470900098B09CB81C755
:1016600095451D4582972685EF10D004EDB581C7BD
:101670008D451D45829741468145080897F0FE1F1C
:10168000E780404219469735FF1F9385254108089A
:1016900097F0FE1FE780803D0C082E850A86EF300C
:1016A00050508A85268575B58545C5FF6DBF797112
:1016B00022D440594AD04ECE52CC06D626D2AA8940
:1016C0002E8A3289630C046A03552500835704006F
:1016D000638CA700A144B25022542685025992542B
:1016E000F249624A456182808344240099C09D4446
:1016F000DDB79387F5FF93F7F70F3147E369F7FEFF
:1017000017470100130787FB8A07BA979C43BA97CC
:1017100082871C54E1F393053005130500049700FC
:10172000FF1FE780E00D08D455D503470900914716
:1017300063F4E7008D4445B7034719008547E3EBA1
:10174000E7FE13060004CA8597F0FE1FE78000320B
:101750000C547054A3020400D4415C4A858AFD8E67
:1017600083574601F99BD58F231AF600D841544A76
:10177000F59B0583058B8582F98E8606DD8E231AFF
:10178000D600DC41584AED9A8983858B09837D8F89
:101790000A07558F231AE600D4415C4A5D9B8D826F
:1017A000858A8D83F58F8E07D98F231AF600D8414D
:1017B000544A93F7F7EF2183058BA182F98EA20695
:1017C000DD8E231AD600DC41584AA583858B2583FC
:1017D0007D8F9317970013F7F6DF5D8F231AE600CE
:1017E000D4415C4AA982858AA983F58F9396A70084
:1017F0009377F7BFD58F231AF600D441584AAD82AC
:10180000858A2D83758FFD769386F67F2E07F58F5B
:10181000D98F231AF6008347260103250408A18BDC
:101820006387071083C72500A18B63820710E3132A
:1018300005EA93053005130500109700FF1FE780A8
:1018400020FC2320A408E30705EE7C54A302040037
:101850000347190083C6170089EA45C3834754002C
:1018600093E70701A302F40029A0A147A302F40013
:1018700075F72285EFF02FDD6C5483C72501858B2A
:1018800081CF1C5483C727008D8B99C78347640081
:1018900093E717002303F4008327040899C78347BD
:1018A000640093E787002303F4008347540005474F
:1018B0006393E70C414681451305840097F0FE1FB2
:1018C000E780401E414681451305840197F0FE1FC5
:1018D000E780401DC1451305C403EF402FBB03271C
:1018E00004089307000511E3C14703550400A30151
:1018F000F4008145EF504F95F9BB03C72701118BC9
:1019000019E703472900118B19E38547A1BF83C756
:1019100007008346090015473387E7029747010010
:10192000938707D5BA97B69783C7070025BF19C510
:101930009700FF1FE78020F9232004087C5403C789
:10194000170011C70347190019C3E14721BF03C797
:101950002701118B09E703472900118B5DD783C746
:1019600007001547834609003387E70297470100C0
:10197000938747CE45BF13F7870131CFC18B13053E
:1019800084004146A9C3890597F0FE1FE780000E39
:10199000414681451305840197F0FE1FE7808010C2
:1019A00083476400C1451305C40393E7470023033D
:1019B000F400EF40AFAD8327040881CF93072005E3
:1019C000A301F40009BB814597F0FE1FE780800D5D
:1019D000C1B7CD47F5B7094789456386E700114789
:1019E0006398E700854503550400EF50EF8521A07B
:1019F0001947E389E7FE8347640093E74700230321
:101A0000F4008327040881C79307100555BFC54715
:101A100045BF4146CA851305C40497F0FE1FE78001
:101A2000E0048347340013076005639CE7008545A5
:101A30001735FF1F0345B512EF203FA1930750054F
:101A400041B745476383E7029306C4021306C40304
:101A5000930584002285EFD03FB62285EFF0AFC119
:101A6000AA8411C1A144D147A1BFC94791BF93091D
:101A7000C4054E854146CA8597F0FE1FE78000FFEA
:101A80000325040871C98347340013079005639840
:101A9000E7002285EFF06FC19307E00515B7130744
:101AA000A005639DE7069387019F9C43E38107C4DC
:101AB00003A88700E30D08C2834774009305050857
:101AC0004E8613D737002297834687009D8B0A875F
:101AD000B3D6F640858A93E60608130505040298F6
:101AE00041468A851305C40497F0FE1FE780000174
:101AF00011E1D2842285EFF04FBB83477400CD46BD
:101B00001307E005850793F7F70FA303F40063E4D9
:101B1000F60013076005A301E40075BE1307C005B6
:101B2000E39BE7BA9387019F9C43E38207BC9C47F2
:101B3000E38F07BA93050508130984000A878146D5
:101B40004A862E858297035504000A86CA85EF408F
:101B50009FF89307B005ADB58A864E86930584003D
:101B60002285EFD07FA541469305C4040A8597F0EE
:101B7000FE1FE780A0F88547D284E31EF5B42285D6
:101B8000EFF0AFB2AA84E31705B4930710020DBDBE
:101B90000347340093077002E31BF7B47C5889EBCA
:101BA0009305300571459700FF1FE78060C568D831
:101BB0006858E30E05B2CA85414697F0FE1FE780DC
:101BC000E0EA032944072285EFD05FAA230DA9008C
:101BD00093078002F5B30347340093078002E318AC
:101BE000F7B083570600685821469305290023184B
:101BF000F500490597F0FE1FE78040E77C5483D746
:101C0000470113F7072025CF1854035747001377D0
:101C1000072035C79307900265B303473400930745
:101C20009002E316F7AC3C5C89EB930530055D450B
:101C30009700FF1FE780C0BC28DC285CE30905AAE9
:101C40004146CA8597F0FE1FE78040E29307A00255
:101C500085BB034734009307A002E31AF7A8834724
:101C60000600285C194693051900230BF500410571
:101C700097F0FE1FE78080DF7C5483D7470193F7FE
:101C80000740B1C71C5483D7470093F70740A1C34F
:101C90009307B00235B3034734009307B002E3184B
:101CA000F7A47C5C89EB9305300551459700FF1F35
:101CB000E78000B568DC685CE30E05A04146CA8594
:101CC00097F0FE1FE78080DA7C5C7D5798CB03D5C8
:101CD00029008145EFD0CFDAFDBA034734009307DE
:101CE000F004E3F9E79E03250408E305059E1306C7
:101CF0000004CA851305050497F0FE1FE78000D78E
:101D00002285EFF0CF9DAA842285EFD05F8783479D
:101D1000340013070005639FE70003D6E9008545FB
:101D20001735FF1F0345B5E30606EF20DF8893074D
:101D3000300579B1130710056395E7009307600537
:101D400041B113072005E398E7989307C0058DB9C3
:101D5000034734009307E005E31EF79603250408C4
:101D60004146CA8597F0FE1FE78040D02285EFF0FC
:101D70000F9DAA8419BD83450600A9BF85478144EC
:101D8000E39BF5940328460083473600034726006B
:101D90008346160083552500034606000145EF40A3
:101DA0004FCD15BA8147C1463307F500B388F5001A
:101DB0000347070083C808003308F6008507334748
:101DC00017012300E800E391D7FE82800147BD4759
:101DD0001308F00F3306F50083460600B388F500BC
:101DE000FD178606558F2380E8000347060093F70A
:101DF000F70F1D83E39007FF82808147930800F867
:101E0000414893F6F70F3387F50063FCC600B3062D
:101E1000F50083C606002300D7008507E39307FF7C
:101E200082806395C60023001701C5BF2300070009
:101E3000EDB701114AC856C22E89AA8A930530050A
:101E4000414506CE22CC26CA4EC652C4328A9700DD
:101E5000FF1FE780E09AAA8493053005414597006B
:101E6000FF1FE780E0992A84CD49A5C431CD4146C2
:101E7000814597F0FE1FE780E0C22686A285568541
:101E8000EF302052AA8929E18387040063D3070633
:101E9000A2852685EFF09FF34A869745010093853A
:101EA00025852285EFF01FF08307090063D807041A
:101EB000A2854A85EFF09FF15286974501009385F0
:101EC00025832285EFF01FEE26859700FF1FE78010
:101ED000809F11C422859700FF1FE780C09EF240BB
:101EE00062444E85D2444249B249224A924A05612F
:101EF0008280CA852685EFF07FED7DB7D2854A8541
:101F0000EFF0DFECD1B781474146B306F5003387E8
:101F1000F5000347070003C806008507334707019C
:101F20002380E600E393C7FE8280011126CA4EC6D5
:101F3000AE84AA8993053005130500034AC806CE6E
:101F400022CC32899700FF1FE780808B2DC51306B6
:101F5000000381452A8497F0FE1FE780A0B4414624
:101F6000CE85228597F0FE1FE78020BCA6850D4612
:101F70001305D40197F0FE1FE78020BB130604026F
:101F8000930504012285EF30C041AA840D469305D4
:101F9000D4024A8597F0FE1FE78020B9228597007A
:101FA000FF1FE7804092F240624426854249D244B6
:101FB000B24905618280CD44FDB75D714EDE62D4C9
:101FC000AE892A8C9305300513050003A6C2CAC04A
:101FD00052DC56DA5AD85ED686C6A2C4B28B368B8D
:101FE000BA84BE8A4289468A9700FF1FE7804081F3
:101FF000630505101306000381452A8497F0FE1F30
:10200000E78040AA4146E285228597F0FE1FE780DF
:10201000C0B1414681450A8597F0FE1FE78080A840
:102020001D46DE850A8597F0FE1FE78000B01D463D
:10203000DA851305710097F0FE1FE78000AF333992
:102040002001B3349000414681450808230721014F
:10205000A307910097F0FE1FE780C0A41946D6851C
:10206000480897F0FE1FE78040AC1946D28513055B
:10207000A10197F0FE1FE78040AB930404014146A5
:10208000CE85268597F0FE1FE78020AA8A852685C3
:10209000EFF07FE7930904024E86A6852285EF3094
:1020A00040302A890DE94146CE85268597F0FE1FEE
:1020B000E780C09B0C082685EFF0FFE44E86A685DE
:1020C0002285EF30002E2A8946454146CE8597F07D
:1020D000FE1FE78080A5228597F0FE1FE780A07E87
:1020E000B64026444A8596440649F259625AD25A65
:1020F000425BB25B225C616182804D49D5B70111C0
:1021000026CA52C4AA842E8A1305000393053005FB
:102110004AC84EC606CE22CC3289B68997F0FE1F39
:10212000E780006E35C52A84A685414697F0FE1FDC
:10213000E780A09F930404012146D285268597F06D
:10214000FE1FE780809ECA8521461305840197F013
:10215000FE1FE780809D13090402A6854A8622851A
:10216000EF302024AA844146CA854E8597F0FE1F91
:10217000E780A09B228597F0FE1FE780C074F240A5
:10218000624426854249D244B249224A056182808E
:10219000CD44F5B739715AD05ECE2A8BAE8B41450E
:1021A0009305300506DE26DA52D456D262CC66CAD2
:1021B0006AC8368C328DBA8C22DC4AD84ED697F05B
:1021C000FE1FE780E063AA8A93053005414597F03A
:1021D000FE1FE780E0622A8ACD44638E0A0859C553
:1021E0002A86D6855A85EFF0DFC4AA8441E193059B
:1021F0003005414597F0FE1FE78080602A899305EE
:102200003005414597F0FE1FE780805FAA89630A89
:10221000090E6306050E1304FD0011841376FD00FC
:1022200049C07D144204418035EE131544004E86AA
:10223000D6855E95EFF01FB7414681454A8597F0F8
:10224000FE1FE7802086014D93170D01C18363F4C3
:102250008708BDC04A8597F0FE1FE780C066638788
:1022600009004E8597F0FE1FE780E065568597F0E0
:10227000FE1FE780406563070A00528597F0FE1F46
:10228000E7806064F250625426854259D254B259B4
:10229000225A925A025BF24B624CD24C424D21615F
:1022A00082800144131544008A855E95EFF0FFB4E7
:1022B0004E86D2850A85BDBF93154D000A86DE95F0
:1022C0004A85EFF03FAE4A868A855A85EF30600D29
:1022D000AA84050D95BFBDFC0A86CE854A85EFF020
:1022E0007FAC4A868A855A85EF30A00BAA84668621
:1022F000CA85628597E0FE1FE7804077A1BFCD4485
:1023000091BFCD44A9BF397162CC2A8C594526DAD8
:102310004AD84ED652D456D25AD05ECE06DE22DCF1
:10232000AE8B328BB68A3AC63E8AC28946898344CE
:102330000104EF103FDC49C19167938717E923102F
:10234000F50085472301F5002A8432472105630CF7
:102350000C0493071003A301F4001946814597E08C
:10236000FE1FE780207423036401A3035401230AA2
:1023700094002312740123174401231834012319F4
:102380002401A2856254F250D2544259B259225AC1
:10239000925A025BF24B624C1725FF1F0345057CE6
:1023A00021616F101FE0A30104001946BA8597E070
:1023B000FE1FE780A06B45BFF2506254D2544259D1
:1023C000B259225A925A025BF24B624C21618280CE
:1023D000011122CC2A84314506CE2EC632C436C223
:1023E0003AC0EF103FD129C19167938717E92310B5
:1023F000F5008D472301F500A3018500B245224673
:10240000924602476244F2402312B5002313C500EE
:102410002314D5002315E500AA851725FF1F0345C2
:10242000E57305616F10FFD7F24062440561828059
:1024300001114AC82A89394526CA06CE22CC2EC6A1
:10244000B284EF103FCB31C1B2459167938727E942
:102450002310F5009147A30125012312B5002A841A
:102460002301F500A6851905214697E0FE1FE780A8
:10247000E05FA2856244F240D24442491725FF1F23
:102480000345C56D05616F10DFD1F2406244D2444F
:1024900042490561828001114AC82A89414526CAFC
:1024A00006CE22CC2EC6B284EF10DFC429C19167BC
:1024B000B245938727E92310F50095472A84231214
:1024C00025012301F5002146190597E0FE1FE7804D
:1024D000E059A285231794006244F240D244424955
:1024E0001725FF1F0345B56705616F109FCBF240AD
:1024F0006244D244424905618280011122CC2A847F
:10250000394506CE2EC632C436C23AC0EF109FBE41
:1025100029C19167938717E92310F5009947230193
:10252000F500B245224692460247231285006244D6
:10253000F2402313B5002314C5002315D50023163C
:10254000E500AA851725FF1F0345456105616F104A
:102550005FC5F240624405618280797122D406D65B
:102560002A842EC632C436C23AC0EFC0AFEA1DC1BB
:10257000B245224692460247231CB100231DC100EA
:102580002C081306F00F2285231ED100231FE10023
:10259000EFC0EFD7B250225445618280011122CCA6
:1025A0002A84394506CE2EC632C436C23AC0EF1050
:1025B0007FB429C19167938717E92310F5009D47E0
:1025C0002301F500B24522469246024723128500B8
:1025D0006244F2402313B5002314C5002315D5002F
:1025E0002316E500AA851725FF1F0345255705611A
:1025F0006F103FBBF2406244056182805D712AC664
:1026000013052002CAC04EDE52DC56DA5AD85ED616
:1026100062D466D26AD086C6A2C4A6C26ECE2E8C02
:10262000B28B368B3AC43E8DC28CC68A035A0105E2
:102630008359410503498105EF10DFAB69C59166F8
:102640003243938616E9A9472A842310D500230133
:10265000F500930DE4002105930444012247630D26
:10266000030693071003A301F4001946814597E080
:10267000FE1FE7802043194681456E8597E0FE1FC7
:10268000E780404219468145268597E0FE1FE78096
:10269000604123037401A303640123002403231274
:1026A0008401231D5401231E4401231F3401A285EC
:1026B0002644B64096440649F259625AD25A425BC1
:1026C000B25B225C925C025DF24D1725FF1F034551
:1026D000E54861616F10FFACBA85A301040019469B
:1026E00097E0FE1FE7808038EA856E85194697E0FF
:1026F000FE1FE780A0371946E685268597E0FE1F76
:10270000E780C03679B7B640264496440649F25968
:10271000625AD25A425BB25B225C925C025DF24D1D
:1027200061618280011122CC2A84214506CE2EC609
:1027300032C436C2EF101F9C15CD224692469167D7
:10274000938717E92310F500B1472301F500A30192
:102750008500B2452303C500A303D5006244F240BF
:102760002312B500AA851725FF1F0345253F0561E4
:102770006F103FA3F240624405618280411126C27E
:10278000AA84514506C622C4EF10DF9649C191675D
:10279000938717E92310F500B9472301F50083C794
:1027A00014002A8493856400A301F50083C73400D4
:1027B00003C724002105A207D98F231EF5FE83C776
:1027C00044001946230FF5FE83C75400A30FF5FEFE
:1027D00097E0FE1FE780802983C7C400A2851725E4
:1027E000FF1F0345A5372307F40083C7E40003C791
:1027F000D400A207D98F2318F40083C7F40023095B
:10280000F4002244B240924441016F109F99B240BB
:102810002244924441018280411122C42A841945F4
:1028200006C6EF103F8D0DC59167938717E92310FA
:10283000F500C1472301F500231285002244B24070
:10284000AA851725FF1F0345653141016F107F954C
:10285000B24022444101828041110D4506C6EF106D
:102860007F890DC5930710F92300F5009307E00356
:10287000A300F500C5472301F500B240AA8517253E
:10288000FF1F0345A52D41016F10BF91B2404101CB
:102890008280011122CC2A84294506CE2EC632C45C
:1028A00036C2EF103F8515CDB245924691679387AA
:1028B00017E92310F500C9472302B5002301F500ED
:1028C000A30185002304D50022466244F24023136D
:1028D000C500AA851725FF1F0345452805616F1010
:1028E0005F8CF24062440561828001114AC82A89E6
:1028F0002D4526CA06CE22CC2EC6B284EF108FFFFD
:1029000029C5B245930710F92300F5009307E003AA
:10291000A300F500CD47A30125012302B5002A84B9
:102920002301F500A6851505194697E0FE1FE780EF
:10293000E013A2856244F240D24442491725FF1FAA
:102940000345C52105616F10DF85F2406244D24422
:10295000424905618280011122CC2A84214506CE9C
:102960002EC6EF102FF905C9B2459167938717E975
:102970002310F500D1472303B5002301F5002312EE
:1029800085006244F240AA851725FF1F0345051DF7
:1029900005616F101F81F240624405618280011160
:1029A00022CC2A84214506CE2EC632C4EF108FF4E5
:1029B0001DC52246930710592310F50023018500F9
:1029C000B2452303C5006244F2402312B500AA8534
:1029D0001725FF1F0345851805616F108FFCF24016
:1029E000624405618280011122CC2A84214506CEF1
:1029F0002EC632C4EF100FF01DC92246916793878F
:102A000027E92310F500A1472301F500B245230370
:102A10008500A303C5006244F2402312B500AA85D5
:102A20001725FF1F0345B51305616F108FF7F2409F
:102A3000624405618280011122CC2A84314506CE90
:102A40002EC632C436C23AC0EF10CFEA15CD2246A8
:102A50008567938717C92310F50023018500B245C8
:102A60002303C500924602476244F2402312B50098
:102A70002314D5002315E500AA851725FF1F03455C
:102A8000E50D05616F10EFF1F2406244056182804F
:102A9000011126CAAE844AC82A891385C40006CE0D
:102AA00022CC32C6EF100FE51DCD8567B245938766
:102AB00017E923019500231225012A842310F5002C
:102AC000310508C4268697E0FE1FE78020FAA2851C
:102AD0006244F240D24442491725FF1F03450508CE
:102AE00005616F100FECF2406244D2444249056127
:102AF0008280011122CC2A84194506CE2EC6EF1001
:102B00006FDF05C98567938717F92310F50085479F
:102B100023018500A301F500B2456244F24023126F
:102B2000B500AA851725FF1F0345450305616F10F2
:102B30004FE7F240624405618280411122C42A8439
:102B40000D4506C6EF100FDB05C5930710F92300EE
:102B5000F500E947A300F500230185002244B240B7
:102B6000AA851725FF1F034565FF41016F106FE31D
:102B7000B240224441018280011122CC2A842145A5
:102B800006CE2EC6EF100FD70DC99167938727E9A0
:102B90002310F500930700032301F500B24523033A
:102BA00085006244F2402312B500AA851725FF1F55
:102BB0000345F5FA05616F10CFDEF240624405610E
:102BC00082800111214506CE2EC632C4EF108FD26D
:102BD00015C58567938707392310F500B24522464E
:102BE00085472301F500F2402312B5002313C500E9
:102BF000AA8503C5019705616F10AFDAF240056140
:102C00008280397122DC1304F5FF4AD852D456D29F
:102C10005ECE420406DE26DA4ED65AD0894B2A8A88
:102C20003289B68A418063917515938B819683C7EB
:102C300081965E8B89448DCF83C9160083C70600B9
:102C40009144A209B3E9F9009727FF1F83D707D35F
:102C5000F51763DFF9009307C6FF639BF908314559
:102C60002EC6EF102FC92A84B24519ED9304F00F38
:102C7000F250625426854259D254B259225A925A7D
:102C8000025BF24B21618280420913590901230240
:102C9000B50023132501930700F91509A165231039
:102CA000F5002311450185054A8597F0FE1FE78051
:102CB00020B508C405C983C70B009385EAFF1356E6
:102CC0002900FD172384F19697E0FE1FE78000DCC2
:102CD0001C44A28503C5019789071CC4EF106FCC63
:102CE000814479B7228597F0FE1FE780C0BDBDBF44
:102CF0009307D6FFE3CCF9F6B1473304F40293848B
:102D000081979C40A29703C7A70019C7884309C5AC
:102D100097F0FE1FE78020BB13854900A16542059F
:102D20008505418103AA040097F0FE1FE78040ADAE
:102D30009C40229A2320AA00A297884305D90547E0
:102D40002385E70083470B004A86D685FD17238439
:102D5000F19697E0FE1FE78060D19C403E942313DC
:102D6000240123123401ADBF8547E391F5F0B1474B
:102D70003304F402138B819783270B00DA89A2971F
:102D800003D76700884355C783D74700B306C700FA
:102D9000910763C0D70A3A95D68597E0FE1FE78072
:102DA000E0CC03270B008144229783576700CA9722
:102DB000C207C1832313F700035747001107E399A4
:102DC000E7EA3145EF100FB3AA8515CD930700F957
:102DD0002310F50083270B00230275012311450101
:102DE000A29703D767009C432313E5001CC503C5C6
:102DF0000197EF100FBB83270B003E9423130400B1
:102E000023050400B5B583270B00A297884311C999
:102E100097F0FE1FE78020AB83270B00A29723A02B
:102E2000070083A709003E94231304002305040030
:102E300045BD11C997F0FE1FE780E0A883A70900F0
:102E4000A29723A0070083A7090085443E9423137B
:102E500004002305040029BD6F40802C6F40C02D65
:102E60006F4060556F40C0746F408030411106C69E
:102E7000EF40C02CB2400145410182806F40E031FB
:102E80006F4000346F4020366F4020386F40203A4A
:102E90006F40003C6F40003E6F4000406F40A041DB
:102EA0008347160003460600A2075D8E6F40E0428E
:102EB0006F4020446F40E0466F40A0496F40804C17
:102EC0006F4080526F40A0546F40C0566F40E05832
:102ED0006F40005B411122C60344C10226C48344F3
:102EE000010303430101030E4101834E8101034F9E
:102EF000C101834F0102834241028343810222D6F2
:102F0000324426D8A2441ED416D27ED07ACE76CCB5
:102F100072CA1AC841016F40206F6F40C0586F409D
:102F2000E05A6F40005D6F40205F6F4040616F402E
:102F300060636F4080656F4060686F40806A6F605B
:102F4000C01D1307A5FF420785672A8841831385A3
:102F5000A7C7636CE502138707C801456368B7021A
:102F600063E605031307301F6362C702138766FF1A
:102F700042074183938767C763EAE7000506330684
:102F8000B6028E063325D60082800145828041112B
:102F900026C206C622C4AA84EFD0903619C52A8458
:102FA0002685EFC060722324A418B24022449244C4
:102FB00041018280834665010D47AA876384E6004C
:102FC000054582800327451103464700A305C50236
:102FD000034737006316D7020347B50075F303476D
:102FE0000501930600026307D700930630020145EE
:102FF0006317D700130760022388E700014582802A
:10300000BD466310D702034705019306000401453E
:103010001377B70FE315D7FE130750042388E70093
:103020008280B946631AD70083460501130700035F
:10303000E398E6F80547C9B7D1466317D70083463A
:10304000050113070005EDB7D9466318D70283467B
:10305000050113075005E395E6F60327050A1367F4
:1030600007202320E50A05472308E50003C71701C9
:10307000136707F8A388E70051B7E946631BD70039
:103080008346050113075006E39CE6F21307A006EA
:10309000A5B7FD46631BD700834605011307A007AC
:1030A000E390E6F2130710F881BF93063002E319AC
:1030B000D7F08346050113075008E393E6F0054770
:1030C0002308E5000347A502136717002305E5025F
:1030D00071BF832705110947A30AE50095C3238122
:1030E000E70003474505A381E7008347A50293E76F
:1030F00087002305F502F1472308F500014582808A
:103100001D4582808547A30AF5008327051191CBD1
:1031100015472381E7009307B0022308F500014516
:103120008280054582808547A30AF5008327051123
:1031300091CB19472381E7009307D0022308F500BC
:1031400001458280054582808947A30AF5008327CF
:10315000051181CF1D472381E70083270511034710
:10316000D5020145A381E70082800545828085471D
:10317000A30AF5008327051191CB2D472381E70092
:10318000930770032308F50001458280054582807E
:103190009947A30AF5008327051131472381E700EA
:1031A0001727FF1F130787A883564701A381D7005E
:1031B0009726FF1F83C6E6A82382D7009726FF1F06
:1031C00083D626A8A182A382D700834687012383C2
:1031D000D70003479701A383E7008347E50213F76E
:1031E000070409CF9307A0032308F5008347E502EE
:1031F00093F7F7072307F50201458280858BFDD7FA
:103200008327050AA30505022307050293E70704A0
:103210002320F50AE1BF8947A30AF500832705119A
:1032200081CF35472381E700832705110347B50286
:103230000145A381E7008280054582808D47A30A6E
:10324000F5008327051191CF45472381E700034708
:10325000C502A381E7000347B50201452382E700C9
:103260008280054582808547A30AF50083270511E2
:1032700085C349472381E7009307A0042308F5008D
:103280008347A50293E747002305F50201458280A5
:10329000054582808547A30AF5008327051191C75C
:1032A0004D472381E7000145828005458280032741
:1032B00005118D47A30AF500D9472301F70083467E
:1032C0004514A301D70083475514918A2302F700C0
:1032D0000357A51CB1C69306F034814763FDE60091
:1032E000930787E80357851415CB8587938757FD88
:1032F0008D87C207C1830357851C63F3E7003E87B0
:103300008347A5022307E50493E747002305F50259
:10331000930750052308F500014582808D87F9B792
:10332000858B99C7930707FB2147B3C7E702D1B73E
:103330009307C7FB1147D5BF032705118D47A30A84
:10334000F500DD472301F70083474514A301F7008B
:10335000834655142302D7000347B514F98F93F61B
:1033600047000357A51CB1C69306F034814763FD9F
:10337000E600930787E80357851415CB8587938765
:1033800057FD8D87C207C1830357851C63F3E70090
:103390003E87930780052308F5008347A50223078E
:1033A000E50493E747002305F502014582808D87F8
:1033B000F9B7858B99C7930707FB2147B3C7E70286
:1033C000D1B79307C7FB1147D5BF832605118D479A
:1033D000A30AF500E5472381F600834775140346E9
:1033E00065140547B317F7003317C700D98FA381BA
:1033F000F600834715142382F6008347A50293E75E
:1034000047002305F502930700062308F500014550
:1034100082808947A30AF500832705117547238118
:10342000E7001727FF1F1307678003473700A381B3
:10343000E700930750072308F5000145828089477C
:10344000A30AF5008327051179472381E700034785
:10345000F502A381E7008327050A2167D98F23207E
:10346000F50A85472308F500014582809717FF1F5D
:103470009387C77BB84B9307800583464700B38784
:10348000F602145703270511BE96A547A30AF500B7
:10349000930700022301F7000356A51C8357651C00
:1034A000B297D05A9387C71263F3C700B287A301BC
:1034B000F70013D68700C1832302C700A302F700D9
:1034C0009C5E2303F70013D68700C183A303C700C4
:1034D0002304F70083C7C601A304F70083C7D601FE
:1034E0002305F7009307C0072308F50001458280F4
:1034F00083270511114613073002A30AC500238153
:10350000E70003478515118B05CF0347A5152382D7
:1035100007009306F7FF05473317D700A381E7009D
:1035200003473514A382E7008347A50293E74700CA
:103530002305F502930750F82308F5000145828022
:103540008346751409476392E6021717FF1F034766
:10355000576209C72147A381E70019A0A381C700CB
:10356000034755162382E70065BF05473317D70089
:10357000DDB79547A30AF50083270511130740021D
:103580002381E700A3810700030735148306F5159F
:103590006395E6008946A381D7008306E515639805
:1035A000E60083C6370093E61600A381D7008306A2
:1035B000D5152382D7000346C515A382E7002383D0
:1035C000C70083478515858B81CB99C68327050A5C
:1035D0004167D98F2320F50A01458280411126C217
:1035E0008324051106C622C4B547A30AF500A9C065
:1035F00091472A842381F4009305851A2146138577
:10360000340097D0FE1FE78060461385B400114652
:103610009305041B97D0FE1FE780404593072002C7
:103620002308F4000145B2402244924441018280C3
:103630000545D5BF83270511A1C7411122C406C680
:103640002547A30AE5002381E7002A840325051105
:103650009305840F21460D0597D0FE1FE78000419A
:103660008327040AA3050402014593E707022320E8
:10367000F40A85472308F400B240224441018280C5
:1036800005458280A547A30AF50083270511A9C334
:10369000411122C406C639472381E7002A84032545
:1036A00005119305840F21460D0597D0FE1FE78075
:1036B000E03B8347A402014593E747002305F4025A
:1036C000930700032308F400B240224441018280A2
:1036D00005458280E147A30AF50083270511D9CF6C
:1036E000411122C406C63D472381E7000347450731
:1036F0002A8493058506A381E700034755073146D1
:103700002382E70003476507A382E70003576507A5
:1037100021832383E7000347A505A383E70003571D
:10372000A50521832384E7000347C505A384E7009B
:103730000347D5052385E70003574506A385E70022
:10374000034765062386E700035765061385E700F0
:103750002183A386E70097D0FE1FE78020318347AF
:10376000A402014593E747002305F40293070004F0
:103770002308F400B2402244410182800545828042
:10378000E147A30AF50083270511C9CB411122C4E3
:1037900006C641472381E700034745072A8493056E
:1037A0008506A381E7000347550731462382E700DA
:1037B00003476507A382E700035765072183238337
:1037C000E7000347A505A383E7000357A505218369
:1037D0002384E7000347C505A384E7000347D50515
:1037E0002385E70003574506A385E70003476506E1
:1037F0002386E700035765061385E7002183A38628
:10380000E70097D0FE1FE780602693074004230857
:10381000F400B24022440145410182800545828086
:10382000411106C6AD47A30AF5008327051113070A
:1038300090029305D5172381E700138537002946A9
:1038400097D0FE1FE7808022B2400145410182806F
:1038500083254511411126C206C622C483C74500EF
:1038600003C735000568A207D98F1387A7FF420752
:1038700041839306A8C7F94463E2E60C03C76500D9
:1038800083C65500130808C82207558FF94463679B
:10389000E80A6365F70A03C6850083C67500220639
:1038A000558E9306301F63EBC60883C6A50083C8F8
:1038B0009500A206B3E616016362D8081308160045
:1038C0003308F80293983600635A180783C8B50086
:1038D0001398080113580801638408006360070700
:1038E0008358A5038144639D1701631BF700835828
:1038F000C5036397C8008354E503958C93B4140003
:10390000231DC504231AF506231BE506231ED50433
:103910002312050783C7D50003C7C5002A84A20761
:10392000D98F2313F5063146B9051305850697D0BF
:10393000FE1FE780A0139147A30EF400B24022447B
:103940002685924441018280411122C406C68547E2
:10395000A30AF5002A84834535150327051103457D
:103960004515854693176500CD8F2301F700ED4778
:10397000A301F7008347C4000346241593E7070219
:103980002306F400EF107074930770062308F40008
:10399000B24022440145410182808327451113032F
:1039A000000E03C6470003C737002206598E1307CF
:1039B00056FE420741836367E30683C6670003C779
:1039C00057001168A206D98E138786EB4207418300
:1039D000130888146368E80403C7870083C8770066
:1039E000220733671701930857FEC20893D80801CE
:1039F000636A130383C8970083C7A700A207B3E7CE
:103A00001701938887EBC20893D80801636C1801EB
:103A1000231EC51A231FD51A2310E51C2311F51CDC
:103A20006FB0E037054582808346B5000547AA8719
:103A300005456395E60C83C6670131470545639FDD
:103A4000E60A03A7471183463700A38AD7048346B3
:103A5000570003464700A206D18E239BD704834517
:103A6000770083466700A205D58D239CB7040346E3
:103A70009700834687002206558E239DC704834600
:103A8000B7000345A700A206C98E239ED7040345AD
:103A9000C7000347D7002207498F03D5A703239FF9
:103AA000E7040147631BB50083D5C7036397C500CF
:103AB00003D7E703158F133717002391E70603C7D2
:103AC0000701930600046304D702930640046315BC
:103AD000D70005472388E70003C717019546A38E43
:103AE000D700136717F8A388E7000145828003C752
:103AF000A702136717002385E702E1BF828003470F
:103B000065018947631DF7008327451183C7370087
:103B1000230AF504F5472308F500014582801D4579
:103B200082808347B5002A87D9EB83466501B54774
:103B300005456397F60883460701930700026391E2
:103B4000F60883274711014583C6570003C647007F
:103B5000A2064206B29603C66700B29603C63700B5
:103B60006206B2962320D70C83C6970003C687004F
:103B7000A2064206B29603C6A700B29603C6770015
:103B80006206B296232ED70A83C6C70003C6D700A3
:103B9000A2064206B29603C6B70083C7E700B296F4
:103BA000E207B6972320F70E8347170193E78700B4
:103BB000A308F700930730022308F7008280054529
:103BC00082808347B5009DE3034765018547631DF8
:103BD000F70083460501130730026397E600930759
:103BE000C0022308F50081473E8582808547EDBFEE
:103BF000834665010547AA870545639CE60203C71E
:103C000007019306B002631AD7001307E002238866
:103C1000E700A3850702014582809306D00205458F
:103C20006319D7001307E002A38507022388E70082
:103C3000DDB78280034765018947631EF704E947C2
:103C4000A305F50283274511394783C737006392DF
:103C5000E7020347050193070003631EF70283276A
:103C6000050A93E707022320F50A85472308F50094
:103C7000B9A03D476393E7028327851003470501F9
:103C8000F59B2324F510930700046316F7009307B0
:103C900060042308F5000145828049476398E702E4
:103CA000034705019307A004E317F7FE85472308A0
:103CB000F5008347A50293E717002305F502834724
:103CC000150193E707F8A308F500F1B75147639290
:103CD000E7020347050193070005E31EF7FA85474E
:103CE0002308F5008327050A93E707102320F50A28
:103CF000F9B75947639DE70003470501930750054E
:103D0000E31BF7F88327050A93E70720A9BF694754
:103D1000639FE7000347050193075006E31DF7F68D
:103D20008327050A056713070780D98F2DBF7147C1
:103D3000E383E7F67547639CE700034705019307B4
:103D40005007E31AF7F48327050A2167F9BF130721
:103D50003002E392E7F40347050193075008A9B73F
:103D60000347B50085476311F70203476501631BED
:103D7000F700034705016317F70093076003230863
:103D8000F50081473E8582808547EDBF834665010A
:103D90000547AA8705456393E60603C7070193060F
:103DA00070036315D70203C7A7022386070493761F
:103DB000070499C61377F7FB136707012385E7020A
:103DC000130780032388E700014582809306500390
:103DD00005456315D702130780032388E70003C74F
:103DE000A7022386070401459376070481CA137747
:103DF000F7FB136707012385E70282808280034770
:103E000065019947631EF70803274511834737006B
:103E1000A307F5048347570083464700A207D58FC1
:103E20002318F50483477700834667001307A00330
:103E3000A207D58F834605012319F5048347E502C0
:103E40006395E604858B99CB8327050AA3050502B4
:103E50002307050293E707042320F50A8347A502F9
:103E600093E717002305F50285472308F5008347EC
:103E7000150193E707F8A308F5008347E50293F7D8
:103E8000F7FB2307F50201458280E207E187E3D0D3
:103E900007FE8327450A93E707042322F50AC1BFDB
:103EA000054582800347650189476304F70005459E
:103EB0008280832745111307000483C73700A305B9
:103EC000F5028347050193F6B70F6397E600930762
:103ED00050042308F50025A0130750056393E7025B
:103EE0008327050A93E707202320F50A854723083F
:103EF000F5008347150193E707F8A308F50001458E
:103F00008280130750066395E7009307A006D1B798
:103F100013075008639CE70085472308F500834793
:103F2000A50293E717002305F502E1B70347B500A3
:103F30003DFF130700026386E70013073002639515
:103F4000E7009307600271B71307A007E391E7F654
:103F5000930710F8BDBF834665010547AA8705454D
:103F60006394E60403A787100545418B15CF03C76B
:103F700007016318A7001307B0042388E700014571
:103F800082801306A004631AC70003C7A702238810
:103F9000D700136717002385E70203A7870A136773
:103FA000070423A4E70AE1BF828083466501054731
:103FB000AA8705456393E60283C607011307A00499
:103FC0000545639CE60003C7A7022388A7000145B7
:103FD000136717002385E70282808280034765010B
:103FE0008D47631FF718834715018D8B91EB83462F
:103FF00005012147938706FC93F7F70F6361F702EA
:10400000D9472306F5029307A002A305F5028327EB
:10401000850A93E727002324F50A01458280834718
:10402000B500032645116390071493075005639864
:10403000F600D9472306F50293073002F9B7971720
:10404000FF1F9387A7BE8345460003C7A70383C707
:10405000B703834865146D8F2305E51403463600C6
:10406000F18F0546A305F514331616016314C70036
:1040700023050514034875148545B395050163941C
:10408000B700A30505140347A5148347B5145DCFF6
:10409000D9CB93752700B1C113F627001DCE930726
:1040A00020202315F5140347A5148547B39717015E
:1040B0006314F700230505140347B5148547B39728
:1040C00007016314F700A305051485476398F608F4
:1040D000930760052308F50089B71376470001CAE6
:1040E00013F3470063050300930740405DBF058B52
:1040F00019C713F7170001C7930710105DB70947D9
:1041000081E5114711E205472305E51413F7270060
:1041100009C78947A305F51479B7918B99C39147CE
:10412000D5BF8547C5BFB3570741858B81C72305D9
:10413000B51495BF9377270089C789472305F514E0
:104140009DB7118B91477DFB8547CDBFA9DF33D745
:104150001741058B45DFA305C514B1B78327850A31
:1041600093E707104DBD85476397F60083474600E8
:10417000A305F514B1BF8327850A93E7072061BD26
:1041800005458280834665010D47AA8705456394EE
:10419000E61483C60701130750050545639DE61223
:1041A00003C7B7006319071283C6471403C7571420
:1041B00003A6471133F5E6008345460019ED6396E3
:1041C000B60003453600630AE5002395071413077C
:1041D00070052388E70001458280ED8E2385D71482
:1041E0000346360003C86714718F0546A385E7149C
:1041F000331606016394C6002385071403C577149C
:104200008545B395A5006314B700A385071483C63D
:10421000A71403C7B714C5CA41C793F526009DC9A3
:104220001376270005CA130720202395E71483C6B9
:10423000A7140547331707016394E6002385071485
:1042400083C6B71405473317A700E392E6F8A385A2
:104250000714B5BF13F6460001CA9378470063857B
:10426000080013074040D1B7858A99C69376170096
:1042700081C61307101055BF894681E5914611E2AA
:1042800085462385D7149376270089C60947A385D9
:10429000E71471BF118B19C31147D5BF0547C5BFBF
:1042A00033D7A640058B01C72385B71449B713F749
:1042B000260009C709472385E71495BF918A11474E
:1042C000FDFA0547CDBF25D7B3560741858AC5DE20
:1042D000A385C714A9BF82808346B5000547AA8776
:1042E0000545639FE60683C6670115470545639943
:1042F000E60603C70701930650056306D700930639
:104300008005631FD70403C7A70283A5471113675E
:1043100017002385E70203C645001147636EC700F7
:1043200083C63500636AD7001307F6FF1385F6FFCF
:10433000718F758D498F11C705472388E7000145A7
:10434000828003C7650003C555002385C714220773
:10435000498F2396E714A385D7141307A005F1BF4F
:1043600082808347B50095E3834665010D47854705
:10437000639BE600034705016317F70093071006E8
:104380002308F50081473E8582808547EDBF0347BE
:10439000650189476310F706832745119715FF1FAD
:1043A00083C5658D83C7370013F6F70113D7670000
:1043B0009717FF1F83C7178C63EAC7008346E5146E
:1043C000A18A89C6B3D6E540858A9DE6E9472306DA
:1043D000F5028547B397E700ED8F8D8B794799C339
:1043E000130700028327850AA305E50293E7270048
:1043F0002324F50A05458280230AE51403470501B5
:10440000A309C51485476318F700930760062308BE
:10441000F500014582808327850A93E7074023241E
:10442000F50AC5BF034765018947631CF702832767
:1044300045110347050183C737002308F502854767
:104440006318F700930760072308F5000145828091
:104450008327850A056713070780D98F2324F50A68
:10446000F5B705458280834665010947AA8705455A
:10447000639FE60283C6070113075007014563984F
:10448000E60203A74711A166034737002388E70226
:1044900003A7070A558F23A0E70A05472388E700EB
:1044A00003C71701136707F8A388E700828082809B
:1044B000834665011547AA8705456399E60C83C6BF
:1044C00007011307500805456392E60C03A747113F
:1044D00083463700A38DD71483064700A382D716DF
:1044E000030657002380C716034767002382E71699
:1044F00003C7871593754700B5CD8946A38CD7149C
:1045000083A6070AC1656D9BCD8E23A0D70A238C95
:10451000E71403C7A7169376170085C29306F00722
:104520006306D600136727002385E71603A7070A4B
:10453000B7060200558F23A0E70A1707FF1F1307CE
:10454000E76E034737000145A387E70203C7470328
:10455000A380E71605472388E70003C7A702136770
:1045600017002385E70203C71701136707F8A3881D
:10457000E7008280098B51DFC9DE03A7070AC16605
:10458000A38CA714558F23A0E70A61B782808346C6
:1045900065011547AA8705456390E60A83A647117A
:1045A000014503C636001377060F59E71707FF1FAB
:1045B0000347976B718F49C303C766001148238077
:1045C000E716838556000147A382B7161305170027
:1045D0003357E640058B9378F50F15CF238D1715CC
:1045E00003C74600A38DE71403C7871593764700DA
:1045F0009DC68946A38CD71483A6070A41666D9B86
:10460000D18E23A0D70A238CE71403C747030145A3
:10461000A380E71682802A87E31A05FBD1B7098BAE
:104620006DD7E5D50547A38CE71403A7070AC16634
:10463000558F23A0E70AD1BF8280834665011147C9
:10464000AA8705456393E60A83C5B7000545639EBF
:10465000A50883A6471103C836006366050303C790
:104660004600130510091306B7FF1376F60F636CA7
:10467000C50003C656009306B6FF93F6F60F6364B3
:10468000D5006371E6027947A385E702130780022C
:104690002386E70203A7870A01451367270023A49F
:1046A000E70A828083A6C710014593F6060895CED7
:1046B00083C647176317B80293E61600238AD716F6
:1046C0009306000AA38AE7163307D70283D6A70307
:1046D0003347D70283D6070485063697239BE71610
:1046E0008280D99A238AD7168280828083270511F7
:1046F000E9C72547A30AE50051472381E70003479F
:10470000451B8355651B0356A51BA381E700034783
:10471000551BA382B7002382E70013D785002383AC
:10472000E7000347851BA383E7000347951BA3848A
:10473000C7002384E700135786002385E7008346DC
:10474000751409476386E60203270510931647018F
:1047500063C006028566938686842E8763F3B6005F
:10476000368742074183A382E70021832383E70042
:104770008346651409476386E602032705109316EE
:10478000470163C00602856693868684328763F399
:10479000C600368742074183A384E700218323852F
:1047A000E7008347A50293E747002305F502930737
:1047B00000052308F5000145828005458280832796
:1047C0000511E9CB2547A30AE50055472381E700FA
:1047D0000347451B8355651B0356A51BA381E700B3
:1047E0000347551BA382B7002382E70013D7850038
:1047F0002383E7000347851BA383E7000347951B3B
:10480000A384C7002384E700135786002385E700AD
:104810008346751409476380E6028566938686841D
:104820002E8763F3B600368742074183A382E700F1
:1048300021832383E7008346651409476380E602EA
:10484000856693868684328763F3C600368742077F
:104850004183A384E70021832385E7008347C507BD
:10486000A305050299C78327050A93E707102320AC
:10487000F50A8327450A13974701635807007D7798
:104880001307F77FF98F2322F50A85472308F500E0
:10489000014582800545828003476501AD47631865
:1048A000F702411106C6834745178325451129465E
:1048B00093E70701230AF5168D051305D51797C051
:1048C000FE1FE780A01AB2400145410182800545E4
:1048D00082808347B500EDE7411122C406C6034735
:1048E0006501E1472A8405456318F70C0347040175
:1048F000930700046312F70C8325441105659306A2
:10490000A5C703C7450083C7350022075D8F9307FE
:10491000A7FFC207C18363ECF60883C7650083C69F
:104920005500130505C8A207D58F6362F50863E03B
:10493000E70803C6850083C675002206558E9306D8
:10494000301F63E6C60683C6A50003C89500A2060D
:10495000B3E60601636DD504130516003305E502C1
:10496000139836006345A80403C8B5001315080161
:1049700041816304080063ECA702231DC4042312D1
:10498000A406231AE406231BF406231ED40483C7BB
:10499000D50003C7C5003146A207D98F2313F406FB
:1049A000B9051305840697C0FE1FE780200C930706
:1049B00070042308F4000145B24022444101828082
:1049C00005458280411126C206C622C403476501FF
:1049D000E14785446318F704832785102A848544BA
:1049E000898BA9C38347B50063919706EFE05FE623
:1049F00083470401A305A40263979700930710045B
:104A00002308F40039A8130700046393E70293070F
:104A100010042308F4008347A40293E7170023053A
:104A2000F4028144B24022442685924441018280AE
:104A30008327040A93E727002320F40A83471401FD
:104A400093E707F8A308F400E9BF834715018D8BAE
:104A500099CF9307A002A305F402BD472306F402F1
:104A60008327840A93E727002324F40A5DBF834742
:104A7000050163979700EFE0BFDDA305A402BDBF6A
:104A8000130700026390E702EFE09FDCA305A40296
:104A9000814449F98327440A37070080D98F2322AC
:104AA000F40A49B713070004E39EE7F693073002C0
:104AB0005DB7411126C206C622C48347B5008544AE
:104AC000A5E703476501A5478544631FF7048327CE
:104AD000850FA18BB1CB832545112A8421468D05F5
:104AE0001305051097C0FE1FE78040F883270410C8
:104AF000B73678089386060DDD8E8327441013E7BA
:104B000007018327840FF58F2324F4108327C40F14
:104B1000F98F2326F41083470401639D97009307C0
:104B200010032308F4008144B240224426859244B5
:104B3000410182808327840A93E707012324F40A32
:104B4000DDB7411126C206C622C403476501A54749
:104B50008544631AF706034705019307000385445C
:104B60006313F706832545112A8421468D05130515
:104B7000051097C0FE1FE78060EF83270410B7364B
:104B800078089386060DDD8E832744102308940051
:104B9000A305040213E707018327840F8144F58FDF
:104BA0002324F4108327C40FF98F2326F4108327BE
:104BB000040A93E707022320F40A8347140193E7CA
:104BC00007F8A308F400B24022442685924441012C
:104BD00082808347B50005476395E708411122C4E9
:104BE00006C68346650125472A8405456390E60687
:104BF000034704016310F70683254411214613057A
:104C000004108D0597C0FE1FE78040E6832704103F
:104C1000B73678089386060DDD8E8327441013E798
:104C200007018327840FF58F2324F4108327C40FF3
:104C3000F98F2326F410930710032308F400834709
:104C40001401014593E707F8A308F400B240224499
:104C5000410182808327840A93E707012324F40A11
:104C6000F9BF054582800347B5008547631CF704FB
:104C7000411122C406C626C203476501A1472A8402
:104C80000545631CF702832444111305841215465D
:104C90009385340097C0FE1FE78040DD83C79400F2
:104CA00003C784000145A207D98F2317F412834755
:104CB000140193E727F8A308F400B2402244924479
:104CC00041018280054582800347B5008547631016
:104CD000F716834665015D47639CE614011126CAF9
:104CE0008324451122CC21462A8493853400130560
:104CF000F51806CE97C0FE1FE78040D783C7C400D3
:104D000003C7B400A207D98FA30BF418A183230C07
:104D1000F418EFF00EE12AC4EFF0AEE02AC62C0042
:104D20001305841A214697C0FE1FE78020D483C74D
:104D3000F40003C7E4001305041BA2074207BA9757
:104D400003C704012C001146BA9703C7D4006207B9
:104D5000BA972324F40C83C7340103C72401A207A4
:104D60004207BA9703C74401BA9703C71401620701
:104D7000BA972322F40C0347941A8347A41A4207D4
:104D8000A207BA970347B41ABA970347841A62076F
:104D9000BA972320F40C0347D41A8347E41A420736
:104DA000A207BA970347F41ABA970347C41A6207CF
:104DB000BA97232EF40AA247374703001307D73FB9
:104DC000B387E70237A72600130737ECBA973EC42C
:104DD00097C0FE1FE78080C983C7640103C77401C1
:104DE000A2074207BA9703C75401BA9703C78401C1
:104DF0006207BA97232EF40C0347241B8347141B26
:104E00004207A207BA970347041BBA970347341B0C
:104E10006207BA972320F40E930710022308F400C8
:104E2000F24062448147D2443E85056182808547D5
:104E30003E858280034765019147631BF71241114C
:104E400026C28324451106C622C403C7340001CB01
:104E50009307F7FFF98F81E79377070F8DC79307C4
:104E60000002A305F502930730022306F50283270B
:104E7000850A93E727002324F50AB240224492448E
:104E800001454101828083C554009306E0078147B4
:104E900011466397D500F947E9B7B687638CC6001A
:104EA00093861700B357F740858B93F5F60FF5D728
:104EB000230DB514838744002A84B5C3A30EF514CB
:104EC000030535143387A7001375F50F635AF000F7
:104ED0008307F41563DAE700898FA30EF41429A081
:104EE0008307E415E34AF7FE8347D4153E95620530
:104EF0006185212F2301A4145D2583473414A30168
:104F0000A414B307F540A30EF41401278347A41596
:104F1000034734142301A414A297A382E71683073E
:104F2000440383062416014763D5F600958F13F7D3
:104F3000F70F230EE41483C7540005472300F4162B
:104F4000834704016397E700930760F82308F400A0
:104F50002DB7130750086396E700FD57230EF4148E
:104F6000E5B78327840A0967D98F2324F40A31B768
:104F70000545828003476501A547631EF70441117B
:104F800022C406C683460501130700052A84854707
:104F90006397E602EFE07FA005E98327040AA305F3
:104FA000040293E707102320F40A8347140193E7D0
:104FB00007F8A308F40085472308F4008147B240AE
:104FC00022443E85410182808347A40293E7170073
:104FD0002305F402D9BF85473E85828003476501DA
:104FE000A5476309F700054582800545B240224484
:104FF0004101828083278510411122C406C693F7A0
:1050000007022A84FDD3EFE05F998547E30FF5FCA3
:10501000034704016318F700930710052308F40001
:105020000145E9B78327840A93E707082324F40A94
:10503000C5BF0545828005458280054582800545BE
:105040008280054582800545828005458280054530
:1050500082808347C500A30A0500F19B93E71700F0
:105060002306F50003250511133515008280170767
:10507000FF1F0347D7AF9547630BF7009707FF1F45
:10508000938787AE83C777000D47631FF7009707A5
:10509000FF1F83C7F7AD639E0710930760101707C4
:1050A000FF1F2317F7AC8280411126C29707FF1F0D
:1050B0009387C7B79384019A22C4E05F9C404AC09B
:1050C00006C623A20706096798C719459707FF1F59
:1050D000238E07A8EF00301693874199944337C772
:1050E000898E130767ED98C6375755001307575534
:1050F000D8C2034724029306F00F3E896307D70006
:10510000FD57A300E4022301F4020345140289477A
:105110006303F5000145984001469305F00F5C4399
:1051200093E717005CC3930710FA2305F40099472F
:105130001707FF1FA30DF7A29707FF1F238607A2DC
:105140009707FF1F238407A29D2D9387819A94437D
:10515000DC56F59BDCD683270900034794001376C1
:10516000F7079843137707F8518F98C31707FF1F66
:10517000A30E079E90401707FF1FA307079E054732
:1051800018C298431377F7E798C398431377F7E764
:105190001367071098C39C4637073300B240D98F76
:1051A00022449CC69307900D3CCA92440249410197
:1051B00082808280411106C622C41707FF1F034761
:1051C000379B9707FF1F9387279A01CF9706FF1FEB
:1051D00083C6069A09476396E6001707FF1FA309CF
:1051E000079803C77700A1466387E60003C77700E7
:1051F0009D46639DE60083C777001707FF1F2309BD
:10520000F79685471707FF1FA304F796EF00407B2B
:105210009707FF1F938787A1E05F6840231504006D
:105220002304040097C0FE1FE780E0699145231026
:105230000404232204042324040417F5FE1F034559
:10524000D576EFF06ED8A14517F5FE1F0345F5752D
:10525000EFF08ED7034514039307F00F6307F500B3
:10526000EFF00EDBFD57A308F40203450403930798
:10527000F00F6307F500EFF0AED9FD572308F402F5
:10528000B240224441018280011126CA9704FF1FC7
:105290009384C49922CC03A4040C4AC84EC652C4B9
:1052A00056C206CE2A898149130A2500854A29E873
:1052B00093057025314597C0FE1FE78060542A840E
:1052C00001453DC083471900194693052900A300F5
:1052D000F4001305240097B0FE1FE780207983A710
:1052E000040CA1EF9707FF1F23A287A0232404002B
:1052F00083C7C40B85071707FF1F2307F79E25A049
:1053000003471400834719006305F700A28900448E
:1053100079BF1946D2851305240097B0FE1FE78098
:10532000E07DE31555FF0545F2406244D244424911
:10533000B249224A924A05618280E38909FA23A48C
:1053400089006DB79707FF1F9387478E03A5070C4A
:1053500011E99707FF1F23AB07989707FF1F2385C6
:1053600007988280411106C622C4004597C0FE1FDF
:10537000E7806055228575F8B24022449707FF1FE9
:1053800023A607969707FF1F238007964101828077
:105390009707FF1F9387878923A0070C238E070A8F
:1053A0008280011122CC1384019A184006CE26CAAD
:1053B0002EC632C43C4BAA84354593F7F7F73CCB55
:1053C0009D2D184026853C4B93E707083CCB224691
:1053D000B24597C0FE1FE78000B4F2406244D24459
:1053E0000145056182801387019A1443BC4A93F7F3
:1053F000F7F7BCCA0100010018431605136505083C
:105400003C4B93E707083CCB938701999C4303A748
:10541000450E88C398CB03A7850E0145D8CB03A7BB
:10542000C50B98CF03A7050CD8CF03A7450C98D37D
:1054300003A7850CD8D303A7C50C98D703A7050DE0
:10544000D8D703A7450D98DB03A7850DD8DB03A7A5
:10545000C50D98C703A7050ED8C79843136707045F
:1054600098C382801387019A1443BC4A93F7F7F7D5
:10547000BCCA0100010018431605136505083C4B22
:1054800093E707083CCB938701999C4303A7C50E7C
:1054900088C398CB03A7050F0145D8CB03A7C50B3D
:1054A00098CF03A7050CD8CF03A7450C98D303A723
:1054B000850CD8D303A7C50C98D703A7050DD8D75B
:1054C00003A7450D98DB03A7850DD8DB03A7C50D02
:1054D00098C703A7050ED8C798431367070498C356
:1054E000930700F817F7FE1F2303F76882801386DF
:1054F00041991C42B7068000B715018098439385F7
:1055000085E7558F98C39843B7060010558F98C309
:105510001307001DD8DB17F7FE1F034767469316D6
:105520009701CD8ED4D7D457B70500821377F703F0
:10553000FD15ED8E6607558FD8D7371700409307B6
:1055400070052300F704930780FA2300F70497F609
:10555000FE1F83C6E642B54763FBD7028357270287
:1055600093E707012311F7021842B7070900938751
:1055700037081CD337E700E0D147A309F70497C7E2
:10558000FE1F938767C493E717007CD782808357F9
:105590002702C207C183BD9BC207C183E1B793073E
:1055A000C00363E2A706130780029547636BA70455
:1055B000714791476367A70459478D476363A70401
:1055C00049478947636FA70239478547636BA7023D
:1055D000314781476367A7022947FD576363A702E5
:1055E0002147F557636FA7001947ED57636BA70075
:1055F0000D47E1576367A7000547C1576373A700CD
:10560000D1573E8582809947EDBFC5576340F50667
:1056100055578947634AE504655791476346E50452
:1056200071579D476342E5047957A547634EE502EC
:10563000AD47634B0502B54705C90547BD4763053F
:10564000E5020947CD476301E5020D47DD47630DDC
:10565000E5001147F5476309E50015479307D003B7
:105660006314E500930790023E8582808547EDBF75
:105670009387C1999C4399CB944BD04B9842518FBF
:1056800098C294439C479842D98F9CC29387419972
:105690001386019A05489C4317F7FE1F0347674D81
:1056A000144263120505884375787D18337505012A
:1056B00088C3C846F977FD17E98FDCC601000100F1
:1056C00014428967AD059CC6930700F817F6FE1FC4
:1056D000230EF648939725009305E709BE958605A6
:1056E000ECD2C8C682807578137325009308F8FF42
:1056F000630B030803A8070089050D4333781801DD
:1057000089683368180123A0070151781307E70B54
:105710008E057D1863116504884333750501116892
:105720003365050188C3C846F977FD17E98FDCC6E4
:10573000010001001C42930600F89385750D23A417
:10574000170117F6FE1F2303D6428605BA95860574
:10575000ECD3C8C7828088433375050188C3C84627
:10576000F977FD17E98FDCC6010001001C429306A2
:1057700000F89385A50423A4170117F6FE1F23073D
:10578000D63E8E05E1B7884305683375150133654C
:10579000050188C3C846F977FD17E98FDCC601000B
:1057A00001001C428966A90594C7930600F817F604
:1057B000FE1F230DD63A8E051307E70941BF9387D5
:1057C000C1999C4389CFD44303A88700984233678B
:1057D000070198C2D447DC4B9842D98F9CC293876B
:1057E000419983C68199137725009C43858A25CBEF
:1057F000984375757D15698F0965498F98C337077B
:1058000009001307670898D3372730084517D8CB06
:10581000371703001307976198CF0D671307E78DBC
:1058200098D73767000113070731D8D385C637A744
:105830003F001307F74D9E0598CB9385453697F7A4
:10584000FE1F23A9B73211C6060697F7FE1F23A332
:10585000C7328280372737001307F72DE9BF370794
:1058600009001307370898D3372710081307179034
:10587000D8CB371703001307476298CF0D6713077C
:10588000E78B98D73767000113070731D8D385C650
:1058900037A73F001307E72C98CB75779306F7FFE0
:1058A000984305489505758F631C050198C38E05BF
:1058B0009385C50369B7372737001307072DE9BF5D
:1058C0008566558F98C39205E5B711C93717004013
:1058D000835787012168B3E70701231CF7008E0572
:1058E00097F7FE1F2387B7289387419922069C4389
:1058F000498E4D8EB70510004D8EF0D3F8531367C7
:105900004700F8D3984391C6B7060020558F98C337
:105910008280B70600E0FD16758FD5BF411106C61F
:1059200017F7FE1F0347C724A1476310F70497F733
:10593000FE1F83C72725858B17F6FE1F0346B62655
:1059400097F6FE1F83C62626B5C797F7FE1F9387D7
:105950006725C84325C1834515000905192511C5CB
:10596000854717F7FE1FA305F72017F7FE1F03470C
:1059700027209947631CF70097F7FE1F9387072B93
:10598000FC5F83C7B70095CBEFF06FEE17F7FE1FF4
:105990000347071E9D476312F70297F7FE1F938781
:1059A000E72883A7070983C7770081CBB24041016D
:1059B0006FB060708145014555B7B24041018280AA
:1059C0001387019A1C43B44BE19AB4CB944393E6FA
:1059D000860094C39C438D83858B89C70100010099
:1059E000010001009387419994439C4293F7F7E7A4
:1059F00093E707089CC29387819A9043B706CEFF2E
:105A0000FD161C46F58F1CC61C4313070008B8CBB7
:105A10009387C1999C4399CBD44390479842518F27
:105A200098C2944BDC4B9842D98F9CC297F7FE1FCB
:105A3000A38F071282809387019A9C439C438D8B8E
:105A4000F9CB411122C426C206C617F7FE1F034731
:105A500017128D47AA8417F4FE1F1304E410631B6A
:105A6000F70097F7FE1F9387E7119C4B014681458E
:105A70004545829719476392E40497F7FE1F83C751
:105A8000370F99CB97F7FE1F83C7870E6396970052
:105A900097F7FE1FA38E070C8347740021476318F6
:105AA000F7009307801017F7FE1F2313F70C22440B
:105AB000B240924441016FF0BFF09D47639FF400F4
:105AC00097F7FE1F83C7D70AE1DB17F7FE1F0347CF
:105AD000270A8D47E312F7FC65BF83467400630B0A
:105AE000D700034774006387E700834774002147AA
:105AF000E31FF7FA97F7FE1F83C79707CDFB83478E
:105B0000740017F7FE1F2305F706854717F7FE1FDA
:105B1000A300F70669BF8280011122CC2A841145B7
:105B20002EC632C436C206CEEFF0FFF093874199FD
:105B30009C43B7083300D857719B13671700D8D719
:105B40001387019A08431307000A78D19843137703
:105B5000F7E798C398431377F7E71367071098C3DD
:105B60001387819A1843B24592460328870022463C
:105B700033681801232407011308A00D2328050505
:105B8000C9CD4C5713640404F5994CD71377F40727
:105B90008043137404F8598C3747767180C3130718
:105BA000971298C7375755001307575517F4FE1F1C
:105BB000130484FBD8C35C48B6853CD997F7FE1F15
:105BC000238507FA97F7FE1FA38107FA5C41F99B2B
:105BD0005CC19147014517F7FE1FA30AF7F897B07C
:105BE000FE1FE78080709387C199984311C7544383
:105BF00018479C42D98F9CC283473400858B91CB38
:105C000097F7FE1F83D70703850717F7FE1F231398
:105C1000F702F2406244056182804C57F5994CD7F7
:105C20001377F4078043137404F8598C37C7898EAF
:105C300080C3130767EDB5B7011126CA4AC84EC61F
:105C4000C1643709006AB70900AC22CC52C406CE41
:105C50000544FD141309690E9389E90C130A000227
:105C600005E49305000F4145EFF0EE84B7B7006AF5
:105C70004205938767CE5D8DF2406244D24442492B
:105C8000B249224A05618280A6850145EFF0EE8483
:105C90009317850013F7071033E5270119C333E580
:105CA000370181470147E145B356F5008507335673
:105CB000F500858A058A6307D60005071377F70F75
:105CC00063E4E504E39247FF81471306F003ED46E2
:105CD0003357F5001377F70305CB6307C702850732
:105CE000E398D7FE135785009377F50F1377F70FD7
:105CF000E394E7F8135705011377F70FE39EE7F6F0
:105D000013578501E39AE7F605041374F40F89BF6E
:105D100017F7FE1F0347B7E5A5476303F70C97F78F
:105D2000FE1F938767E483C777001147630AF70A6A
:105D3000938701999843B7C7004093870730631151
:105D4000F70A4111354506C622C426C24AC0EFF003
:105D50009FCE13894199ED289D29EFF04FF98327B4
:105D60000900F576FD1698439384819A1384019A6D
:105D7000758F98C39843B70633001377F7E798C336
:105D800098431377F7E71367071098C398401C47A9
:105D9000D58F1CC71C401307D00DB8CB9D25EF1025
:105DA0004036792B2525032709001C4393F7F7E795
:105DB00093E707081CC394403707CEFF7D179C4626
:105DC000B2409244F98F9CC61C401307000822443D
:105DD000B8CB97F7FE1FA38C07D8024941018280F8
:105DE0008280238C019823AE0198B7C700401387A7
:105DF000073023A8E1981387072023A0E19A93870F
:105E0000071037D70040411123A4E19A23AAF19843
:105E100006C617F7FE1F130727D58547A303F7000C
:105E200097F7FE1F938787B49C431CCF9387071176
:105E30005CCBEFF0FFEDB7E700E037071000B240B2
:105E400023A0E7103707200023A0E710410182803C
:105E50009387019A9C431307C00893066007D8CB29
:105E6000D4CFD8D31306C003D0D7D8DBD0DFF8C344
:105E700017F7FE1F130747CF184FF4C7F8DB41672A
:105E80007D1798C73D673D07D8C737E700E0D5477E
:105E90002309F70497C7FE1F9387C78E93E7170060
:105EA0003CD782809387819A984317F6FE1F13068A
:105EB00066CD9387419994438347160013F8F707FB
:105EC000D9C588425C42137505F83365050188C25F
:105ED00013F5150001C993F5050341456396A50621
:105EE000938707834C574168130808A093E5250062
:105EF0004CD7B3D50703B70810FEFD18B3F7070357
:105F0000FD89139545016C43B3F51501C98D6CC32B
:105F10009305A00F3705FCFFAA07B3D7B7026C4360
:105F2000E98DBA07B983CD8F7CC383470600898B7F
:105F300099CB9C4293F7F70713E707049C4293F72A
:105F400007F8D98F9CC28280938787C161BF5C5755
:105F5000F59B5CD79C4293F707F8B3E707019CC217
:105F6000E9B797F7FE1F938767CC83A7470A85C3D6
:105F7000054582800545B250225492540259F24997
:105F8000624AD24A424BB24B224C456182807971BF
:105F90004AD017F9FE1F1309E9BE8327890006D6E8
:105FA00022D426D24ECE52CC56CA5AC85EC662C43D
:105FB000F1D31384019A1C4098430D8B05C3B84B51
:105FC000619BB8CB98431367870098C39C438D832C
:105FD000858B89C70100010001000100138C4199E4
:105FE00003270C00138A819A368B1C43B7063300B3
:105FF000B28B93F7F7E71CC31C43AE89AA8A93F7C9
:10600000F7E793E707101CC303270A0097F4FE1F66
:10601000938444B91C47D58F1CC71C401307900DAF
:10602000B8CB97F7FE1F83C7A7B8918B89EB97F57D
:10603000FE1F83C525B593F70504639807148145B2
:1060400017F5FE1F034515B4EFF0DFE517F5FE1F4A
:10605000034545B31185014697F5FE1F83C545B439
:106060000D89EFF0CFF503270A005C4393F7F7EFB4
:106070005CC30100010001000100010001000100FA
:10608000010003270A005C4393E707105CC38327E2
:106090000C000327890098C70327C900D8C31840FC
:1060A0008347090093F617005C43F99BD58F5CC3C7
:1060B00097F7FE1FA38977AF97F7FE1F238567AF7A
:1060C0005C43858BA9CFDC4085E317F5FE1F0345B4
:1060D00035AD93059004090597B0FE1FE780407227
:1060E00097F7FE1F23A2A7ACDC40E38507E817F76C
:1060F000FE1F034747AB2380E700DC40638E0A089E
:10610000638C0908A3803701C8404E86D6850905EF
:1061100097B0FE1FE78080951C40D840B8DB35451E
:10612000EFF07F9183C7E40093E7470017F7FE1F66
:106130002301F7A89307000417F7FE1F2306F7A211
:1061400097F7FE1F238407A2A14717F7FE1FA3009E
:10615000F7A297F7FE1F938767819C5791CB130691
:106160000064C14517F5FE1F0345C5A4EFE0AEC4AA
:1061700097F7FE1FA38C079E97F7FE1FA386079E27
:106180001C400547014598C3FDB393F5050393E50E
:106190001500032549004DBDA3800700B5BF9387B7
:1061A000819A9443056713071710D8C65147010019
:1061B0007D1775FF984323260700514701007D177F
:1061C00075FF98438567938717105CC782804111DC
:1061D00006C6EFF0DFFC9387819A9C4313070048C3
:1061E0003703009098D7B8477D13370E00203377D8
:1061F00067003367C701B8C7B847B70600F9FD168F
:10620000758F37060004518FB8C7B8473706F9FFB6
:106210007D16419B13679700B8C7B847B708008041
:10622000B70E0002718FB8C7B847370600FF7D165A
:1062300033671701B8C7F84745757D1E619B136723
:106240003700F8C7F8471377F7F813670703F8C75D
:10625000EC4793F5F58F93E50530ECC7F847718F60
:10626000F8C7F84711663367D701F8C703A80705D1
:106270001307F5FF7D753378E8003368C80023A85D
:10628000070503A847057D15137808FF1368C800A4
:1062900023AA0705F04B13660608F0CBF04B698E76
:1062A000F0CBC85F798D2167598DC8DFCC5F370788
:1062B0000040F58DB3E5D501CCDFD05FB7057000A8
:1062C0003376C601598ED0DFD05709674D8ED0D7AF
:1062D000D057F18ED4D7D45775767D16F18ED98EDE
:1062E000D4D7D4573706FDFF7D1637070200F18E4D
:1062F000D98ED4D7945BC19A94DB945B93F6F6F075
:1063000094DB945B93F6F68F94DB985BB7060050B2
:106310004D8F98DB985B33776700558F98DB985FDC
:10632000B70608FFFD16758FB7068800558F98DFF2
:10633000985FB368170123AC1703B2404101828014
:106340001387819A1C4341767D16B44BF18EB4CBF2
:10635000944737062000D18E94C7D44793E60601B0
:10636000D4C7D447BD9AD4C7010001000100010081
:1063700014430566DC4693E70701DCC6DC42D18F97
:10638000DCC29387019A9043930700057CD27C522C
:1063900091C783A7C609A183858BF5DB01000100A6
:1063A000010001001C43416603A7C709B44BD18E0D
:1063B000B4CB9376F701B84B019B558FB8CB984778
:1063C000B706E0FFFD16758F98C782809387819A84
:1063D0009C4341777D17B44F4166F98EB4CF944703
:1063E000D18E94C7D44793F6F6EFD4C7D443758FB4
:1063F000D8C3D44793E60610D4C7D843518FD8C327
:106400008280397122DC1384819A1C4006DE26DAF0
:106410004AD84ED652D456D25AD05ECE62CC66CA34
:106420006AC86EC6D843FD76FD161377F7EFD8C35A
:106430009857758F98D7D857B70602003D9BD8D785
:106440009847558F98C7D84313670701D8C3138758
:10645000419A14433757341213078767E38FE6488E
:10646000D84381749384F40F799BD8C3985FB16645
:10647000938606F0658F558F98DFD8431367170012
:10648000D8C397B0FE1FE78080341C4003A70709DC
:106490001377F7032386E19A03A747092983137724
:1064A000F707A387E19AD843B96693860670799B6C
:1064B000D8C3985F658F558F98DFD843136717004F
:1064C000D8C397B0FE1FE78080301C4003A70709A0
:1064D0001377F7032387E19A03A7470929831377E3
:1064E000F707A388E19AD843B56693860630799B6F
:1064F000D8C3985F658F558F98DFD843136717000F
:10650000D8C397B0FE1FE780802C18408327070967
:1065100093F7F703A386F19A83274709A98393F793
:10652000F7072388F19A1C4003CCD19A83C6C19AFD
:1065300003A7070AB386864113F6F600419B518FE5
:1065400023A0E70A130760023387E60213067002EE
:1065500083A5070A7D7E130EFE0F93F5F5F0130554
:10656000400245737D13130430023347C702B70856
:10657000F1FFFD1813082002930E10027D4FF94F12
:10658000F542F1436D4DD14B454BBD443949314A3C
:10659000AD4AB5493D8B12074D8F9305500223A09C
:1065A000E70A3387B60283A5070AB3F5C501334767
:1065B000C7023D8B22074D8F23A0E70A3387A6022F
:1065C00083A5070A370500F17D15B3F5650033474C
:1065D000C7023D8B32074D8F23A0E70A338786021F
:1065E00083A5070A6144B3F515013347C7023D8B04
:1065F00042074D8F23A0E70A3387060383A5070AC6
:10660000370810FF7D18B3F505013347C7023D8BEE
:1066100052074D8F23A0E70A3387D60383A5070AC5
:10662000B70E0010FD1EE98D3347C7023D8B620790
:106630004D8F23A0E70A139756003347C7029315DF
:10664000C70103A7070A3377D7014D8F23A0E70AB5
:106650003387E6035D4F3347C7029375F70003A7FF
:10666000470A419B4D8F23A2E70A3387F60383A590
:10667000470AD94F93F5F5F03347C7023D8B120710
:106680004D8F23A2E70A3387560283A5470AD542D6
:10669000B3F5C5013347C7023D8B22074D8F23A2B7
:1066A000E70A3387760283A5470ACD43B3F5650031
:1066B0003347C7023D8B32074D8F23A2E70A33874A
:1066C000A60383A5470A494DB3F515013347C70211
:1066D0003D8B42074D8F23A2E70A69473387E602C5
:1066E00083A5470AB3F505013347C7023D8B52071F
:1066F0004D8FE54523A2E70A3387B60283A5470AF3
:10670000E98D3347C7023D8B62074D8F23A2E70A0D
:10671000338786020D443347C7029315C70103A789
:10672000470A3377D7014D8F23A2E70A3387E60361
:10673000254F3347C7029375F70003A7870A419B8C
:106740004D8F23A4E70A3387F60383A5870A9D4F5D
:1067500093F5F5F03347C7023D8B12074D8F23A405
:10676000E70A3387560283A5870A9942B3F5C50124
:106770003347C7023D8B22074D8F23A4E70A338797
:10678000760383A5870AB3F565003347C7023D8BBF
:1067900032074D8F23A4E70A3387760283A5870A41
:1067A0009543B3F515013347C7023D8B42074D8F23
:1067B00023A4E70A3387A60383A5870A294DB3F5E7
:1067C00005013347C7023D8B52074D8F23A4E70ACB
:1067D0003387660383A5870AE98D3347C7023D8B5C
:1067E00062074D8F93954600B3C5C50223A4E70AFF
:1067F00003A7870A3377D701F2054D8FB385960239
:1068000023A4E70A03A7C70A419BB3C5C502BD89F4
:106810004D8F23A6E70A3387260383A5C70A93F57E
:10682000F5F03347C7023D8B12074D8FB3C5860283
:1068300023A6E70A03A7C70A3377C701BD89A205C4
:106840004D8F23A6E70A3387460383A5C70AB3F50E
:1068500065003347C7023D8B32074D8F23A6E70AF9
:106860003387560383A5C70AB3F515013347C7021B
:106870003D8B42074D8F23A6E70A3387A60383A5E6
:10688000C70AB3F505013347C7023D8B52074D8F49
:1068900023A6E70A3387E60383A5C70AE98D3347B2
:1068A000C7023D8B62074D8F93953600B3C5C50275
:1068B00023A6E70A03A7C70A3377D701F2054D8F4E
:1068C000B385F60323A6E70A03A7070B419BB3C5CD
:1068D000C502BD894D8F23A8E70A3387560283A5D9
:1068E000070B93F5F5F03347C7023D8B12074D8F29
:1068F00023A8E70A3387760283A5070BB3F5C50102
:106900003347C7023D8B22074D8F23A8E70A139711
:1069100026003347C70283A5070BB3F565003D8BFF
:1069200032074D8FB3C5360323A8E70A03A7070B29
:1069300033771701BD89C2054D8F23A8E70A139746
:1069400016003347C70283A5070BB3F505013D8B3E
:1069500052074D8FB3C5C60223A8E70A03A7070B4A
:10696000698FBD89E2054D8F23A8E70A03A7070BAE
:10697000930580023377D70123A8E70A03C7E19A7A
:106980003307EC40B34DB70283AC470B93FC0CFFCD
:10699000B34B770393FDFD00B3ECBC0123AA970B27
:1069A00083AC470BCD4D93FCFCF093FBFB00920BAB
:1069B000B3EB7C0123AA770BB30B870283AC470BA5
:1069C000B3FCCC01B3CBBB0293FBFB00A20BB3EB3C
:1069D0007C01B34CA70323AA770B83AB470BB3FB14
:1069E0006B0093FCFC00B20CB3EB9B0123AA770B6A
:1069F000A14BB34B770383AC470BB3FC1C0193FB58
:106A0000FB00C20BB3EB7C0123AA770BB30B57023D
:106A100083AC470BB3FC0C01B3CBBB0293FBFB0075
:106A2000D20BB3EB7C0123AA770BB30BF70383AC38
:106A3000470BB3FCAC00B3CBBB0293FBFB00E20BF8
:106A4000B3EB7C01B34C770223AA770B83AB470BE4
:106A5000B3FBDB01F20CB3EB9B01B30CE70323AAFE
:106A6000770B83AB870B93FB0BFFB3CCBC02B30A52
:106A7000570393FCFC00B3EB9B0123AC770B914BCA
:106A800083AC870B93FCFCF0B34B7703330A4703CB
:106A900093FBFB00920BB3EB7C0123AC770B83AB36
:106AA000870BD54CB3FBCB01B3CABA02B30937038A
:106AB00093FAFA00A20AB3EA5B0123AC570B83AA4C
:106AC000870BD94BB3FA6A00334ABA02330927035A
:106AD000137AFA00320A33EA4A0123AC470B03AABD
:106AE000870BE14A337A1A01B3C9B902B30497029A
:106AF00093F9F900C209B3693A0123AC370B83A9B2
:106B0000870B654AB3F909013349B902B3C4B4022A
:106B10001379F900520933E9290123AC270B03A9A2
:106B2000870BE9493379A900330B6703BD88E20479
:106B3000B36499001319470023AC970A83A4870B09
:106B4000B3F4D4013349B902334BBB027209B3E445
:106B5000240123AC970A83A4C70BC198137BFB00C5
:106B600033EB6401C944B304970223AE670B03A956
:106B7000C70B5D4B1379F9F0B3C4B402BD8892041E
:106B8000B364990023AE970AB304B70303A9C70BF4
:106B9000F54D3379C901B3C4B402BD88A204B3640E
:106BA000990023AE970A8944B344970203A9C70BFF
:106BB00033796900BD88B204B364990023AE970AA3
:106BC000B304970303A9C70BF94C33791901B3C474
:106BD000B402BD88C204B364990023AE970AB3041B
:106BE000770303A9C70BFD4B33790901B3C4B40282
:106BF000BD88D204B364990023AE970AB304670337
:106C000003A9C70B130B10023379A900B3C4B40254
:106C1000BD88E204B364990023AE970AB304570316
:106C200003A9C70B930A20023379D901B3C4B40274
:106C3000F204B364990023AE970AB304470303A98F
:106C4000070C130A3002137909FFB3C4B402BD88DC
:106C5000B364990023A0970CB304370303A9070C6E
:106C6000930940021379F9F0B3C4B402BD889204C9
:106C7000B36499006D4923A0970CB304270303A9BB
:106C8000070C3379C901B3C4B402BD88A204B3644C
:106C9000990023A0970CF144B304970203A9070CB1
:106CA00033796900B3C4B402BD88B204B3649900F7
:106CB00023A0970CB304B70303A9070C3379190178
:106CC000B3C4B402BD88C204B364990023A0970C76
:106CD000B304970303A9070C33790901B3C4B402C1
:106CE000BD88D204B364990023A0970CB304770342
:106CF00003A9070C3379A900B3C4B402BD88E20428
:106D0000B364990023A0970C93145700B3C4B40242
:106D10001399C40183A4070C3306C702B3F4D4014A
:106D2000B3E4240123A0970C03A9470C137909FFAE
:106D3000B3046703B3C4B402BD88B364990023A24B
:106D4000970CB304570303A9470C1379F9F0B3C4A4
:106D5000B402BD889204B364990023A2970CB304D3
:106D6000470303A9470C3379C901B3C4B402BD88F2
:106D7000A204B364990023A2970CB304370303A9B8
:106D8000470C33796900B3C4B402BD88B204B3645C
:106D900099001309500223A2970CB304270303A9F7
:106DA000470C33791901B3C4B402BD88C204B3647B
:106DB000990023A2970C93046002B304970203A9DD
:106DC000470C33790901B3C4B4023346B602BD8817
:106DD000D204B364990023A2970C83A4470CE98CD6
:106DE0003D8A6206458E23A2C70C03A6470C931466
:106DF000C7013376D601458E23A2C70C1306900235
:106E00003306C70283A4870CC1983346B6023D8A75
:106E1000458E23A4C70C1306A0023306C702B34550
:106E2000B60203A6870C1376F6F0BD899205D18DC4
:106E300023A4B70C83C5019B03C6119B3386C540B1
:106E4000B304A60303A9870C3379C901B3C4E402D0
:106E500093E48400BD88A204B364990023A4970C32
:106E6000B304E60303A9870C33796900B3C4E402D1
:106E700093E48400BD88B204B364990023A4970C02
:106E800093143600B3C4E40203A9870C33791901C3
:106E900093E48400BD88C204B364990023A4970CD2
:106EA000B304F60303A9870C33790901B3C4E402E0
:106EB00093E48400BD88D204B364990023A4970CA2
:106EC000B304560203A9870C3379A900B3C4E402C2
:106ED00093E48400BD88E204B364990023A4970C72
:106EE000B304760203A9870C3379D901B3C4E40251
:106EF00093E48400F204B364990023A4970C9314E0
:106F00002600B3C4E40203A9C70C137909FF93E474
:106F10008400BD88B364990023A6970CB30486024D
:106F200003A9C70C1379F9F0B3C4E40293E4840015
:106F3000BD889204B364990023A6970C931416009D
:106F4000B3C4E40203A9C70C3379C9013347E6028D
:106F500093E48400BD88A204B364990023A6970C2F
:106F600003A6C70C33766600136787003D8B320794
:106F7000518F23A6E70C03A7C70C3377170123A66D
:106F8000E70C03C7F19A0D8F3346D70293F5F50747
:106F9000E2053D8A9314460103A6C70C3304870219
:106FA00033760601458E23A6C70C1316170083A45B
:106FB000C70CE98C3346D6023D8A6206458E23A66D
:106FC000C70C03A6C70C3344D402B37ED6011316F4
:106FD0002700B3037702720433E48E0023A6870CE4
:106FE0003346D602B3025702937EF60003A6070D7E
:106FF000419A3366D60123A8C70C03A6070DB3C375
:10700000D3021376F6F0B3C2D20293F3F3009203E5
:10701000B363760023A8770C03A6070D337EC60161
:10702000B30FF70393F2F200A202B3625E0023A84B
:10703000570C03A6070D3373660013163700B3CF42
:10704000DF02330FE70393FFFF00B20FB36FF301CB
:1070500023A8F70D03A3070DB37813013346D60217
:10706000330DA7033D8A420633E6C80023A8C70CA8
:1070700003A6070D33780601334FDF02B346DD0266
:10708000137FFF00520F336FE80123A8E70D03A71A
:10709000070D798DBD8AE206C98E23A8D70CD84387
:1070A00085663D9BD8C3D843799BD8C39857558FE5
:1070B00098D7D857B7060081FD1613670701D8D7B0
:1070C0001377FC0303AC8703137C0CFC336CEC00DC
:1070D00023AC8703985F758FD98D8CDF6254F25093
:1070E000D2544259B259225A925A025BF24B624C24
:1070F000D24C424DB24D2161828023A2019A6FF0A1
:107100008FC21387819A1443DC4293F7F7EFDCC2F6
:107110000100010018435C4393E707105CC38280C1
:10712000411106C6EF00807193056040EF20A00B6F
:10713000B2400145410182806F00007619C591C5BA
:1071400009C68357060001459DE301110565C9473E
:107150001306F100130555C3854506CEA307F100BC
:10716000EF202008F2400345F10005618280828013
:10717000011197E7FE1F2381A7B005651306F100F3
:10718000130595C4854506CEA3070100EF206005D1
:10719000F2400345F1000561828001111305910061
:1071A00006CEEF00E0712304A1000565300025053F
:1071B0009D45EF200003F240034581000561828078
:1071C00001111305D10006CEEF00C0712306A10006
:1071D0000965700009059145EF20A000F2400345C4
:1071E000C10005618280011106CEEF000072A30785
:1071F000A10009651306F10015058545EF10707EA5
:10720000F2400345F10005618280011106CEEF00D6
:10721000C07AA307A10009651306F1002905854579
:10722000EF10307CF2400345F100056182800111CE
:1072300006CEEF003008A307A10009651306F10090
:1072400039058545EF10F079F240014505618280EE
:10725000011106CEEF00D04AA307A100096513066D
:10726000F10041058545EF10D077F2400345F1006C
:1072700005618280011106CEEF00B028A307A100AE
:1072800009651306F10045058545EF109075F2403C
:107290000345F10005618280411106C622C4EF005A
:1072A000102F8965CD052A84EF10F0732285B24036
:1072B00022444101828001111305510006CEEF00E6
:1072C00070492302A100096550006105A545EF1032
:1072D0005071F240014505618280411106C6EF0000
:1072E000D04A8965E505EF101070B24001454101B3
:1072F0008280011106CE22CC2A84EF00305E230664
:10730000A1000965A30681007000218069058D45F3
:1073100023078100EF10F06CF240624401450561E3
:107320008280011106CE22CC2A84EF00F06D230664
:10733000A1000965A3068100700021806D058D45BF
:1073400023078100EF10F069F240624401450561B6
:107350008280011106CE22CC2A84EF0020782306F9
:10736000A1000965A30681007000218013050502B4
:107370008D4523078100EF10D066F240624401453D
:1073800005618280011106CE22CC2A84EF00100A0A
:107390002306A1000965A306810070002180130562
:1073A00015028D4523078100EF10B063F24062445F
:1073B000014505618280011106CE22CC2A84EF00AE
:1073C000F00A2306A1000965A30681007000218050
:1073D000130525028D4523078100EF109060F240D0
:1073E0006244014505618280011106CEEF00D0663E
:1073F000A307A10009651306F10013057502854571
:10740000EF10305EF2400345F1000561828001110A
:1074100006CEEF00B06FA307A10009651306F100C7
:10742000130595028545EF10D05BF2400345F1004E
:1074300005618280011106CEEF001072A307A10042
:1074400009651306F1001305D5028545EF10705943
:10745000F2400345F10005618280011106CEEF0084
:10746000B075A307A10009651306F1001305E50235
:107470008545EF101057F2400345F1000561828009
:10748000011106CEEF003078A307A10009651306AD
:10749000F100130515038545EF10B054F240034584
:1074A000F10005618280011106CEEF10A02DA30727
:1074B000A10009651306F100130575038545EF105A
:1074C0005052F2400345F10005618280011106CE61
:1074D000EF102042A307A10009651306F100130570
:1074E00085038545EF10F04FF2400345F10005613B
:1074F0008280011106CEEF10C059A307A1000965D3
:107500001306F100130595038545EF10904DF240E9
:107510000345F10005618280011106CEEF10E07194
:10752000A307A10009651306F1001305E5038545CE
:10753000EF10304BF2400345F100056182800111EC
:1075400006CEEF10C07EA307A10009651306F10067
:107550001305F5038545EF10D048F2400345F100CF
:1075600005618280011106CEEF10B012A307A100C1
:1075700009651306F100130505048545EF107046F3
:10758000F2400345F10005618280011106CEEF1043
:107590009021A307A10009651306F1001305250436
:1075A0008545EF101044F2400345F10005618280EB
:1075B00097D7FE1F239CA76A01458280011106CE42
:1075C000EF103029A307A10009651306F100130588
:1075D00015058545EF10F040F2400345F1000561C7
:1075E0008280011106CEEF101030A307A1000965BB
:1075F0001306F100130525058545EF10903EF24076
:107600000345F100056182805D711303D1031AD235
:107610000343010786C61AD00343C1061ACE0343AB
:1076200081061ACC034341061ACA034301061AC84D
:107630000343C1051AC6034381051AC40303410568
:107640001AC2034301051AC0EF007060230EA102A5
:1076500009657018130565038945EF109038B64029
:107660000345C1036161828097D7FE1F83D7A75C62
:1076700099E79307F01F17D7FE1F231EF75A97D7D6
:10768000FE1F83D7475BA146014513F70710860706
:10769000C2073357D740C183598D13D6574013D7EC
:1076A0009740318F058BFD161375F50FD98FF1FEBD
:1076B00017D7FE1F2311F758828097D7FE1F83D755
:1076C000A75781EBE17793C7F7FF17D7FE1F231565
:1076D000F75697D7FE1F83D72756B946014511683D
:1076E000194633F707018607C2073357D740C183CE
:1076F000598D13D7E74093D5F700058B2D8FFD16D5
:107700001375F50FD98FE39EC6FC17D7FE1F2315FF
:10771000F7528280011126CA4AC84EC656C297D770
:10772000FE1F9387674406CE22CC52C45AC0AE894E
:107730003289B68AC44B35C9AD472A8463EEA702A5
:107740001304F5FF1374F40F631D0906268A338BA7
:10775000990063124B071379F9009386FAFF22858B
:1077600023802401A380340193F6F60F4E868545CD
:10777000EFE08FBA014505A0B147630BF50293070F
:10778000600263E5A7001304E5FF6DBF9307700275
:107790004945E30BF4FAF2406244D2444249B2490B
:1077A000224A924A024B056182801304500269BF4B
:1077B0001304600251BFEFF03FEB2301AA00050A5A
:1077C00049BF8547631CF9004E869305000F13855A
:1077D00024009790FE1FE780E02CB5BF8947631611
:1077E000F9004E869305A00ADDB78D47631DF900A9
:1077F000268A338B9900E3004BF7EFF01FEC23014F
:10780000AA00050ACDBF91476316F9004E8693057D
:10781000F00F75BF95476315F9004E86814545BF4A
:1078200099476315F9004E86BD4555B79D474945B3
:10783000E313F9F64E869305500551BF011106CEAC
:107840009317450163D40702EF70E034894719C9E3
:10785000834605001147B1476396E600954723002C
:10786000F500C947F2403E85056182802EC6EF9043
:107870002029C94765D90347A500418B65D7B24583
:107880008347B500230AB50491E7E9472308F500CB
:107890008147C9BFED47DDBF011106CE22CC2EC600
:1078A000EF90002601CDB2452A84EF701064A30545
:1078B000A4020145F2406244056182804945DDBF72
:1078C00017D7FE1F13078736814799468345870ED2
:1078D0003306F50085072300B6000507E398D7FEB9
:1078E0000145828097D7FE1F9387470803D707017A
:1078F0002300E50003D707012183A300E50083C728
:10790000F7002301F5000145828019E14945828095
:1079100097D7FE1F93878731F84B411122C406C6C3
:107920002A8409C70347C700314525E3F85F09C723
:107930000347B700314531EB83A7070989C783C7E0
:1079400077003145B9E385471946A28517D5FE1F53
:107950001305A53C17D7FE1F230BF72C9790FE1F8E
:10796000E780C010834754001307000C93F7070CFF
:107970006391E7021946A28517D5FE1F1305453A04
:107980009790FE1FE780800E0145B24022444101DE
:10799000828081EB1946A28517D5FE1F1305A538F5
:1079A000C5B7130700044945E391E7FE1946A285D0
:1079B00017D5FE1F13058537E1B7411126C297D4AD
:1079C000FE1F9384A42622C4E04806C611C47C4846
:1079D00013974700634C070CFC5099E74945B240A8
:1079E000224492444101828009ED1305000FEF60AB
:1079F00080526DD58347C500F5D3EF600076014511
:107A0000F9BF0547E31CE5FC15EC014582972A8484
:107A100045C18567938707802310F502930700709F
:107A20002317F5008D47230CF500A30A050219461C
:107A300097D5FE1F9385052E130565039790FE1FAE
:107A4000E780C0020347C4008547E309F7F883478E
:107A5000E400B98B95C30347E40085476318F70238
:107A600089472310F402224403A38406B2409244BF
:107A70001305000F41010283EF70C06897D7FE1F06
:107A800083C737F08D8BE318F5FC89BF8357040259
:107A900011676375F7002310E402F1B79306000243
:107AA0003E87E3FAD7FE13070002F5B7314505BF5D
:107AB0001D4535B797D7FE1F9387471783A707093B
:107AC000314581CF83C7770089CB411106C6EF903E
:107AD000A076B2400145410182808280011126CA10
:107AE0004AC84EC652C456C25AC02E89368BBA896D
:107AF000BE8A06CE22CCB284428AEF906000130781
:107B0000A9FF4207856741839386A7C763EEE61006
:107B1000938707C82A84494563E8970A63E6240BDC
:107B20001307301F6362670B63E0370B93071B007B
:107B3000B387970213973900860763D7E70849C4CC
:107B40008347140113F747003DC7ED9BA308F400DA
:107B50008347B400231A2407231B9406D5EF035749
:107B60008406C167FD17630BF706631999068357EF
:107B7000A403231BE404231CF40497D7FE1F83D71C
:107B8000E7158D46114763E5F600850713F7F70FF4
:107B9000A30AE4042285EF70005983570404A9075F
:107BA000231FF4048327440A93E717002322F40ACF
:107BB000C547A30EF400231C5407231D4407231DAF
:107BC0006405231E34050145F2406244D244424913
:107BD000B249224A924A024B056182808357440689
:107BE00091CFB3D4F4024A87B3879702C207C18307
:107BF0006373F9003E87231CE40441B7B305990081
:107C000085814A85EFD06E8D231CA40493058405DD
:107C10002685EF40604595B78327840A93E70702DE
:107C20002324F40AC14771B7494579BF01112EC613
:107C300006CEEF80F06CB24509E54945F24005619A
:107C4000828083471501A305B50213F7470075D756
:107C5000ED9BA308F500BD472306F5028327850A9F
:107C600093E727002324F50A0145C9BF011106CE79
:107C70002EC632C4EF80D068032785101377070221
:107C80003DCFB2459306000EAA87138755FE4207E3
:107C90004183494563E2E6062246116713078714CC
:107CA000930686EBC206C1826368D70403D7871C9C
:107CB00001456303B70417D7FE1F130727F7835641
:107CC000A702A38EB706239FC70693F5F50F63F3AC
:107CD000D500AE860357C702239CD71A6373E6000C
:107CE0003287239DE71A03A7470A85669386068095
:107CF000558F23A2E70A0145F24005618280454580
:107D0000E5BF17D7FE1F130767F27C4B81CB83C6F5
:107D1000C70089C683C6D700C947A1E27C5F89CB6B
:107D200083C6B70091C683C60701C947858A95E611
:107D30008327070981CB03C7770009C703C7D7008B
:107D4000C94701EF17D7FE1F034707FA97D7FE1F52
:107D500083C797F9636AF7009D473E8582809D47F8
:107D6000F2403E85056182800111A304A1001946FD
:107D70001305A10006CE9790FE1FE78020CF2800B4
:107D8000EFD08FD08547E31CF5FC8147D1BF7971D7
:107D900026D24AD04ECE06D622D42E89B28936C6F5
:107DA0003AC43EC242C0EF80B055C94455C993059C
:107DB000A9FFC20505662A84C1811305A6C7C94467
:107DC0006360B50A130606C8636C360963EA2909BD
:107DD000B2469305301F63E5D50822476362E60883
:107DE000138616003306260393153700635AB6062A
:107DF00003461401B144058A25E60326440A137696
:107E0000162039EE92470248231EE4040347B400CB
:107E1000231CF406231A2407231B3407231D0407FD
:107E2000231DD4048347D401814459EF95EB832764
:107E30000410898B95CF31469305F00F1305840606
:107E40009790FE1FE78000C68327440A2314040688
:107E500093E707202322F40AC947A30EF4008144C4
:107E6000B2502254268502599254F24945618280CB
:107E700063093905B385290185814A85EFC0FEE58F
:107E8000231CA404930584054E85EF40E01D97D77D
:107E9000FE1F83D7A7E48D46114763E5F6008507EB
:107EA00013F7F70FA30AE4042285EF70C027835766
:107EB0000404A907231FF4048327440A93E7170047
:107EC00051BF231C2405E1B7C1FF83278410898B90
:107ED00095C731469305F00F130584069790FE1F52
:107EE000E78040BC8327440A2314040693E7072055
:107EF0002322F40ACD47A30EF4009DB7E9448DB7C1
:107F000097D7FE1F938787D2F84B01CB8346C700D4
:107F100089C60347D70049450DEFF85F09CB834673
:107F2000B70091C6034707014945058B1DE383A7A9
:107F3000070981CB03C7770009C783C7D700494525
:107F400089EB411106C6EFD0EFBFB24001454101B8
:107F500082808280411122C426C24AC006C62A8974
:107F60000144A1449305F00F0545EFC0DED4B307EB
:107F700089002380A7000504E31694FEB240224442
:107F800092440249014541018280011122CC4AC834
:107F900006CE26CA2EC632893684EF807036630D2F
:107FA00005128347B500AA84B2450945DDEB214699
:107FB0001385F4189790FE1FE78040ABA38B24191C
:107FC00013598900238C24198347E4000346D40005
:107FD0008345F4008346C400A207420603C5C404D7
:107FE000B297AE97E20603A7440AB69749C123A603
:107FF000F40A8347A4008346940013670702A2078C
:10800000C206B6978346B400B69783468400E2065C
:10801000B69723A8F40A8347640083465400A20756
:10802000C206B69783467400B69783464400E206BC
:10803000B69723AAF40A8347240083461400A207B4
:10804000C206B69783463400B69783460400E2061C
:10805000B69723ACF40A8547A386F40423A2E40A66
:108060000145F2406244D24442490561828023A620
:10807000F40C8347A4008346940013678700A2078B
:10808000C206B6978346B400B69783468400E206DC
:10809000B69723A8F40C8347640083465400A207D4
:1080A000C206B69783467400B69783464400E2063C
:1080B000B69723AAF40C8347240083461400A20732
:1080C000C206B69783463400B69783460400E2069C
:1080D000B69723ACF40C59B7094561B7011106CE28
:1080E0002EC6EF80F021630F05108346B5000547CB
:1080F000AA87B24505456391E60A83C607011307BF
:1081000040020145639AE60803C7E50083C6D5002F
:108110002207C206369783C6F500369783C6C50088
:10812000E206369783C6D704BDCA23A6E70A03C76B
:10813000A50083C695002207C206369783C6B50000
:10814000369783C68500E206369723A8E70A03C759
:10815000650083C655002207C206369783C67500A0
:10816000369783C64500E206369723AAE70A03C777
:10817000250083C615002207C206369783C6350040
:10818000369783C60500E206369723ACE70A130745
:10819000A0022388E7000145F2400561828023A602
:1081A000E70C03C7A50083C695002207C2063697D1
:1081B00083C6B500369783C68500E206369723A8A6
:1081C000E70C03C7650083C655002207C206369731
:1081D00083C67500369783C64500E206369723AA04
:1081E000E70C03C7250083C615002207C206369791
:1081F00083C63500369783C60500E206369723AC62
:10820000E70C71B7054549BF411106C6EF80500F15
:1082100031C18346B5000547AA8709456399E6023F
:1082200083C60701130740026393E6020D472386C6
:10823000E7021947A385E702130750022388E700E6
:1082400003C7A7020145136717002385E702B24061
:10825000410182800945E5BFAA8717D8FE1F034860
:10826000F89C17D5FE1F1305659C2A876308080232
:10827000684911C50348C500314563180808685F9F
:1082800011C50348B50031456311080803250709E6
:1082900011C50348750031456319080697D8FE1FBC
:1082A00083C808A517D8FE1F034898A41D4563FE80
:1082B00008050327870D49451377070439C75D7102
:1082C000A6C22800B284194686C6A2C4A303F10040
:1082D00036849780FE1FE7806079A6851305E1024A
:1082E00041469780FE1FE7806078A2851305E10173
:1082F00041469780FE1FE78060774800EFA0A01AF4
:10830000B6402644964461618280828097D6FE1FE3
:1083100083C6D6918DCA17D7FE1F13072791BA8738
:10832000784B09C70347C700494515E7F85F09C7F8
:108330000347B700494505E383A7070989C783C7F2
:108340007700494589EB411106C6EFA0802BB2406A
:10835000014541018280828097D7FE1F9387078D58
:1083600097D6FE1F83C6968C3E8785C6FC4B89C771
:1083700083C6C700C94785EE7C5F89C783C6B7003F
:10838000C94795E68327070989C783C67700C94788
:1083900099EE97D7FE1FA38BA7888327070E11C9D5
:1083A00093E7076017D7FE1F2322F79681473E8584
:1083B000828093F7F79FFDB7130700643305E5024A
:1083C000411197D7FE1F9387678622C403A4870CA9
:1083D00026C24AC006C6BE841309F00F17D7FE1F77
:1083E0002320A78801E8B240224492440249014573
:1083F000410182800345040063052501CC58EFC08C
:108400004E8A405CC5B797D7FE1FA38DA78493778C
:10841000150017D7FE1F1307678181EF8347C70336
:10842000ED8F6384B7004945828097D6FE1F238C69
:10843000F68293772500014591EB8347D703F18FAF
:10844000E393C7FE97D7FE1FA38FC78082805D711D
:10845000A6C297C4FE1F9384647D03A34405CAC0CB
:108460004EDE62D466D26AD086C6A2C452DC56DA28
:108470005AD85ED66ECE030C410583498105034967
:108480000106834CC106034D010763090302032360
:10849000430513145300635304023143B64026448A
:1084A00096440649F259625AD25A425BB25B225C48
:1084B000925C025DF24D1A85616182800D4E4943E6
:1084C000E36EFEFC93FD0501638D0D08054EE397F9
:1084D000C9FD3AC6468B42C43EC2B68BB28A2E84D0
:1084E0002AC0EF5050232A8A324719E9FC5005452B
:1084F00082972A8A1D435DD1824732472304F500C3
:10850000930500026391BB028D456310B90A0355C0
:10851000CA019305900F13035004E3E1A5F8035536
:10852000EA01E3EDA5F69375F40F2300BA06638123
:108530000D1C3D8815456312A408130510F8230788
:10854000AA004543E3EC5BF57D454543E37855F5EB
:108550001165E36575F533865B0105822310CA0258
:10856000B5A093FE35004943E38ACEF393FE850020
:10857000E3960EF26392C90303C3C403137343006B
:10858000E30D03F0E30739F50943E31469F403C38A
:10859000C4031373230039A0E318C9FF03C3C40342
:1085A00013734300E31703F2CDBD8545E31DB9F610
:1085B0000355CA019305D02EB9BF35456310A412E7
:1085C00085462307DA0089462310DA02A307EA006A
:1085D000631507160547230CEA0093F5050281E5AC
:1085E0009247A30AFA02194681455A859780FE1FD1
:1085F000E780605563140516A2470547230EEA027B
:10860000A30EFA021946DA851305EA039780FE1FC6
:10861000E780C04503470105A306EA001307F007FA
:108620006311EC1417C7FE1F1307473403474701B4
:10863000D6572380E70003055A01EFC01FFD23042E
:10864000AA06EFC0DFF5D657A30AAA000D4723807C
:10865000A7006391E912638D0C0093F61C0099C684
:1086600003C7C403218B19E3E3893CE32305DA063E
:1086700009472302EA060347C105A302EA060347A6
:108680000A06418B1DEB1307F9FF1377F70F894695
:108690004943E3E5E6E08D466313D90E630D0D0013
:1086A00013761D0019C683C6C403A18A99E2E306A6
:1086B0002DDFA305CA06A301EA0603474106B70654
:1086C00000080143A300EA0603478106A303EA0664
:1086D00003274A05558F232AEA04C9B309456314C1
:1086E000A4001945A9BDE30C04E423070A0091BDC9
:1086F0001D452307AA0013F8150013F54500630B69
:108700000800114811C10548A30F0A050545230FAC
:10871000AA0405BD13F8250063090800094811C122
:108720001548A30F0A050945DDB70D4811C11948C1
:10873000A30F0A05230F0A0429B5230C0A0081465A
:108740000D453356D740058A11C603468A010506F2
:10875000230CCA008506E396A6FE41B5230E0A0245
:1087600055BD194763458701A30A8A01E9B5A30AE4
:10877000EA00D1B523050A0623020A06EDBDA305CA
:108780000A0615BF97C7FE1F9387474AF04B011192
:108790004EC606CE22CC26CA4AC852C4BE8911C6CD
:1087A0007C4A13965700634E06003A8AB6842E8997
:1087B000EF5060762A8419ED83A74905130520043C
:1087C00091C33145F2406244D2444249B249224AFF
:1087D000056182800347E500854701453D8BE30342
:1087E000F7FE03470406418B41CB8D476304F90034
:1087F0004945C9BFFD47E3ED97FE231E04008D47A1
:108800006316F90CC5CC8357C40117C7FE1F035765
:1088100087491D45B3869700E346D7FA0347C4004E
:1088200015C783560402130700026391E60203474B
:1088300034068D466319D70A1307900F13055004A9
:10884000E362F7F88357E401E36EF7F68D471D45C1
:10885000E31AF9F69305800C0545EFC0CEC58357A2
:10886000C4061205232444038507BD8BC98F231634
:10887000F406231E940089A81377D90FE30FF7F6A7
:1088800011476315E904784893167700E3C206F6AA
:108890000347C400E31EF7F48357C401B1DBA9F812
:1088A0009305800C0545EFC00EC18357C406120521
:1088B0008507BD8BC98F2316F40639A07C4837077E
:1088C00000FF7D17F98F7CC80145EDBD9307D9FFE7
:1088D00093F7F70F0547E378F7F299D88347C40079
:1088E000E393E7F2F9BD8546E312D7F61307D02EDE
:1088F000B1B797C7FE1F93876733F04B01114EC680
:1089000006CE22CC26CA4AC852C4BE8911C67C4AA9
:1089100013965700634E06003A8AB6842E89EF50AC
:10892000805F2A8419ED83A749051305200491C3AC
:108930003145F2406244D2444249B249224A05617B
:1089400082800347E500854701453D8BE303F7FE41
:1089500003470406418B55CF8D476304F900494511
:10896000C9BFFD47E3ED97FE231F04008D47631C3D
:10897000F90EF5C08357E40117C7FE1F0357A7324E
:108980001D45B3869700E346D7FA0347C40015C7D1
:1089900083560402130700026391E602034734067C
:1089A0008D466310D70E8356C4011307900F13052D
:1089B0005004E360D7F8E36EF7F68D471D45E31AE0
:1089C000F9F65C548DC783476406898B8DC30858BC
:1089D00019CD8347A50081CFEF9010270C58194679
:1089E00013056403B1059780FE1FE78020089305F7
:1089F000800C0545EFC02EAC8357C4061205232614
:108A000044038507BD8BC98F2316F406231F9400EA
:108A100089A81377D90FE309F7F411476315E9041F
:108A2000784893166700E3CC06F20347C400E318C6
:108A3000F7F28357E40185D79DF09305800C054537
:108A4000EFC06EA78357C40612058507BD8BC98F7B
:108A50002316F40639A07C48370700FE7D17F98FEE
:108A60007CC80145F9B59307D9FF93F7F70F054780
:108A7000E372F7F0E38504EE8347C400E39CE7EE7E
:108A800045BD8546E31BD7F28356C4011307D02E9C
:108A900039BF5D71A6C297C4FE1F9384241903A831
:108AA000440586C6A2C4CAC04EDE52DC56DA5AD885
:108AB0005ED662D466D26AD06ECE6308080283277F
:108AC000480513945700635204023145B6402644CA
:108AD00096440649F259625AD25A425BB25B225C12
:108AE000925C025DF24D616182803AC632C4937736
:108AF0001500B68989C7639105104945C1BF91E941
:108B0000A04C19E00145D9B72285EF50006500401F
:108B1000CDBFE30908FE4285EF502064E5B77849F0
:108B2000B70700037D8F55F30347F50563048701FD
:108B30006315970103D7EA0149DB03C75A036301B1
:108B4000270903C7EA0063192701131714004E977A
:108B500003570700E3E3EDFAB8547D141374F40FE0
:108B600045CB93161A00B69903D70900B24793056F
:108B7000800C2397EA063E9A03470A00054523988E
:108B80000A06A384EA06EFC00E9303D7CA061205AD
:108B9000264405073D8B498F2396EA0603A38406E6
:108BA00003C50B00B64096440649F259625AD25AA0
:108BB000425BB25B225C925C025DF24D61610283BA
:108BC000138B8A05194681455A859780FE1FE780D9
:108BD00080F7631925011946EA855A859780FE1F9B
:108BE000E780C0E8194681455A859780FE1FE780D7
:108BF00080F5E31825F511B7FD1513F4F50F094CB1
:108C0000954C054917CDFE1F130D2D11930D00082E
:108C10009307F00FE303F4EEA247228AB38B870099
:108C200003C50B00EF50202FAA8AE31A05EEFC487B
:108C300013052004E39B07E851BD97C7FE1F9387E8
:108C4000E7FEFC4B95C3FC4B13975700635E070090
:108C5000B1473E858280B147F2406244D2444249E6
:108C6000B2493E8505618280011122CC26CA4AC8DC
:108C70004EC606CEB6893289AE84EF50C0292A840A
:108C80009307200471D9C947E36899FC1547E37538
:108C900097FC03470506137737035DFF8347E50518
:108CA000DDFB7C49918BC5FBEF20D05F79479D4769
:108CB000E374A7FA8347340609476391E7068357AD
:108CC00044081307D02E6373F7021307C0029307FB
:108CD0005004E37327F9794793075004E37E27F79D
:108CE000414793075004636B2701BDB71307301F3B
:108CF000E363F7FE1307900FE364F7FE7C488346B7
:108D00000406CA9493E727008584B3E9D9007CC898
:108D1000231394082300340781473DBFE5F303572D
:108D200044089307D02EE3FBE7FC19475DBF97C7C4
:108D3000FE1F9387A7EFFC4B81CBFC4B139757008B
:108D40006354070031458280011122CC26CA4AC8EB
:108D50004EC606CEB6893289AE84EF50C01B2A8437
:108D600013052004630904107C48898BB9CB834721
:108D7000340609476395E70C835744081307D02E40
:108D80006379F702035764089307C0021305500480
:108D900063F3E70E03576408F9471305500463FCB7
:108DA000E70C03576408C1471305500463EBE70061
:108DB000D9A01307301FE36FF7FC1307900FE3628E
:108DC000F7FE93F7D40F0547639EE70A0325840A4D
:108DD00019C59790FE1FE78000AF2324040A2312D1
:108DE0000408630909067C48918BB5EF8D476393AE
:108DF000F408930550104A859790FE1FE78040A025
:108E00002324A40A25C97C4893F7074091CF9305F2
:108E1000800C0545EFB03EEA8357A408120585078C
:108E2000BD8BC98F2315F4080325840A4A86CE8595
:108E30009780FE1FE78080C3231224091DA0D1F371
:108E4000035744089307D02EE3FDE7F60357640861
:108E5000994799BF8D474945639FF4007C48F99B2A
:108E60007CC8014509A89387D4FF93F7F70F0547FE
:108E7000E37EF7F63145F2406244D2444249B249BA
:108E800005618280E31109F691474945E38DF4F4C9
:108E9000DDB797C7FE1F938767D9F84B411126C2EC
:108EA0004AC006C622C4AA843E8909CF7C4B1397C8
:108EB0005700635907003145B240224492440249A9
:108EC000410182802E85EF5000052A84130520047D
:108ED00065D413F714007C4845CF13F7170061FFE2
:108EE000034704061377370379F78988D9CC03271A
:108EF000C90D454593E70740418B5DDFC1657CC8DF
:108F0000FD150145EFB07EDD2314A408EFC0DFD2CC
:108F1000B70500012326A408FD150145EFB03EDE8C
:108F20009304040A15462328A40897C5FE1F9385B9
:108F300045E026859780FE1FE78040B3A685130590
:108F400000FB9780FE1FE780C0492685EF80C00B9D
:108F50007C480347C400A300A408DD9B93E74700B7
:108F60007CC88547631FF7009305800C0545EFB06B
:108F70009ED48357C40612058507BD8BC98F23165F
:108F8000F406EF80B037014505BF93F7F7BFBDB7D3
:108F90000345D407CD9B7CC89307F00FE303F5FE90
:108FA000EFB01E87F9BF17C7FE1F130727C87C5FE6
:108FB000411106C622C426C24AC099C703A8C701E8
:108FC00013141801634004080327070825CF3684CB
:108FD000B2842E8909ED81EB4945B2402244924486
:108FE000024941018280EFC0EF9C0145FDB78546F3
:108FF000E314D5FEB9E30297AA8731C91147A30646
:109000000504231BE500231CE50083C6B7000547C4
:10901000E384E6FC95C8239C9702239D870201C444
:109020001E04E3DB84FA238927012244B2409244E0
:10903000024903A3870641010283D84F9316170103
:10904000E3D506FC314551BF23AC0702E9BF0D450E
:1090500069B7011106CE2EC632C436C23AC0EF40FF
:10906000906B3DCD83284505AA87314513F808202C
:1090700063150806B24517C8FE1F0348B8BF45452B
:10908000636DB80403C8C70A22463358C840137832
:1090900018006304080417C5FE1F130525B903282B
:1090A000850D45451317C80063590702024717C8C5
:1090B000FE1F034828BC6362E80292462387C70A62
:1090C000A386B70AA387D70A11E2014793E80810DD
:1090D0002388E70A23AA17050145F240056182802B
:1090E00013052004DDBF011106CE2EC6EF40B0628D
:1090F0001307200401CD7C49314793F6270099C618
:10910000B24589C993E707207CC90147F2403A85F7
:109110000561828093F7F7DFC5BF011126CA4AC8EF
:109120004EC606CE22CC2E89B289B684EF70501D71
:109130004DC1639D090085472389F19A0145F2409D
:109140006244D2444249B2490561828003C7219BEF
:1091500085472A846315F7002389019A09494165E7
:10916000130545F5EF70B01B39C58347A5002315DE
:10917000F5008327841185EF232CA410232EA4103F
:10918000930710F8F914231635012304250144C16F
:1091900023200500A304F50083479402854501457B
:1091A000B395F500C205C181EFB02EAA41BF832758
:1091B000C41188C3E1B797B7FE1F9387277B9C5BD9
:1091C0001D45B5DF956505459385555582971D4528
:1091D000BDB70945ADB76F908FFC6F90DF806F9082
:1091E0009F856F90FF8A6F90DF906F909F9D6F902B
:1091F000DF946F907F9882806F90BFA0034301003F
:109200001AC06F904F906F90AF9C6F906FA26F904D
:109210008FA86F908FAE6F904FB46F902FB803539D
:109220000100035E4100834E81001AC072C276C401
:109230006F90CFBC6F900FCF6F904FD46F90CFDDFA
:109240006F908FE16F90EFE46F902FEA6F90AFF027
:109250008280828023AAA19A828013070503835704
:109260000500110593C7F7FF231EF5FE8347E5FFB1
:1092700093C7F7FF230FF5FEE313E5FE82809947BE
:109280003305F50201110A86C14506CE1305050214
:109290001375E50FEFB0BECF11E50345C100F240F5
:1092A000056182800145E5BF411122C426C24AC042
:1092B00006C6814401441389C19B83C7119C63691D
:1092C000F400B24022442685024992444101828042
:1092D000832709001315440019469305F00F3E95A6
:1092E0009780FE1FE780208601E5850493F4F40F44
:1092F00005041374F40FD1B79387C19E884305C149
:10930000411106C6EFA05EDC23A6019E9387119C47
:1093100083C70700B240238DF19A41018280938771
:10932000119C83C70700238DF19A82805971A6D2C0
:1093300086D6A2D4CAD083C7A19BAA84639EA70065
:10934000854503C5219CEFB0EE92894503C5219C5C
:10935000EFB04E92EFF05FFA1949338924035000C1
:10936000C1451379F90F130409021374F40F228510
:10937000EFB0FEC109C901442285B6502654965467
:1093800006596561828019469305F00F4800977071
:10939000FE1FE780407B65F1480041469305F00FD2
:1093A0009770FE1FE7800070480871469305F00F24
:1093B0009770FE1FE780006F0818130600039305DF
:1093C000F00F9770FE1FE780E06D5000C1452285C9
:1093D000EFB0BEEA2A84130519025008F14513754F
:1093E000F50FEFB09EE9498C130529025008F145AD
:1093F0001375E50FEFB07EE81374F40F498C130575
:1094000039025008C1451375F50FEFB01EE713740C
:10941000F40F498C130549025008C1451375E50F37
:10942000EFB0BEE51374F40F498C130559025008D0
:1094300091451375F50FEFB05EE41374F40F498C8A
:10944000138504071018930500031375F50FEFB08B
:10945000DEE21374F40F498C03C501851374F40F15
:10946000EFB01EDC11BF411122C406C60145014404
:1094700083C7119C6373F40009C5B24022444101C3
:10948000828022850504EFF07FEA1374F40FCDB7D4
:10949000411122C426C206C64AC00144EF905F9F14
:1094A0009384C19B83C7119C6368F400B24022443B
:1094B00092440249410182808840131944001946B0
:1094C0009305F00F4A959770FE1FE780C06719E576
:1094D0008C40CA9503C5F500EF90DF9B050413741B
:1094E000F40FC9B7397122DC26DA4ED606DE4AD827
:1094F0000144EF903F9D9384C19B994983C7119C80
:109500006369F400F2506254D2544259B259216155
:10951000828088401319440019469305F00F4A953C
:109520009770FE1FE780206205E9330534030A8641
:10953000C145130535021375F50FEFB05EA5100890
:10954000C1450945EFB0BEA48C4014080A86CA95EF
:1095500003C5F500EF90DF9605041374F40F79BF8F
:10956000011106CEEFF05FD40547A9476373A7004A
:1095700089471306F10085451545A307F100EF0063
:10958000AFA9F24005618280011122CC26CA4EC6E5
:1095900006CE4AC801449384C19B994983C7119C54
:1095A0006366F402EFF05FD083C7919B99C3EFF03D
:1095B0003FEE83C7819B99C3EFF0DFF26244F24034
:1095C000D2444249B24905616FF09FF93305340333
:1095D000904013194400C1454A96130505021375BE
:1095E000E50FEFB0DE9A05C9884019469305F00FE4
:1095F0004A959770FE1FE780E04A88401946930518
:10960000F00F4A9519059770FE1FE780A0499C400E
:109610003E992316090005041374F40F41B703554E
:10962000250083C5219C6F109F94397122DC194459
:109630003384850226DA4AD806DEA147AA84328915
:109640001374F40F639AF6041304240271468145DF
:1096500048081374F40F3AC69770FE1FE7808044E1
:109660005008F1452285EFB09E920DE18347E1025B
:10967000A5463247E51793F7F70F63E9F600BA8678
:109680005008937519002685EFD08E90F2506254E1
:10969000D2544259216182801304140245BF79716A
:1096A00022D426D24AD0AE842A8932848145130638
:1096B00000020A8506D69770FE1FE780A03E9387BA
:1096C000518583C7070023102101230EF100835722
:1096D00081015DC41387A19D03470700F99B4146A3
:1096E0002302E1001387C19D0347070097B5FE1FC2
:1096F0009385854E13056100A302E10003C7B19D68
:1097000093761700D58FF59B93762700D58FED9B29
:1097100093764700D58F9316470093F6061093F77C
:10972000F7EFD58F9316470093F6062093F7F7DFF0
:10973000D58F12071377074093F7F7BFD98F231CF4
:10974000F1009770FE1FE780603283C7919D13F789
:10975000170001CB99C40357810113672700231C0D
:10976000E10003476101A2850A85D98F230BF1002F
:10977000EFC03EF4B25022549254025945618280A7
:109780001387E19C03470700F99B41462302E10050
:109790001387019D0347070097B5FE1F9385C542B8
:1097A00013056100A302E10003C7F19C9376170043
:1097B000D58FF59B93762700D58FED9B9376470049
:1097C000D58F9316470093F6061093F7F7EFD58FD2
:1097D0009316470093F6062093F7F7DFD58F12070D
:1097E0001377074093F7F7BFD98F231CF1009770C9
:1097F000FE1FE780A02783C7D19C91BF411122C4DF
:1098000026C24AC006C6AA8401441389C19B83C7E5
:10981000119C636AF4003E842285B2402244924443
:10982000024941018280832709001315440019462B
:10983000A6853E959770FE1FE780402C71FD0504BC
:109840001374F40FE9B75D71A2C41384C19E1C4068
:10985000CAC04EDE86C6A6C252DC2A89AE89A1EBFA
:1098600019E10545D9A0F5DDEFF05FF9238DA19A47
:1098700083C7119C636DF5028144138AC19B0DA0BF
:1098800083270A001395440019469305F00F3E956F
:109890009770FE1FE780202B09E9850493F4F40FED
:1098A00083C7119CE3EEF4FCBE84238D919A138A46
:1098B000A19B03C5A19B83C7119CD284E373F5FAD6
:1098C0001C40A5EF99473305F5024A86C1451305AB
:1098D00005021375E50FEFB05E9A130600039305BA
:1098E000F00F0A859770FE1FE780C01B03450A0032
:1098F0000A8693050003130505071375F50FEFB0EE
:10990000DE971387C19B084383C7A19B92073E95AF
:109910004146CA859770FE1FE780401523A6319FF8
:1099200003C50185EFB0DE8F0145B640264496445D
:109930000649F259625A616182809047814719CE87
:1099400099473305F502F145130515021375F50F17
:10995000EFB0BE921C4023A4070085471840104B6F
:109960000DC203C504009947F1453305F5021305FF
:1099700025021375E50FEFB05E901C4023A8070089
:1099800085471840504B0DC203C504009947C14597
:109990003305F502130535021375F50FEFB0FE8D93
:1099A0001C4023AA07008547184050471DCE03C519
:1099B00004001949C14533052503130545021375F4
:1099C000E50FEFB09E8B03C504001C4091453305A5
:1099D0002503D0474106130555021375F50FEFB067
:1099E000DE891C4023A6070025BF9DFB83C7919BF2
:1099F00099C3EFF0FFA983C7819B99C3EFF09FAE96
:109A0000EFF01FB6B9BD011122CC06CE26CA83C71E
:109A1000119C09446378F50295C599473305F50211
:109A2000AE840A86C145130505021375E50FEFB034
:109A30000ED62A8401E919468A8526859770FE1F6D
:109A4000E780C0022285F2406244D24405618280F0
:109A5000011122CC06CE2A842EC632C4EF508F9B31
:109A600005C90347C500A1472246B245631FF70059
:109A70009387419F9C4389CF03A34700630A030058
:109A800022856244F240056102839387819FDDB79E
:109A9000F240624405618280011122CC19443304F2
:109AA000850226CA0A86AE84C14506CE1304040286
:109AB0001374F40F2285EFB08ECD01C98144F240BA
:109AC00062442685D2440561828019469305F00FD1
:109AD0000A859770FE1FE78000076DF10357C100EC
:109AE0009377D70F89C49377F70F93E72700C207BF
:109AF000C1838544E305F7FC0A86C1452285231608
:109B0000F100EFB08EF703C50185EFB06EF145BFF0
:109B10005D71A2C42A8419453305A402A6C2CAC035
:109B2000B2842E890A86C14586C6130505021375BF
:109B3000E50FEFB0CEC501C90145B64026449644B5
:109B400006496161828019469305F00F0A85977076
:109B5000FE1FE78040FF6DF1130404071374F40F38
:109B60001008930500032285EFB06EC219C10545A8
:109B7000E9B70808EFF06FEE631409041306000359
:109B8000814508089770FE1FE780E0FB6DF1130622
:109B90000003814508089770FE1FE780A0F0854705
:109BA00008082382F19EEFF04FEB100893050003A5
:109BB0002285EFB08EEC03C50185EFB06EE645BFA0
:109BC0001C089000BE8683D5060036876381250376
:109BD0009106E39AC6FE0145ADD083D607003E87C5
:109BE00089C69107E31BF6FE81BF239027018347B7
:109BF0002700E38E97F623019700D5F02310070086
:109C000079BF17B5FE1F034545D70111FD579305D1
:109C1000200412052381F19C06CE22CC26CA4AC814
:109C20004EC6A380019C23AE019A9780FE1FE78059
:109C300020BD23AEA19A15C597B9FE1F938909D3FC
:109C400083C7E90001449384C19BA380F19C83C72F
:109C5000119C6361F40C83A78900638C070E238C2D
:109C6000019C9387119C83C70700054441468145A9
:109C700017B5FE1F130545F6238DF19A238B8184BA
:109C800023A6019E238D019C238E019C9770FE1FAD
:109C9000E78040E1930470074146814517B5FE1FF8
:109CA000130585F2A38D919CA3898184A38C019CCB
:109CB00023A0019EA386019C2387019C2388019CED
:109CC0009770FE1FE78000DEA387919C23AA019C6A
:109CD0002386019C9547A388F184C147A38AF18418
:109CE0002382019E89472389F184F240238881845D
:109CF000A38B8184238A8184624423AC019E23AA9E
:109D0000019EA38C019A2380019CD2444249B2490E
:109D10000561828088401319440019469305F00FAD
:109D20004A959770FE1FE780E0D788401946930553
:109D3000F00F4A9519059770FE1FE780A0D69C404A
:109D400005041374F40FCA972396070023870700AE
:109D5000FDBD930700F8238CF19C21B71971A2DC9B
:109D6000A6DACAD886DECED613040002814413894F
:109D7000C19B83C7119C63E3F40203C50185EFB067
:109D80002ECA9387119C83C70700F6506654238D13
:109D9000F19AD6544659B6590961828003250900C3
:109DA0009399440019469305F00F4E959770FE1F46
:109DB000E78040CF0325090019469305F00F4E9523
:109DC00019059770FE1FE780E0CD83270900414603
:109DD0009305F00FCE9723960700238707004800CE
:109DE0009770FE1FE78000CC71469305F00F48087E
:109DF0009770FE1FE78000CB130600039305F00F5A
:109E000008189770FE1FE780E0C95000C145228501
:109E1000EFB0AEC6130514005008F1451375F50FE9
:109E2000EFB0AEC5130524005008F1451375F50FCA
:109E3000EFB0AEC4130534005008C1451375F50FDB
:109E4000EFB0AEC3130544005008C1451375F50FBC
:109E5000EFB0AEC213055400500891451375F50FCD
:109E6000EFB0AEC1138504071018930500031375F6
:109E7000F50F85041904EFB04EC093F4F40F13747A
:109E8000F40FC5BD930705C04111C20722C406C621
:109E9000C183130720022E846361F70E17C70000E9
:109EA0001307C7918A07BA979C43BA97828793870B
:109EB000618583C707002300F4002DA083C7919D0F
:109EC00089870DA89387A19DEDB79387C19DD5B7CD
:109ED000414697B5FE1F938525D022859770FE1FBA
:109EE000E780C0B88147B24022443E85410182806C
:109EF00083C7919D858BC1B79387B19D5DBF9387C4
:109F0000019E9C431CC0F9BF938731855DB783C711
:109F1000D19C7DB79387E19C69BF9387019D51BF19
:109F2000414697B5FE1F938525CA45BF83C7D19C7F
:109F3000D1B79387F19CB5BF9387419DD9B79387DC
:109F4000C19C85BF93871185ADB79387518595B720
:109F50009387919BB9BF9387819BA1BFEFF0CFB44B
:109F60002300A40041B783C74185B1B783C7919D42
:109F70008D8749B783C7D19CE5BF13072004894764
:109F8000E363A7F6EFC07E8B2310A400A1BF0111ED
:109F900006CE22CC26CA4AC84EC6EFC0BED535ED85
:109FA00003C7019C85472A84630CF7029384C19BF5
:109FB000854983C7119C6371F404984013194400C8
:109FC0004A978347E700639937012285EFF00FB680
:109FD0009C40CA972387070005041374F40FD1BF70
:109FE000EFF06FC82380019C9387C19B9C4303C7FC
:109FF000119CB907631CE400EFB00ED56244F24037
:10A00000D2444249B24905616FF00FD8050423805C
:10A0100007001374F40FC107F1BFF2406244D24449
:10A020004249B24905618280797126D24AD006D66A
:10A0300022D44ECE89472E89B2846308F506636F19
:10A04000F5008D476301F50C03C4119C2285B250C5
:10A05000225492540259F249456182802E85EFF0D4
:10A06000EFF983C7119C2A84E372F5FEE5D0194607
:10A07000CA8526859770FE1FE780409FC1BF83A7D2
:10A0800009001315440019463E95CA8519059770B5
:10A09000FE1FE780A0A631ED05041374F40F83C7FB
:10A0A000119CE36EF4FC3E8455B701449389C19B37
:10A0B000FDB705041374F40F83C7119CE375F4FE18
:10A0C000330534030A86C145130535021375F50FB0
:10A0D000EFA0FEEB79FD41469305F00F0A859770DE
:10A0E000FE1FE78040A671F5CA850A85EFC0CEFC49
:10A0F00069F183C7119CE37BF4F4A9D8A685228576
:10A10000EFF07F90A1B7014499497DB7797126D2CC
:10A1100006D622D4AA8402CC231E0100EF409FAFB2
:10A1200005CD03C7318589476308F70293056500AC
:10A130002A84034555003008EFF01FEF83C7119CB8
:10A140006371F5022AC6EFF08F93B2452A86054760
:10A15000A1462685EFF06FCDB2502254925445614E
:10A16000828083C7318591E795452685EFC0FEB58E
:10A17000E5B70547E392E7FE83455400014626858F
:10A18000EFF0EFD1D1BF4111C1674AC006C622C46A
:10A1900026C2FD172E896309F506EF40BFA72A8462
:10A1A000D14421CD93056500034555000146D544B2
:10A1B000EFF09FE783C7119C6376F500CA85EFF047
:10A1C000BF8D8144630B09022285EFF04FC535A096
:10A1D000CA852285EFF05F8C11C181440504137498
:10A1E000F40F83C7119CE365F4FE6308090017F5BB
:10A1F000FFFF13050543EF40DFC9B2402244268527
:10A2000002499244410182800144D544D9BF0111E1
:10A21000C1674AC84EC606CE22CC26CAFD172E8973
:10A22000B289630EF504EF40FF9ED14429C1930526
:10A230006500034555000146D544EFF0FFDE83C7B6
:10A24000119C6376F5024E86CA85EFF07F8C8144BF
:10A2500039A84E86CA852285EFF09F8B11C18144B3
:10A2600005041374F40F83C7119CE364F4FEF240F9
:10A27000624426854249D244B24905618280014444
:10A28000D544D5B7411122C41384219C83450400D1
:10A2900023ACA19E614506C6EFC0FEAE0345040097
:10A2A0002244B24041016F203F8413876185834778
:10A2B000070083C5919D93E707F82300F7006FC05F
:10A2C0009E955971A6D2B2845000A2D4D2CC86D623
:10A2D000CAD0CECE2A84368A02C223140100EFF0FF
:10A2E000BFD483C7119C6377F50E2A89EFE03FF94D
:10A2F0009147AA896319FA0C03C761857917133747
:10A30000170091461944330489024E86CA85268572
:10A31000EFF0AFB15146814568009760FE1FE780BE
:10A32000607870001374F40F13054402C14513756F
:10A33000E50FEFA0DEC505E941469305F00F680083
:10A340009770FE1FE780208019ED130554027008F6
:10A3500091451375F50FEFA09EC3700093F519009A
:10A360002685EFC0FE8F1305090710109305000323
:10A370001375F50FEFA0BEC115E10810EFE0FFED7A
:10A380000010130901058355040091C503462400FC
:10A390002685EF10EFAD1104E31789FE93F929002C
:10A3A0006387090083C5219C2685EF005FBC914728
:10A3B0006314FA0403C761858947631FF702268582
:10A3C000EFF0BFEE15A803C73185791713371700D3
:10A3D000D2860DBFA147E31CFAFC03C7318589472C
:10A3E000631CF7000146A2852685EFF04FAB0146BE
:10A3F00081452685EFF0CFE5B65026549654065990
:10A40000F649664A014565618280011106CE2AC679
:10A41000EFF02FFF3245F2402381A19C05616FF0E0
:10A42000AF961D7186CEA2CCA6CACAC8CEC6D2C46B
:10A43000EF805FA983C7718589CB01441389C19BD4
:10A44000194A83C7119C636AF400F6406644D644F7
:10A450004649B649264A2561828003250900931999
:10A46000440019469305F00F4E959760FE1FE78054
:10A47000806D31E9B30444035010F14593F4F40FB7
:10A48000138514021375F50FEFA07EB00DED034791
:10A49000F1039307F00F6318F7021385340250009D
:10A4A000C1451375F50FEFA09EAE5008C145094593
:10A4B000EFA0FEAD8325090054085000CE9503C5DA
:10A4C000F500EF80FF9F05041374F40F9DBF930701
:10A4D00005C05D71C207A6C2CAC086C6A2C44EDE50
:10A4E00052DCC183130720022A89B284636EF74EBF
:10A4F00017B70000130747358A07BA979C43BA97E6
:10A50000828785476384F500614409A88347060074
:10A510000947E36BF7FE238BF18401442285B640A3
:10A52000264496440649F259625A61618280854701
:10A53000E39CF5FC03470600E3E8E5FC83C7919D37
:10A5400011C793E74700A38CF19CC1BFED9BE5BF0A
:10A550008547E39BF5FA834706001147E366F7FA60
:10A56000238DF19C5DBF8547E390F5FA8347060094
:10A57000E3ECF5F8238EF19C4DB7C147E396F5F86F
:10A580004146A68517A5FE1F130505659760FE1FAA
:10A59000E780C04D59B78547E398F5F603470600B5
:10A5A000E3E4E5F683C7919D01C793E7170061BF18
:10A5B000F99B51BF8547E399F5F483470600A38DC6
:10A5C000F19CA1BF9147E391F5F41842B7470F0002
:10A5D0009387F723E3EAE7F223A0E19E3DBF854797
:10A5E000E394F5F2834706000947E36FF7F0A38988
:10A5F000F18425B78547E399F5F003470600E3E5C5
:10A60000E5F083C7D19C11C793E74700A386F19C6F
:10A6100029B7ED9BE5BF8547E398F5EE8347060034
:10A620001147E363F7EE2387F19CC5BD8547E39DA2
:10A63000F5EC83470600E3E9F5EC2388F19CF1BDD6
:10A64000C147E393F5EC4146A68517A5FE1F130508
:10A65000A5572DBF8547E399F5EA03470600E3E5D3
:10A66000E5EA83C7D19C01C793E7170045B7F99B7B
:10A6700071BF8547E39AF5E883470600A387F19CFD
:10A6800069BD9147E392F5E81842B7470F009387F9
:10A69000F723E3EBE7E623AAE19C41B5E39605E661
:10A6A000EFC04EE501E9EFE01FDCEFA0FEE9EFE0CF
:10A6B000BFEDA5B585472380F19C85B59D47E39502
:10A6C000F5E493851400194668009760FE1FE78043
:10A6D000E03903C5040050086C00EFF0FF9483C715
:10A6E000119CAA840944E37BF5E24808EF404FDB64
:10A6F00009E52685EFE09FC34DBF9387C19B9C432F
:10A7000092045944BE9485472387F40001BD9D47B8
:10A710006391F50A19469385140068009760FE1F3F
:10A72000E780C03403C5040001466C00EFF0DF8F02
:10A7300083C7119C6377F5049944B30495025008CC
:10A74000F1459384140293F4F40F2685EFA03E8420
:10A750002A8415E51307A04185476304E9009307A0
:10A76000F00F5008F1452685A307F102EFA0FEB0D7
:10A7700003C50185EFA0DEAAEFF0BFCA45B30944C7
:10A78000E5BF83C7819D0944E38A07D81307A04129
:10A7900083C7B19C631BE90093E71700A385F19C75
:10A7A0001D46A6851385419CD5B3F99BA385F19CD5
:10A7B000ADB38547E39AF5D41307A04183C7B19C95
:10A7C0006315E50093E72700D5B7F59BC5B7A38BC5
:10A7D0000184EFF01FC591B38547A38BF184014439
:10A7E00019499309F00F7D5A83C7119CE373F4FE56
:10A7F000B30424035008F1459384140293F4F40F36
:10A800002685EFA0CEF805E18347F102638D37017D
:10A810005008F1452685A3074103EFA01EA603C5F6
:10A820000185EFA0FE9F05041374F40F75BF8547E3
:10A83000E39CF5CC83470600E3E8F5CC2386F19C46
:10A84000E9B98547E392F5CC834706002547E36DD8
:10A85000F7CAA388F184D1B18547E397F5CA0347C6
:10A860000600A546930797FF93F7F70FE3EEF6C8A8
:10A87000A38AE1845DB18547E398F5C88347060064
:10A8800003C7919B0144A38CF19AE31907C8E3978E
:10A89000B7C8EFE07FCF59B18547E397F5C6834747
:10A8A000060003C7819B238CF19A09E76394B700E4
:10A8B000EFE09FCD03C5819BEF800FE1B9B98547DC
:10A8C000E394F5C4834706000D47E36FF7C223897D
:10A8D000F184A1B18547E399F5C283470600238837
:10A8E000F18425B90545EFA0BE9305B98547E39DE1
:10A8F000F5C083470600238AF18405B1930740021F
:10A90000E394F5C003C51400014693852400EFF0DD
:10A91000AFF183C7119CE379F5BE19443304850276
:10A9200003C70400A1471374F40F631FF702130455
:10A9300024021374F40F5008F1452285EFA02EE590
:10A94000E31405BC9385840048086D469760FE1F9C
:10A95000E780C0115008F1452285EFA01E9203C583
:10A960000185EFA0FE8B4DB613041402D9B717A7CB
:10A97000FE1F0357A700930740046D44E3F0E7BAB6
:10A980008547E393F5B883470600E3EFF5B681CF3B
:10A990009387019F9C435544E38207B883C7919DE9
:10A9A00093E787004DB683C7919D93F7770F61BEFC
:10A9B00017A7FE1F035787FC930740046D44E3FF6E
:10A9C000E7B48547E392F5B483470600E3EEF5B2BA
:10A9D000F9DB9387019F9C435544E38107B483C708
:10A9E000D19C93E787001DB1930720040944E3E756
:10A9F00027B3E39585B283D504004A85EFC0AEB88E
:10AA00002A8429BE797106D622D426D24AD0834719
:10AA100025005147E91793F7F70F636BF70217B754
:10AA20000000130727EB8A07BA979C432A84BA973A
:10AA300082878354A5000346C5008346D50026853A
:10AA400032C636C4EF400F9DAA87A246324619E1AE
:10AA5000854425A203C7C700A14713053400631A24
:10AA6000F7029387419F9C43A68589C79C4399C35E
:10AA70008297F9BF9387419D8843EFB01EDE69D965
:10AA80009307E00FE306F5FC85452685EFC0EEA3AE
:10AA9000C1B79387819F9C43A68599C39C43E9FBDB
:10AAA0009387019ED1BF8355A5002E852EC4EF400C
:10AAB0006F96AA8751DD03C7C700A147130534006D
:10AAC0001306C4009306C401A245631AF7009387D6
:10AAD000419F9C43B5DF9C47A5DF829795BF938735
:10AAE000819FC5BF83471500D5EF83476500858BE0
:10AAF000D5CB9387C19E9C430149D5E7814541460B
:10AB000008089760FE1FE780E0F94C48B5CD83C781
:10AB100065011946C105A30FF10008089760FE1FE3
:10AB2000E780C0F4834764000357C1018987858BA0
:10AB3000D98F231EF100EFE02FF783C7119C63909C
:10AB4000A70283C7418599C3EFF04FA197A7FE1FC6
:10AB50009387C7E19C5B81C7854521458297EFE0DC
:10AB6000AFF4A2850808EFE01FCEAA84554905ED91
:10AB7000894503C5219CEF905E8DB25022542685F5
:10AB80000259925445618280035544008544EF4048
:10AB90006F8865D583475500194693056500A30F57
:10ABA000F100A5BF01490346140003554400854543
:10ABB000EFE01FEAE30E09E84A868D45035544009D
:10ABC000EFE01FE971B5034715009947631AF702D3
:10ABD00003554500EF400F84AA841DC183C721851A
:10ABE00009476389E7020D476380E70205476399D8
:10ABF000E70083455500035544000146EFE03FAAB6
:10AC00000346140089455DBF014681451305004197
:10AC1000EFF0FF8B8355440003C504001546EFC0D9
:10AC2000AE8DF9BF93054500034535000146EFF0B1
:10AC3000AFBF83C7119CE37DF5E099473305F5026B
:10AC40001306C4009145130555021375F50FEFA0C7
:10AC5000CEE203C50185EFA0AEDCDDBB83C7C19C9E
:10AC60000355450081C783C511850DB583C761852F
:10AC700099E3954521BDEF30FFF9AA84E30A05DC8D
:10AC80008347A400858B85CB03455500854763F436
:10AC9000A7028357C40093F7072091EF100893850C
:10ACA0006400EFF06FB883C7119C6396A7008D45D1
:10ACB00003554400E1BB83C554000355440013060B
:10ACC0008400EFE0DF9D01468145CDBD0355450081
:10ACD000EFF0CFC3B5BB03554500EFF04FAB83C7D3
:10ACE000618593F7F707238BF1849DB3797193976F
:10ACF000050122D406D626D24AD04ECEC1872E8454
:10AD000063DE070803C5219CEF902EC3AA8431C5DA
:10AD1000834705001307100B638BE7041307000D2F
:10AD20006387E7021307000B6396E70203474500BA
:10AD3000F9476317F700035525008145EFF0AFC4CD
:10AD400083C5440013858400EFF0EEBA21A0EFF034
:10AD50007FCB01C52685EF902EB7A164A18CB250A0
:10AD60002254268502599254F249456182808347D4
:10AD70004500EDF303568500835565000355250016
:10AD80002382019EEFF0AFC883C7419EE1D703C580
:10AD900001852382019EEFA0AEC86DBF93F7250009
:10ADA00085C381450145EFE01FAA9344240083C772
:10ADB000219C854511E189453E85EF900EE945B717
:10ADC00093F715006384070C1389C19E832709003C
:10ADD0009384819E83D947009C4099EFC165138776
:10ADE000C19F894617B60000130686F4FD15054578
:10ADF000EF001FB023A4A19E8C40134414009DE9D2
:10AE0000832709000146854503D5470093140401B3
:10AE1000C180EFE0FFC38327090001468D4503D5BC
:10AE20004700EFE0FFC203C50185EFA06EBFEFE072
:10AE3000AFCC35B79308F00F094881471307E100FD
:10AE4000740003D6C19F4E85EF10CF8011ED0346ED
:10AE5000D1008347C10022065D8E19C69C404E85F5
:10AE600083D5A700EFF0AFBA8840C165814603D60D
:10AE7000C19FFD15EF00FFF19314040123A4A19ECF
:10AE8000C1803DDD854503C5219C05BF93F7450085
:10AE90008144E38607EC93C44500D1B50347250000
:10AEA000F14763E4E72A17B600001306E6A79316F6
:10AEB0002700B2969C42411122C406C626C2B29710
:10AEC0002A84828783471500C5E7414697A5FE1F60
:10AED000938585D217A5FE1F130505D19760FE1F28
:10AEE000E780C0C13DE517A6FE1F1306E6CFC145AA
:10AEF0000945EFA08EB817A6FE1F1306E6D1C1457F
:10AF00000D45EFA08EB703C50185EFA06EB1930587
:10AF100034001385C1A119469760FE1FE78000B574
:10AF20008547854503C5B1A123A4F1A2EF90EED1D9
:10AF3000938781A28843938701A09C43ADC703A355
:10AF4000070063020306A2852244B24092444101F5
:10AF50000283414697A5FE1F938505CB17A5FE1FCB
:10AF6000130585CB9760FE1FE78040B92DDD45B7FF
:10AF7000994723A4F1A26DBF03471500834735000D
:10AF800039E309476396E702938781A29C43814591
:10AF9000014593F7F7F093E7070223A4F1A2EFD05E
:10AFA0001EDEA300A400B2402244924441018280EC
:10AFB0000547814501456395E700EFD03ECCD5B705
:10AFC000EFD0BEBBF9BF0947E38FE7FC938781A2AF
:10AFD000884341991365650023A4A1A2A9BF8347B3
:10AFE0001500938481A2BDE38D476315F70483C7E1
:10AFF000A1A1139787016187635B070093F7F707A8
:10B00000894503C5B1A1238DF1A0EF900EC49C40EA
:10B01000914613F7F7006318D700C19B93E75700D9
:10B0200023A4F1A285A08946E30FD7F6C19B93E73D
:10B030002700FDB79840A38701A09546937707FFA7
:10B040003D8B6319D70493E74700D9BF9C40C19B50
:10B0500093E76700F1B7138781A21C43834615006D
:10B06000BA84C19B95E293E7470023A4F1A203565B
:10B07000A50093054500034535009146EFF06FA408
:10B08000A38701A0884045BD13071003E392E6FCA7
:10B09000A38701A093E7370061B7EFF0BF969387CE
:10B0A00081A29C43154793F6F700C19B13E5370037
:10B0B000E394E6F213E5270005B7938681A29C424C
:10B0C00003461500B68493F7F7F031E2CD46631BD3
:10B0D000D70293E7070123A4F1A283C721A1139705
:10B0E00087016187635B070093F7F707914503C505
:10B0F000B1A12389F1A0EF904EB59C403705000126
:10B100005D8D15BD93E7070223A4F1A2FDB793E778
:10B110000703DDBF938681A29C427D761306F60F5E
:10B12000F18F0346150019EE6D46631AC70093E7C9
:10B13000071023A4F1A29C4237050002D1B793E780
:10B140000720C5BF93E70730EDB7828003470500AE
:10B15000930610096307D7009307000D6305F704F2
:10B1600082808346150039476391E6048356450083
:10B17000056713075740639AE60218459307F007DF
:10B18000830537006383F502938701A09C4391CF29
:10B1900003A34700630B0300834727000345170001
:10B1A000A2075D8D02836FF07FCF8280011193979C
:10B1B000050126CA06CE22CCC187AE8463D5070C12
:10B1C00003C5B1A1EF807EF72A8409C983C731A1E5
:10B1D00089EFEFF0BFF72285EF801EEF2165258D07
:10B1E000F2406244D2440561828083470500130720
:10B1F000000D639EE7048347250081E7EFF01FF50C
:10B2000009A81547639DE7000347C500A147E392DE
:10B21000E7FCA28503C541A0EF80BEF8C1B7214776
:10B22000E38EE7FC99466395D70083477500C5B761
:10B230001D47E390E7FA03554500EF30BF9D41DD20
:10B240000347C500A1472285E315F7F8D9B71307CF
:10B25000200AE380E7F813071009E391E7FA0347B0
:10B260001500B947E31CF7F8035745008567938736
:10B270005740E315F7F818458347270003451700A3
:10B28000A2075D8D5DBF9397150163DE07001386EE
:10B2900041A291451145EF905EFE03C50185EF90F7
:10B2A0003EF811652DBF93F71500D9CB83C7F1A0E8
:10B2B000B9CFEF307FC39797FE1F83C7976C8D8BF5
:10B2C000636AF5048D472302F100938761A083C769
:10B2D00007004C0003C5B1A12306F100938711A11B
:10B2E00083C70700A306F100EFD0AED40DC193874A
:10B2F00081A2884341991365650023A4A1A2938785
:10B3000001A09C4389C79C4399C38145829713C57B
:10B310001400F9B5938701A183C7070019469385E7
:10B3200081A02302F1009387E1A083C707001305E2
:10B330006100A302F1009750FE1FE780207371B7F0
:10B3400093F7250085CF83C7A1A1858B8DC703C542
:10B35000B1A1EFD00EFD05C1938781A2884313757B
:10B36000F5F023A4A1A2938701A09C4389C79C4325
:10B3700099C38145829713C524009DB593F7450075
:10B380000145E38F07E483C721A19DC703C5B1A190
:10B39000EFD04EFC15C1938781A28843FD77938738
:10B3A000F70F7D8D23A4A1A2938701A09C4389C799
:10B3B0009C4399C38145829713C5440015B57971A3
:10B3C00022D426D206D6AA842EC6328436C43AC2E5
:10B3D0003EC0EF303F8439C50358E500B24582478F
:10B3E0001247A246636DB800636B04010356050162
:10B3F0006317D6000356250161456300E602231C4E
:10B40000B1003E862C082685231D8100231ED10015
:10B41000231FE100EF30AFEF0145B25022549254A8
:10B42000456182805145D5BF011106CE9797FE1F19
:10B43000A388A77291C52E8532C6EFE0BFE43246DD
:10B44000938781A29C4385EB19C223A0C1A0F2403F
:10B4500003C651A083C521A203C5B1A1938741A210
:10B460001797FE1F1307477B9796FE1F9386C67795
:10B4700005616FE08ECEF240454505618280979769
:10B48000FE1F83C717508D8B81EB6145828061451C
:10B49000B240224441018280411122C406C603C445
:10B4A000B1A19307F00FE314F4FE17050000130594
:10B4B00025D0EF900ED5A38DA1A0E30A85FC23A093
:10B4C00001A023A401A291472381F1A2EFB02EBED7
:10B4D000414681451795FE1F130505719750FE1FC4
:10B4E000E780405C414681451795FE1F1305C572F4
:10B4F0009750FE1FE780005B23A201A2238801A0D2
:10B50000238701A09D471796FE1F1306E66DC145D0
:10B5100009452383F1A0A38801A0EF905EA71796A9
:10B52000FE1F1306666FC1450D45EF905EA64146AE
:10B530009795FE1F9385456B1795FE1F1305C56BE9
:10B540009750FE1FE780805241469795FE1F9385D6
:10B55000A56C1795FE1F1305256B9750FE1FE780FE
:10B56000E050138641A291451145EF905EA201453E
:10B5700005B7FD57A38DF1A01797FE1F1307075EB0
:10B58000A302F7002303F700238101A20547A38745
:10B59000E1A023A201A21947239BE1A0056713079D
:10B5A00007C8239AE1A02382F1A09D47A38201A0AE
:10B5B000A38901A0A38CF1A0238CF1A01946814599
:10B5C000138581A01753FE1F6700C34D930705D055
:10B5D0004111C20722C406C6C1835D472E84636B36
:10B5E000F70C17A700001307673B8A07BA979C431D
:10B5F000BA97828783C721A22300F40035A0414671
:10B600009795FE1F9385455E22859750FE1FE78024
:10B61000E04519A841469795FE1F9385E55FEDB774
:10B62000938741A29C439CC18147B24022443E85FE
:10B630004101828019469385C1A1F9B783C7F1A062
:10B6400065BF2E85EFD01E80C5B72E85EFD0FE8159
:10B65000E1BF83C701A14DB783C7E1A071BF194600
:10B66000938581A055B783C761A079B783C711A11E
:10B6700061B7938781A29C4341B783C751A0ADBFF7
:10B6800083D761A12310F40045B783D741A1DDBF63
:10B6900083C791A195B783C781A1B9BF2E85EFD08C
:10B6A0001E8059B783C7A1A193F7F707B1B783C726
:10B6B00021A199B7130720048947E368A7F6EFB0E3
:10B6C000CE972310A4008DB79307F5CFC207AE869F
:10B6D000C183D9452A8763E6F52817A80000130817
:10B6E000E8318A07C2979C43411106C6C297B285CA
:10B6F000368582874147E147639EE60241461795BA
:10B70000FE1F1305654E9750FE1FE780203615A0DB
:10B710004147E1476390E60241461795FE1F130536
:10B72000A54FD5B71147E1476396E6001C4223A217
:10B73000F1A28147B2403E85410182800547E14741
:10B74000E39AE6FE0347060083C7F1A0A387E1A0C2
:10B7500095C3814765F3138781A2184389463D8BC2
:10B760006305D7009546E317D7FC03C5B1A1EFD019
:10B770008EA3C1B781475DDF138781A2184363069B
:10B78000A7003D8B7517E367E5FA854503C5B1A1B1
:10B79000EF80BECB79BF9307C01C63E0D71C630E5C
:10B7A000061AB24041016FD04EBD9307C01C63E63C
:10B7B000D71A6304061AB24041016FD02ECC054758
:10B7C000E147E399E6F603470600A946E3E4E6F617
:10B7D0002388E1A0B9BF0547E147E39DE6F40347AD
:10B7E00006008D46E3E8E6F42387E1A099B7194700
:10B7F000E147E391E6F41946138581A029B705478F
:10B80000E147E399E6F2034706009D46E3E4E6F2EA
:10B810002383E1A039BF0547E147E39DE6F00347F5
:10B8200006008D46E3E8E6F0A388E1A019B70547D6
:10B83000E147E391E6F083470600A382F1A0D5BD7E
:10B840000947E147E398E6EE03560600056713074C
:10B85000A7C79306A6FFC206C182E36DD7EC239B60
:10B86000C1A0C1BD0947E147E396E6EC03560600D7
:10B8700005671307A7C79306A6FFC206C182E36B3D
:10B88000D7EA239AC1A075B58345060003C681A1F6
:10B89000A38CB1A00145EF70AFE361BD0346060084
:10B8A00083C591A1238CC1A0F5B79307C01C63E6A3
:10B8B000D70A45C6B24041016FD06ECC0547E1477B
:10B8C000E39AE6E68347060003C7A1A1058B238D13
:10B8D000F1A093F6170011C7E39D06E4EFD0CEA6C2
:10B8E00089BDE38806E4138781A218438945398B13
:10B8F000E31E07E893E707F8238DF1A01DBD054778
:10B90000E147E399E6E28347060003C721A12389C3
:10B91000F1A011C7E39F07E0EFD06EA519BDE38A40
:10B9200007E0138781A218431377070F19C39145C6
:10B93000B1BD93E707F82389F1A0E5BB9307200485
:10B9400063EFE70089458947E396B6DEB240835549
:10B9500006003A8541016FB00EC3E147E1BB89475C
:10B96000D1BB9307200463E9A70089458947639603
:10B97000B60083550600C5B789473E858280011110
:10B9800006CE2AC6EF300FA909C9B245F2400345D9
:10B9900005004D4605616FB02EB6F2404945056180
:10B9A0008280411106C6EF70F07C1725FFFF13055A
:10B9B00025DAEF900E85EF105FC517B5FEFF130572
:10B9C0000548EF900E84EFB0CEC217E5FEFF1305D9
:10B9D0002577EF900E83EFE0CEF31745FFFF1305B9
:10B9E0000567EF900E82EF40EFFA17F5FFFF1305A2
:10B9F0002530EF900E81EFE05FA11715FFFF1305D3
:10BA0000E52BEF900E80EF10EFA7B24041016FF0F1
:10BA10001FA7938741A31387C1A29C4318430145E5
:10BA20006313F700828083D6670081E683D64700E0
:10BA300036959C43F5B79797FE1F938727F38C4362
:10BA40001797FE1F0357C7F241111386052223AA39
:10BA5000C1A2938785FFBA97056523A6F1A206C602
:10BA60001D05935637006374E500930600203307E5
:10BA7000D60023A8E1A223A0E522E1162312D600D6
:10BA8000231306001CC3998FE1172312F700231319
:10BA90000700EFF01FF8B2409797FE1F2399A7F019
:10BAA00041018280938741A31387C1A29C43144321
:10BAB00001456393F600828003D7670011E703D73F
:10BAC00047006373E5003A859C43E5B7938741A33C
:10BAD0009386C1A29C4390422A87B305B540631464
:10BAE000F6003A8529A8938687009C43E369D7FE30
:10BAF000E377F7FE2E85E3E4D5FEE3F2F5FE8280E0
:10BB000083D705002300F50083D70500A183A30098
:10BB1000F5000945828083C7250005472300F5000D
:10BB200003D505006397E7000A0505054205418135
:10BB30008280C9473305F502CDBF03D505000A054C
:10BB400042054181828083D725002300F50003D57B
:10BB5000050083D725003305F5020505420541811F
:10BB6000828003D50500828003D50500828003D53D
:10BB70000500828083D725002300F50003D505004A
:10BB800083D725003305F5020505420541818280F2
:10BB900083D705002300F50083D70500A183A30008
:10BBA000F50083D725002301F50083D72500A18365
:10BBB000A301F50003D545001105420541818280AE
:10BBC00083D705002300F50083D70500A183A300D8
:10BBD000F50003D52500090542054181828089478A
:10BBE0001145639BF6008347160083460600014516
:10BBF000A207D58F2310F700828003D70500D9470D
:10BC0000AE8663FAE70001470D469705000093856D
:10BC100065EF6F905EBF0945828011456393A60270
:10BC200083471600834606000145A207D58F2310DF
:10BC3000F7008347360083462600A207D58F2311DD
:10BC4000F700828083C725000547FD1793F7F70F9C
:10BC50006361F70483D705008DCF011122CC2A84BC
:10BC6000C84106CE15C12EC68945EFF03FE62A87AA
:10BC700022856244B246F24015469705000093853E
:10BC8000C5E905616F903EB8F2406244094505611F
:10BC90008280094582809547114563F9D706411195
:10BCA00022C426C24AC006C683471600BA84034788
:10BCB0000600A2073284D98F2390F4008347360010
:10BCC0000347260093054400A207D98F2391F4006F
:10BCD00089472382F400094613855400368997501A
:10BCE000FE1FE780A0D89307A9FF2394F40099478B
:10BCF000631BF90023A60400B24022449244024987
:10BD00000145410182801904C0C4FDB7828083D7F8
:10BD100005008DCF011122CC2A84C84106CE15C161
:10BD20002EC68545EFF09FDA2A8722856244B24607
:10BD3000F2401D4697050000938565E005616F9010
:10BD40009EACF240624409450561828009458280CB
:10BD500099476395F6048947411106C62302F70007
:10BD60008347160083460600B285A207D58F2310AD
:10BD7000F700834736008346260003464700A207A4
:10BD8000D58F130557002311F70091059750FE1F1B
:10BD9000E780C0CDB240014541018280D1471145C5
:10BDA0006394F600C1474DBF828083D705008DCFD5
:10BDB000011122CC2A84C84106CE15C12EC6894560
:10BDC000EFF0DFD02A8722856244B246F240254652
:10BDD00097050000938565D705616F90DEA2F2405C
:10BDE0006244094505618280094582808947114581
:10BDF000639BF60083471600834606000145A207B1
:10BE0000D58F2310F7008280011122CC2A84C841EB
:10BE100006CEAE86014719C52EC68545EFF01FCB6D
:10BE2000B2462A8722856244F2402D4697050000DB
:10BE3000938565D305616F901E9D11456393A6029E
:10BE400083471600834606000145A207D58F2310BD
:10BE5000F7008347360083462600A207D58F2311BB
:10BE6000F7008280011122CC2A84C84106CEAE861A
:10BE700011C52EC68545EFF07FC5B2462A872285BB
:10BE80006244F240354697050000938525CE056152
:10BE90006F907E9793F71600114589EB894763876A
:10BEA000F60085822312D70010C30145828001115C
:10BEB00022CC2A84C84106CE15C12EC68545EFF096
:10BEC000FFC02A8722856244B246F2403D4697056C
:10BED0000000938505CA05616F90FE92F2406244AE
:10BEE00009450561828083D705008DCF011122CCE1
:10BEF0002A84C84106CE15C12EC68945EFF01FBD64
:10BF00002A8722856244B246F240454697050000E2
:10BF1000938585C605616F901E8FF2406244094586
:10BF20000561828009458280854763FCD70223042E
:10BF3000A700A304B7008347160083450600A207A5
:10BF4000CD8F2310F7009387E6FF2311F700894771
:10BF50006386F600090650C301458280232207004C
:10BF6000E5BF11458280014781464D4681456F906E
:10BF70009E898D47114563FBD70283471600834591
:10BF80000600A207CD8F2310F700834736008345B4
:10BF90002600A207CD8F2311F7009387C6FF231237
:10BFA000F7006386A600110610C70145828023248E
:10BFB0000700E5BF011122CC2A84884506CEAE8653
:10BFC00011C52EC69545EFF07FB0B2462A8722856F
:10BFD0006244F2405D46970500009385A5BB05616C
:10BFE0006F907E82854711456397F6008347060070
:10BFF00001452300F700828001478146654681455F
:10C000006F907E80011122CC2A84C84106CEAE8674
:10C01000014719C52EC68D45EFF05FABB2462A87A2
:10C0200022856244F2406D4697050000938585B9EC
:10C0300005616F90EEF1011122CC2A84C84106CE31
:10C04000AE86014719C52EC68D45EFF03FA8B24612
:10C050002A8722856244F240754697050000938541
:10C0600065B605616F90CEEE814717A800001308F2
:10C07000A89E1306F00F3307F800834607001397B6
:10C08000060141836364E5006393C600828083D622
:10C0900005006365D7002390E5008280850793F74C
:10C0A000F70FD1BF41119397050122C406C626C2DE
:10C0B000C1872E8463D50702EF802E88AA8409CD1C
:10C0C00083470500054793C707086364F700EF60DF
:10C0D000E00A2685EF705EFF2165218D29A893F780
:10C0E000150099CF9797FE1F938747B4FC5791C3CC
:10C0F000829713451400B240224492444101828049
:10C1000093F7250099CB9797FE1F938727B2BC5BC7
:10C1100091C3829713452400F9BF93F7850081CF1F
:10C120009797FE1F938787B0FC5FBC5B91C3829794
:10C1300013458400C9B793F7450081CF9797FE1F39
:10C140009387C7AEFC5FFC5791C3829713454400A9
:10C150005DB793F7050291CF9797FE1F938707ADC1
:10C1600083A7070983A7070991C382971345040290
:10C1700059B793F7050191CF9797FE1F938707ABA8
:10C1800083A7070983A7C70891C3829713450401B2
:10C190009DB7939725010145E3DF07F49796FE1FAE
:10C1A00083C636A91796FE1F0346A6A89795FE1FBD
:10C1B00083C515A81795FE1F034585A7EFB08FD53A
:10C1C000096521BF411122C41794FE1F130404A660
:10C1D00013068012814526C2AA84228506C623AE94
:10C1E00001A29750FE1FE780E08B0145EF2050121F
:10C1F0000145EF20F0199787FE1FA388977AB707AC
:10C20000D707B5071797FE1F232CF7A2B7A70D0D69
:10C21000938737211797FE1F2326F7A2B7A7D707C3
:10C22000938737211797FE1F2320F7A2E97793877B
:10C2300037211797FE1F231BF7A07D478147232037
:10C24000E40E0327040D2322F40EB7872D049387F1
:10C25000F79F5D8F8327440D9796FE1F23A0E6AAC4
:10C260009796FE1F23A0E6AA93E7E7391797FE1FCC
:10C27000232CF7A89796FE1F23A4F6A89787FE1FE6
:10C2800083C7A76F1797FE1FA300F7A61797FE1F78
:10C29000A300F7A6F977FD171797FE1F231BF7A832
:10C2A0001797FE1F2318F7A8FD471797FE1F2304B3
:10C2B000F7A89797FE1FA387079A85679387F7F0DC
:10C2C0001797FE1F2311F79A1797FE1F231EF79843
:10C2D000EF801E9A9797FE1FA38BA7949307C01C0D
:10C2E0001797FE1F2311F79C85471797FE1FA30E74
:10C2F000F7969787FE1F83D7A767A9831797FE1F17
:10C30000A308F79A8D471797FE1F2312F796979762
:10C31000FE1F23AF0794B7170706938707441797A5
:10C32000FE1F2329F7949787FE1F9387276483D7DF
:10C3300007011307B00F6374F7009307B00F13964C
:10C3400007011797FE1F2318F7901797FE1F231654
:10C35000F7908347C40341829306E600918BC5C3DF
:10C36000931766009387073DC207C1831797FE1F87
:10C370002314F78E0347D403118B49C713176600A4
:10C380001307073D420741839795FE1F2398E58CCD
:10C39000ED4532876373B6006D471796FE1F23186D
:10C3A000E68A130680143E8763F4C70013078014DF
:10C3B0008E069797FE1F239DE7889797FE1F239B66
:10C3C000E7889797FE1F2396D7889307C01C179777
:10C3D000FE1F231DF788B70716009387079017974E
:10C3E000FE1F232FF786EF90DF9FEF40901AEF801C
:10C3F0003FFA2244B240924441016F60C0259397B6
:10C4000036009DB713973600B5BF411106C622C44A
:10C4100026C21797FE1F034747859797FE1F83C7BE
:10C42000D7846369F70001442285B24022449244D4
:10C4300041018280AA84930510241305800B975034
:10C44000FE1FE780E03B2A8479DD1306800B8145DF
:10C450009740FE1FE780006581E4C1572304F40084
:10C460009787FE1F9387877CB84F3DE71797FE1F7E
:10C47000232887801797FE1F232687801797FE1F84
:10C48000232487802320040005479786FE1F238EE0
:10C49000E67C0547A304E400130700F9A305E400C4
:10C4A0001787FE1F1307476C544B184F1785FE1F45
:10C4B0000345054D74C438C87D57230BE40083C77A
:10C4C000A704A30EE4062304A4062306F40AEF90AF
:10C4D0000F8DA30AA40089BFF84F00C31787FE1F62
:10C4E0002324877A2320040003C7E703050771BFCD
:10C4F0008347E501411122C406C69907A308F50048
:10C500007C4511472308E5002380E7007C4503476D
:10C5100015012A84A380E70083475503858B91E7A3
:10C520000347450389476319F700784483470700A9
:10C5300093E707042300F700684493056403194652
:10C5400009059740FE1FE780605268440356E401E6
:10C550004C5421059740FE1FE7804051930730F966
:10C56000A305F400B24022444101828041114AC037
:10C570001789FE1F1309896B8327490B06C622C43E
:10C5800026C299E3054505AAAA84EF906FC38327C5
:10C59000490B8297EF40C0562A846DD5DC50AC48D9
:10C5A0002324F50803C7B4009307A009631BF71001
:10C5B00085472300F51483C734062303F514A3032A
:10C5C000F51483C7F50003C705010148A207420718
:10C5D000BA9703C7E5001546F905BA9703C735FFB3
:10C5E000130584136207BA97232CF40883C755FFF9
:10C5F00003C765FFA2074207BA9703C745FFBA976B
:10C60000232EF40883C775FFA30BF40283C795FF9D
:10C6100003C785FFA207D98F231CF40283C7B5FF88
:10C6200003C7A5FFA207D98F231DF40283C7D5FF37
:10C6300003C7C5FFA207D98F231EF40283C7F5FFE6
:10C6400003C7E5FF232E0413A207D98F231FF4028B
:10C650008147232CF4129740FE1FE7802041B84801
:10C6600083473702FD8BA30AF40203473702ED1715
:10C6700093F7F70F15832308E4022D476368F70249
:10C680008357A40305679306A7C7E917C207C183A9
:10C6900063EEF6008356C4039307301F63E8D700A8
:10C6A0008357E403130707C8637EF702035584002A
:10C6B000EF4020650145B2402244924402494101C5
:10C6C00082808327890D13971701E35C07EEFC44F2
:10C6D00003C7070083C70500F98F9583858B230067
:10C6E000F514C5B58327890B228582978327090E08
:10C6F00003558400294693F7072091E305469305E7
:10C700000008EF5050418327890D13971701635993
:10C71000070003558400514693050008EF50B03FD1
:10C7200083274905FC4B13974700E35D07E403C5E6
:10C730008400A38B0400494693050008EF50B03DE8
:10C7400091B5411122C406C626C24AC09787FE1F72
:10C7500083C7D74D2A848DEB0347040185476318AF
:10C76000F70E8347D40303475404858B631FF70CEC
:10C770001946930564041305E4039740FE1FE78000
:10C78000E037B334A000A1A883475504DDC7834731
:10C79000B5041307000493F7070C6390E70A0859E0
:10C7A00031C513096404CA851305A5029750FE1FFD
:10C7B000E780807D8547AA84631AF5020858894777
:10C7C0002302F404834735001946CA8593E72700FE
:10C7D000A302F40451059740FE1FE7802029B240D0
:10C7E0002244268502499244410182800347040184
:10C7F00085476304F70483470406918B9DEF8347C5
:10C80000C40385EF130544049760FE1FE780C083CF
:10C8100008D805C589472302F40483473500194623
:10C820009305640493E72700A302F404510597409D
:10C83000FE1FE780A02385445DB78347C403898B2F
:10C8400081DF1C5883C7170081FB814449BF8347A0
:10C850000406918B99F78347D40013F717000DC393
:10C86000834634010D47639DE60068402C44224412
:10C87000B2409244024941011743FE1F6700C3645E
:10C88000898BD5DB034734019547E316F7FAF1BFEF
:10C8900041119787FE1F2387074022C4930710F991
:10C8A00006C6A305F500938781A380430DC0854587
:10C8B0001785FE1F0345750FEF70FEFA93071027CB
:10C8C0003305F50222832244B24041010283B24083
:10C8D0002244410182808347A50199C70347A500EF
:10C8E0006314F7006FF0DFFA0347950111CF834619
:10C8F000A5006382E6022305E50089451785FE1F32
:10C900000345B50A6F707EB4F1DF0347A50079FBDC
:10C910002305F500DDB7F9D7E5BF2C49314783C7BB
:10C92000150093F7F7032309F5006386E7009307E3
:10C9300000083E85828083C705000D47BD8BA30993
:10C94000F500E396E7FE41114AC01309650322C4CE
:10C9500019462A84A1054A8506C626C29740FE1FAD
:10C96000E780C0199147630F05222C48194613052B
:10C97000640483C7050089059987858BA302F404A5
:10C980009740FE1FE780800E2285EFF09FDBA147D6
:10C99000630A05201305200483044401EF90FEE997
:10C9A000620561859307000863CEA41E64449D4719
:10C9B0002308F4002380F40085472381F400A38139
:10C9C000F400CA851946138544009740FE1FE7808E
:10C9D000E00983C7240003C734000149990793F78E
:10C9E000F70F136787002381F400A381E4007844E4
:10C9F000BA970357C406A381E70083C7240078448D
:10CA0000834614063E978357C4069206A183BD8BC6
:10CA1000D58F2302F70003C7240009071377F70F08
:10CA20002381E4008356E401E1C283470406795977
:10CA300093F7070491C375593309E9401379F90F46
:10CA40006374D90A83463406751989471379F90F37
:10CA50006391F6168347B40663960716916793872A
:10CA60000729F9469387771BB3C7D7021786FE1F9E
:10CA700003464623136606019785FE1F2384C522BD
:10CA80001386019A104285650CC6B386D7028606C6
:10CA900034D283C6340093E60601A381D4007444E3
:10CAA000034624063697A301C70083C624007844B2
:10CAB00036972302F70003C724007444A187BA966F
:10CAC000034734061607D98FA382F60083C72400D4
:10CAD0008D072381F4005C54CA973CDC8357E40142
:10CAE000B38727412319F4068347040693F7070405
:10CAF00085C703C734007C4483C62400136707043A
:10CB0000A381E40003475401B697A381E70083C7DC
:10CB1000240085072381F40003C524000356E401A3
:10CB20004C549307350068443E954DC26360C90A72
:10CB30009740FE1FE78080F30349E40103C7240008
:10CB40009377F70385073E99A30824012381E40026
:10CB500083475403858B91E703474403894763194F
:10CB6000F70078448347070093E707042300F700A2
:10CB70007C4483451401A380B700930790F9A30573
:10CB8000F400034534068347B4065D8DEF805FAE45
:10CB9000014681450D459740FE1FE7800075EF80F7
:10CBA0003FE28147B2402244924402493E8541011E
:10CBB0008280054693078042E385C6EA85679387AE
:10CBC000878445B585679387E71B61BD4A86974093
:10CBD000FE1FE780A0E99DB72C491307200283C7F9
:10CBE000150093F7F7032309F5006396E71A01117F
:10CBF00022CC06CE26CA4AC84EC683C705001547B2
:10CC00002A84BD8BA309F500639CE7021946A105A0
:10CC1000130565039740FE1FE78040EE9147630AC6
:10CC200005142C4819461305640483C705008905BB
:10CC30009987858BA302F4049740FE1FE78000E3E9
:10CC40002285EFF01FB0A147630505128346340625
:10CC50001789FE1F130989D905479789FE1F83D9B4
:10CC600069D983270900637ED710829737460F0062
:10CC7000AA841306062481461305007D3385A90284
:10CC80008145EF60F074B307950033B5A7002E958A
:10CC90003E878326490019E163E4D7003387D740F4
:10CCA0006444A1472308F40058D02380F40085474A
:10CCB0002381F400A381F4001946930564031385CE
:10CCC00044009740FE1FE78060DA83C7240099077D
:10CCD0002381F40083C7340093E72700A381F40085
:10CCE0008347540481CB78448347070093E707F8D0
:10CCF0002300F7001946930564041385A4009740A8
:10CD0000FE1FE780A0D683C72400990793F7F70F8B
:10CD100013F7F7030507A308E4002381F400834712
:10CD20005403858B91E70347440389476319F70050
:10CD300078448347070093E707042300F7007C4407
:10CD400083451401A380B7009307A0F9A305F4005D
:10CD5000034534068347B4065D8DEF807F9101461D
:10CD600081450D459740FE1FE7802058EF805FC545
:10CD70008147F2406244D2444249B2493E8505614E
:10CD80008280829737460F00AA84130606248146C4
:10CD90001305803EE5B5930700083E85828041116A
:10CDA0004AC01389019A8327090022C41307000A85
:10CDB00006C626C22A84F8D30945EF80DFC79386CA
:10CDC00041999042B7050082FD155C56F19B93E7AF
:10CDD00017005CD6032709005C4393E717005CC388
:10CDE0008347840693F7F703139797015C56ED8FFB
:10CDF000D98F5CD637170040930770052300F704DE
:10CE0000930780FA2300F70403068406B54763D02E
:10CE1000C7168357270293E707012311F7029C42A5
:10CE20003706330098431377F7E798C3984313778F
:10CE3000F7E71367071098C31387819A18431447BD
:10CE4000D18E14C7832609001306A00DB0CA54570B
:10CE5000F59A54D7034724069376F7079843137738
:10CE600007F8558F98C337C7898E130767ED98C7A2
:10CE700037575500644413075755D8C39D472308B7
:10CE8000F4002380F40085472381F400A147A381A7
:10CE9000F4007C440357C4062382E70083C72400C0
:10CEA0007844834614063E978357C4069206A183AE
:10CEB000BD8BD58F2302F70003C524009307E00F35
:10CEC00009051375F50F2381A40003562407898FE4
:10CED00063CFC7047C442C5C0D053E959740FE1F34
:10CEE000E780C0B803C72400834724079376F7037D
:10CEF0008507B697A308F4002381E4008347540311
:10CF0000858B91E70347440389476319F700784409
:10CF10008347070093E707042300F7007C44034797
:10CF20001401A380E700930780F9A305F400832789
:10CF3000090078448145171500001305C539B8DB91
:10CF4000EF70FE999787FE1FA38107C283453406C1
:10CF50008347B406034614012244B2409244024976
:10CF6000DD8D014541011743FE1F670003388357DC
:10CF70002702C207C183BD9BC207C18379BD397136
:10CF800052D4138A019A83260A0022DC26DA06DEAE
:10CF90004AD84ED69307000AFCD2938741999C4306
:10CFA000B70533002A84D857719B13671700D8D769
:10CFB00098431377F7E798C398431377F7E7136716
:10CFC000071098C31387819A184310474D8E10C7D6
:10CFD0001306A00DB0CA5057759A50D703472506BF
:10CFE0001376F7079843137707F8518F98C3DC42FD
:10CFF0000D4793E71700DCC264459D472308F50001
:10D0000085462380F400A38104002381D400834754
:10D01000F5056385E70019476396E7528547A381C5
:10D02000F400194693056403138544009740FE1FDE
:10D03000E780C0A383C7240099072381F400034736
:10D04000F40599476316F70483C734001385A400D9
:10D0500093E72700A381F40083475403898B6385FA
:10D06000071E0C5883C725016380071E1946D1058A
:10D070009740FE1FE780809F78448347070093E72F
:10D0800007F82300F70083C7240099072381F400E1
:10D0900083C7340003C7240093E78700A381F4000B
:10D0A0007C44BA970357C406A381E70083C72400D2
:10D0B0007844834614063E978357C4069206A1839C
:10D0C000BD8BD58F2302F70003C724000907137710
:10D0D000F70F2381E4008356C4016386061A834751
:10D0E0000406795993F7070491C375597C483309AD
:10D0F000E9401379F90F918B81C739191379F90F29
:10D1000081496374D90A83473406751989461379AE
:10D11000F90F639DD7148347B4066392071691698C
:10D1200093890929F9479389791BB3C9F90297862D
:10D13000FE1F83C626B793E606011786FE1F23034C
:10D14000D6B683260A00056690C6B387F90286071D
:10D15000BCD283C7340093E70701A381F4007C4469
:10D16000834624063E97A301D70003C724007C44CE
:10D1700093D68940BA972382370183C72400784425
:10D180003E97834734069607D58FA302F70083C7DF
:10D1900024008D072381F4001C54CA973CDC83577C
:10D1A000C401B38727412319F4067C48914613F73D
:10D1B000C700630BD700B1466316D7268346140613
:10D1C0000347F4076390E626A18BE1C79387818B21
:10D1D0009C438329840982971787FE1F13070781C1
:10D1E00063E6A90AB7470F003385A9409387072450
:10D1F000B335F5020356870081463305F502EF602B
:10D20000301DAA89B7074B00138749ED9387B7C72D
:10D2100063EAE7204946814568009740FE1FE780A2
:10D220006088B7C70300938737FC63CD3713BD0908
:10D23000F947B3C9F902B2477977F98FCE0993D983
:10D240003901B3E93701B9A28347D40381CB7844CC
:10D250008347070093E707F82300F7001946930573
:10D26000E4039740FE1FE780608031BD8546930947
:10D270008042E389D7EA85699389898465B58569A0
:10D280009389E91B45B58149014905B75C43BE99BE
:10D2900091BF83C7340083453406C18BA1CB794647
:10D2A0000947B389C902835724076395E5020347F9
:10D2B000B40699078E0709CB9387770D139617004D
:10D2C000B299938949293DBF9387A7049396370064
:10D2D000B699C5BF05476397E500BD0713972700BB
:10D2E000BA99C5B7B9078E07BE99E1BF03C7240035
:10D2F0008357C401BA970947639EE5040347B40600
:10D30000D9078E0721C79387770D86071787FE1FDA
:10D3100003475799136717009786FE1FA384E69863
:10D3200003270A00A1669389875214C7938757542D
:10D33000F946B3C7D702B387D70286077CD783479E
:10D3400014062300B408A30FF4066DBD9387A70449
:10D350008E076DBF05476395E500FD078A077DB71A
:10D36000F907FDB7B7872500138747ED63463703F5
:10D370001307C01293896909B3C9E902B2478966E4
:10D380001387F6FFD58F33F7E900F979B3F9370141
:10D39000B3E9E9004EC619A863C037178357C10027
:10D3A0006977F98F1167D98F2316F10083576408C5
:10D3B00068446C00139707018357C100D98F3EC69C
:10D3C0008327040A0327C4083EC88327440A131688
:10D3D0008700618393F6F7019787FE1F83C7378520
:10D3E0009D8B9607D58FD18F3ECA83270409494666
:10D3F000A2075D8F835784083ACC231EF10083C7B0
:10D4000024008D073E959730FE1FE780206683C776
:10D41000340093E70702A381F40083C72400C907FF
:10D420002381F4008347040693F7070485C703C7E5
:10D4300034007C4483C6240013670704A381E400FE
:10D4400003475401B697A381E70083C724008507EB
:10D450002381F4000356C40161E2014983C624001C
:10D460008347E40513F7F60305073A999A07D58F22
:10D47000A30824012381F40083475403858B91E79B
:10D480000347440389476319F7007844834707003B
:10D4900093E707042300F7007C4403471401814508
:10D4A00017150000130525E3A380E700930760F933
:10D4B000A305F400784483270A00B8DBEF702EC27E
:10D4C0009777FE1FA383076A9777FE1F2380076A5B
:10D4D000834534068347B406034614010145DD8DB8
:10D4E0009740FE1FE78060E0F2506254D2544259E8
:10D4F000B259225A21618280B787DAFF9387670980
:10D50000BE998347D10093F7F7F993E70706A3067F
:10D51000F1009307C01231BB03C524000C549307DC
:10D52000350068443E956369C9009730FE1FE78067
:10D53000E0530349C4011DB74A869730FE1FE780B8
:10D54000E05229BF1387E7FF1377D70F6311071E38
:10D55000A381D400930565031946138544009730D1
:10D56000FE1FE780A05083C7240003C734009779CB
:10D57000FE1F9389A96B990793F7F70F136787002D
:10D580002381F400A381E40078440149BA9703574A
:10D59000C406A381E70083C72400784483461406A9
:10D5A0003E978357C4069206A183BD8BD58F230275
:10D5B000F70083C624009147890693F6F60F23816E
:10D5C000D4000347F4056310F70C83470406795928
:10D5D00093F7070491C375598357C4013309D940A0
:10D5E0001379F90F6371F90A0347340675198947EE
:10D5F0001379F90F6318F7108347B406639D07107A
:10D6000091679387072979479387771BB3C7E70209
:10D6100003C68907136606019775FE1F2384C56834
:10D6200003260A0085650CC63387E702060738D251
:10D6300003C7340013670701A381E400784403465D
:10D640002406BA96A381C60083C624007844369780
:10D650002302F70003C724007444A187BA96034746
:10D6600034061607D98FA382F60083C724008D07DE
:10D670002381F4001C54CA973CDC8357C401B38750
:10D6800027412319F4068347040693F7070485C747
:10D6900083C7340003C7240093E70704A381F40081
:10D6A0007C44BA9703475401A381E70083C7240051
:10D6B00085072381F4000347F40591476317F706B4
:10D6C0000356C4013DC203C524000C549307350022
:10D6D00068443E956365C9049730FE1FE7800039B2
:10D6E0000349C4010347F4059147631AF72883C728
:10D6F000890793F7070F93E757001777FE1F230358
:10D70000F75AA9BB054693078042E30EC7EE85672B
:10D7100093878784CDBD85679387E71BEDB54A86E0
:10D720009730FE1FE780803475BF014965BF93F7CE
:10D73000B70F0547E393E7D2A381F4009305650390
:10D740001946138544009730FE1FE780203283C7B7
:10D75000240099072381F40083C7340093E727004E
:10D76000A381F4008347D40381CB78448347070027
:10D7700093E707F82300F700834754031385A400B9
:10D78000898B6387071A0C5883C725016382071AA0
:10D790001946D1059730FE1FE780402D7844834716
:10D7A000070093E707F82300F70083C7240003C7A7
:10D7B00034009779FE1F93896947990793F7F70F0C
:10D7C000136787002381F400A381E40078440149B2
:10D7D000BA970357C406A381E70083C7240078449F
:10D7E000834614063E978357C4069206A183BD8BD9
:10D7F000D58F2302F70083C624008547890693F658
:10D80000F60F2381D4000347F4056310F70C834718
:10D810000406795993F7070491C375598357C401D6
:10D820003309D9401379F90F6371F90A03473406B4
:10D83000751989471379F90F631EF7108347B406EA
:10D840006393071291679387072979479387771B1B
:10D85000B3C7E70203C68907136606019775FE1F63
:10D860002382C54403260A0085650CC63387E70278
:10D87000060738D203C7340013670701A381E40009
:10D88000784403462406BA96A381C60083C62400C2
:10D89000784436972302F70003C724007444A18715
:10D8A000BA96034734061607D98FA382F60083C7BA
:10D8B00024008D072381F4001C54CA973CDC835755
:10D8C000C401B38727412319F4068347040693F75D
:10D8D000070485C783C7340003C7240093E7070400
:10D8E000A381F4007C44BA9703475401A381E70065
:10D8F00083C7240085072381F4000347F405854787
:10D90000631DF7060356C4012DCA03C524000C5439
:10D910009307350068443E95636BC9049730FE1F3A
:10D92000E780C0140349C4010347F405854775BB6C
:10D930008347D40381CB78448347070093E707F8F4
:10D940002300F70019469305E4039730FE1FE78094
:10D95000E011A1BD054693078042E308C7EE856745
:10D9600093878784DDB585679387E71BF9BD4A8672
:10D970009730FE1FE780800F45BF014975B783C709
:10D98000890793F7070F93E7670085BB011156C21C
:10D99000977AFE1F938A8A2983A74A0A06CE22CC49
:10D9A00026CA4AC84EC652C4639F07502A840945F6
:10D9B000EF806F881389019A032609009307000AF4
:10D9C000938941997CD283A70900B7053300568A11
:10D9D000D857719B13671700D8D798431377F7E789
:10D9E00098C398431377F7E71367071098C3138713
:10D9F000819A18431447CD8E14C79306A00D34CADC
:10DA00005457F59A54D70347A4009376F7079843E1
:10DA1000137707F8558F98C38347E4007844BD8B8C
:10DA20002308F4002300F7001D476444639CE73C8F
:10DA30008547A38104002381F4000347F4058D4545
:10DA4000631FB7288357C401639207187C481147A6
:10DA5000B18B638DE71631476398E70003471406DF
:10DA60008347F4076304F7168547A381F40019463A
:10DA700093056403138544009730FE1FE78000FF81
:10DA800083C72400990793F7F70F2381F400034716
:10DA900004061377070415C303C73400136707048C
:10DAA000A381E4007844BA9703475401A381E700B7
:10DAB00083C7240085072381F4009777FE1F238303
:10DAC000071E83C624008347E40513F7F603050702
:10DAD0009A07D58FA308E4002381F400930740F947
:10DAE000A305F40083475403858B91E70347440360
:10DAF00089476319F70078448347070093E70704D1
:10DB00002300F7007C4403471401B7060082FD168A
:10DB1000A380E700032709005C4393E717005CC379
:10DB20008347840603A6090093F7F7031397970129
:10DB30005C56F58FD98F5CD6371700409307700578
:10DB40002300F704930780FA2300F7048306840672
:10DB5000B54763D2D7368357270293E707012311CE
:10DB6000F70203A70900B7C7898E938767ED1CC723
:10DB7000B7575500938757555CC38347A406834422
:10DB800044068145170500001305E574DD8C8947BF
:10DB90001777FE1FA30DF7FC9777FE1FA38707FCDF
:10DBA000832709007844B8DBEF607ED30346140175
:10DBB0006244F2404249B249224A924AA685D2447E
:10DBC000014505611733FE1F67002372A147A3813A
:10DBD000F4008357C4062382F4008357C406034726
:10DBE00014067444A1831207BD8BD98FA382F6005B
:10DBF00083C624000547890693F6F60F2381D400D7
:10DC000083478A07032609006313F7060347440680
:10DC100089476316F71E0347A406938766008E079D
:10DC2000630B071C9387770D8607231AF406835727
:10DC3000440703478401F9459387070AB387E7023E
:10DC400009451778FE1F230FA804056508C69387AA
:10DC500007FBC207C18393877716B3C7B702139731
:10DC60000701B387B702418386073CD21DA0385213
:10DC7000F94705833357F7023C526C528583FD8B7D
:10DC8000AE977CD28D471776FE1F230DF600420714
:10DC9000418383C7340093E70701A381F4007C44E8
:10DCA000BE968347240693E70704A381F60083C644
:10DCB00024007C44B6972382E70083C624007C447A
:10DCC00021837D8BB697834634069606558FA382B3
:10DCD000E70083C724008D072381F400DDB3994654
:10DCE0006319D70A0357C4014DE7A381F4001385D4
:10DCF00044001946930564039730FE1FE78000D760
:10DD000083C724001385A40099072381F40083C7E7
:10DD1000340093E72700A381F40083475403898BE1
:10DD2000B9C70C5883C72501B9C31946D105973027
:10DD3000FE1FE780A0D378448347070093E707F8E6
:10DD40002300F70083C72400990793F7F70F238177
:10DD5000F4000347040613770704E30007D683C6DD
:10DD60003400784493E60604A381D4002DBB834796
:10DD7000D40381CB78448347070093E707F8230057
:10DD8000F70019469305E4039730FE1FE78000CEA5
:10DD900055BFA147A381F4008357C4062382F40032
:10DDA0008357C406034714067444A1831207BD8B2E
:10DDB000D98FA382F60083C624000547890693F60F
:10DDC000F60F2381D40083C78A0703260900E30FD7
:10DDD000F7E23852F94705833357F7023C5268524D
:10DDE0008583FD8BAA977CD29777FE1F238CB7EA99
:10DDF0004207418379BD9387A7048E073DB593877A
:10DE0000E600E5BF0547639CE708B147A308F400B7
:10DE100083475403898BADC30C5883C72501A9CF11
:10DE20001946D105138584009730FE1FE78000C492
:10DE300078448347070093E707F82300F700684416
:10DE400019469305640309059730FE1FE78000C259
:10DE500083278A0D13971701635D07008347E4004A
:10DE6000B98B81EB78448347070093E707022300CF
:10DE7000F700930720F9ADB18347D40399C783C74F
:10DE8000040093E707F82380F400684419469305DB
:10DE9000E40321059730FE1FE78040BD4DB70356D0
:10DEA000C4010C54138584009307660093F7F703AD
:10DEB000A308F400C5B783572702C207C183BD9BDF
:10DEC000C207C18369B9F2406244D2444249B249AF
:10DED000224A924A0561828041119777FE1F9387FB
:10DEE000E7D422C4A05306C605478346C400639006
:10DEF000E60283C7870711476315F7002285EFE025
:10DF00003F9922852244B24041016FF03FA8B240C0
:10DF10002244410182809777FE1F938727D1BC4F0F
:10DF200099E33E85828003C78700E30CA7FE9C43EC
:10DF3000C5BF011106CE22CC26CA4AC84EC6EFF094
:10DF40009FFD11E98144F240624426854249D24452
:10DF5000B24905618280834755032A8489EF1946B7
:10DF60009775FE1F938505DB130564039730FE1F2D
:10DF7000E780C0AFB5A80547639EE7009777FE1F0F
:10DF800083C7E7CAC944E1D319469775FE1F938535
:10DF9000C5D8D9BF1C59A1EB8347C503230A050285
:10DFA00091EB034754038547230AF4028947E3179B
:10DFB000F7FC75B71305C5039740FE1FE780800384
:10DFC00008D815C1EF4020420C5883C7A50081CF67
:10DFD0008947230AF4021946B105130564039730F3
:10DFE000FE1FE780A0A8034744038947E31BF7FA15
:10DFF0009777FE1F83C797C39DCB8347C40385CB09
:10E0000083473404130700041305C40393F7070C74
:10E010006397E7109740FE1FE780000308D81C585D
:10E0200099C783C7270181C78947230EF402834418
:10E03000C40089F885470349E4002306F400A304DB
:10E04000F4001777FE1F0347F7939777FE1F238F80
:10E0500007BC93170701231BE4069376F9001947C1
:10E06000C183637AD70683464406094793894700EC
:10E070006394E6009389C7038356C401834534063D
:10E080001777FE1F0347E7AE1305A00F9307E70BB3
:10E09000231B3407138726000946B3D6A6020E07B2
:10E0A0001775FE1F035505956390C5081307A70450
:10E0B0000E073E979397A600BA9737460F001306B0
:10E0C00006248146B3A5A7023305F502EF50503070
:10E0D0004E95231BA4068357E40623180406B1CBF0
:10E0E000034564019307F00F6307F500EF604EF2FC
:10E0F000FD57230BF4000356E40693066401120651
:10E10000A2851715000013050597EF602EDD8545E4
:10E110001775FE1F03457589EF602EB32DB5974027
:10E12000FE1FE78020EDDDBD6D073E9793979600BB
:10E1300061B78547E31DF9FC034564019307F00FC0
:10E140006307F500EF60CEECFD57230BF400056686
:10E15000930664011306068065B7411106C622C402
:10E160002A84EF70FF85228523060400A30504009E
:10E17000A3040400EFE0CFF185451775FE1F0345AA
:10E18000D582EF606EE489451775FE1F0345F58162
:10E19000EF608EE3034564019307F00F6307F5001A
:10E1A000EF600EE7FD57230BF400B240224441011B
:10E1B00082802C49411106C622C426C24AC083C7A8
:10E1C00015007D4793F7F7032309F500E91793F747
:10E1D000F70F637BF70093040008B24022442685C2
:10E1E000024992444101828083C70500BD8BA30987
:10E1F000F500F51793F7D70FF9FF2A841946A10503
:10E20000130565039730FE1FE780408F914471D559
:10E210002C4885472302F40483C705001946890565
:10E220009987858BA302F404130564049730FE1FBD
:10E23000E780C0832285EFE0CFD085472A89E31CA1
:10E24000F5F8034734019547631EF702EF00906B22
:10E250009767FE1F83C7F7728D8B6375F50283473F
:10E260000401E36AF9F69387818B9C43814482978A
:10E2700048D02285EFE08FAFE31125F72285EFF03C
:10E28000DFEDA1BF8347040181C71947E395E7F498
:10E290001305200483044401EF802EDA62056185B2
:10E2A000E3CBA4F22285EFE0AFA48347A4060345A5
:10E2B00044068345140181445D8DEF706FBB0146B8
:10E2C00081450D459730FE1FE7802002EF704FEF2C
:10E2D00029B7397126DA9774FE1F9384249522DCBE
:10E2E000A0504AD84ED652D456D25AD05ECE62CC26
:10E2F00066CA06DE314B977A0000938A6A77914BA3
:10E300001779FE1F130949869389019A0D4C976C62
:10E31000FE1F938CAC65130A44018347B4009387B6
:10E32000E70693F7F70F6367FB188A07D6979C43B6
:10E33000D69782870146930550020145EF702FC89A
:10E3400013065002814505459730FE1FE780E0F92E
:10E3500083473900858BD1C3284881465286814541
:10E360009777FE1FA38307809730FE1FE78000EE9C
:10E3700001E52285EFF0FFE30347B400930730097E
:10E38000E30DF7F8EF70CFE32285EFE0CFD4F25042
:10E390006254D2544259B259225A925A025BF24BF9
:10E3A000624CD24C2161828083472900858B95C3C2
:10E3B0009767FE1F238B077A834704010547637520
:10E3C000F7001947E390E7FC9307B0F9A305F400C1
:10E3D000A9B783A70900FC53A9F39767FE1F2387FA
:10E3E00007784DB783472900858B6387073C97677C
:10E3F000FE1F238C07769384419BEF706FDC9C405B
:10E400009DCBDC438DCB89472302F1008347540425
:10E41000130561001946A302F100834744019305E7
:10E4200064042306F1009720FE1FE78020649C40CF
:10E430004800DC4382978347740689CF83455404A0
:10E440000345840013066404EFA01FE083477406AD
:10E45000898B9DFB2285EFE0AFC315BF8347B406D0
:10E46000034534060146930550025D8DEF702FB5CC
:10E470000146814505459730FE1FE78000E7834749
:10E480003900858B638F0732284881465286814543
:10E490009767FE1FA38B076C9730FE1FE78000DB9A
:10E4A00001E52285EFE04FF30347B4009307A0098D
:10E4B000E305F7E6EF70CFD071BF8347B40603459D
:10E4C00034060146930550025D8DEF704FAF014653
:10E4D000814505459730FE1FE78020E183473900DD
:10E4E000858B6380072E2848814652868145976731
:10E4F000FE1FA38C07669730FE1FE78020D501E53D
:10E500002285EFE08FC10347B400930790094DB710
:10E5100083472900858B6381072A9767FE1F23861F
:10E520000764EF70EFC983C7840709476307F700E3
:10E5300083C784070D476315F70283A609000357B5
:10E540004407BC521307C712858363FBE700930798
:10E5500050F9A305F400BC528583E39007DCDDBDD0
:10E56000034794018347A4011DCF8346A40063029F
:10E57000D7286387F6002305E4002285EFF00FC15A
:10E580008347790093F7F70FE39907D883C7840788
:10E5900009476307F70083C784070D47E31CF7EAC1
:10E5A000930750F925B5E9DF0347A40071FB230564
:10E5B000F400E1B783C78407E39EFBFE2285EFE00A
:10E5C0001F9CA1BB83472900858B6387071E976724
:10E5D000FE1F238C075883C78407C18B85C7EF7044
:10E5E0002FBE83C7840793F70702E5DF83C784073D
:10E5F000228593F7F70C1767FE1F2305F76AEFE0F4
:10E600000FFA21BB83C79407858B91C7EF704FBB6F
:10E610009307E0F965BB83C784071547BD8B639CEF
:10E62000E700EF00302E83C77C018D8BE374F5E8A3
:10E630009307D0F961BB83C784071947BD8BE39B60
:10E64000E7E69307C0F959B383472900858BE38632
:10E6500007CC9767FE1F238A075083C78407C18BA7
:10E6600089CBEF70EFB583C7840793F70702E5DF27
:10E67000B5BF83C79407858BD1FB83C78407154734
:10E68000BD8BE387E7FA83C784071947BD8BE38A0D
:10E69000E7FAEF70EFB2E5B9FC58230E8407228544
:10E6A00082970347B40093077009E308F7C6C5B122
:10E6B00083473900858B95C7EF708FB09387419959
:10E6C00098437C53ED9B7CD39767FE1F2383074AB7
:10E6D0003717004083578701C607C583231CF700FF
:10E6E00095BB83A70900FC53E39907C2EF704FADB8
:10E6F0009387419998437C53ED9B7CD39767FE1F8A
:10E70000238907463717004083578701C607C5830B
:10E71000231CF7009767FE1F238A074425BB834706
:10E720002900858BD1CB9767FE1F2380074483C7C1
:10E730008407C18B9DC383C7840793F70702E5DF76
:10E740002285EFE0CFE583C7840793F7F70C1767BF
:10E75000FE1F2309F754EF70AFA62285EFE04F9319
:10E760009384419B9C409DCBDC438DCB8947230206
:10E77000F10083475404130561001946A302F10018
:10E7800083474401930564042306F1009720FE1F8C
:10E79000E780C02D9C404800DC4382978347740685
:10E7A000858BE38607BE8345540403458400130626
:10E7B0006404EFA07FA9E1BE83A70900FC53E39E98
:10E7C00007B49767FE1F2383073AEDB19767FE1FD3
:10E7D00083C7A739858BF5D79767FE1F238707382F
:10E7E000EF700F9E2285EFD07FD82285EFF0FF9645
:10E7F00079BEE38707D865BB41119767FE1F9387F2
:10E80000E74222C4E04B06C626C2630804248346BE
:10E81000C40005476393E6249766FE1F83C636351A
:10E820001547638BE6001767FE1F1307E73303479F
:10E8300077008D46639DE6002244B24092441765FE
:10E84000FE1F03459516854541016F501EC083C7C5
:10E850000700835604021767FE1F23298742850796
:10E8600093F7F70F1767FE1F2302F73C13070064A7
:10E870003347D70263C8E700EF606ECA9767FE1F91
:10E880002386073A0347E4009D476317F70483474D
:10E89000940685CF8356040763E6F6028345840019
:10E8A00093073004A30BF4001305300493F6F60F1E
:10E8B0000146EFA03F9922852244B2409244410193
:10E8C0006FF0BF8985062318D406930530020545ED
:10E8D000EF606EBE2301A40685471767FE1F230362
:10E8E000F73C034784018D476319F70AEF507EA375
:10E8F0000D8901ED930770022305F4009307500280
:10E90000A30CF4009307600231A885476310F50853
:10E91000930760022305F40093075002A30CF40050
:10E9200093077002230DF4000347E40085479764C2
:10E93000FE1F83C494076318F70E0356040285452F
:10E940002685EF505EC783475403898BEDC7834705
:10E95000C403F5C30C58E5C183C7A500E9CF8947B7
:10E96000230AF4021946B105130564039720FE1F1C
:10E97000E780C00F0347C407894763E2E70C22859D
:10E980002244B240924441016FF04F8093075002FD
:10E990002305F40093077002A5B789468347F40066
:10E9A0006319D70213F7170011CF1307500223057D
:10E9B000E400898B81CF93076002A30CF400230D40
:10E9C00004009DB7930760022305F40093077002CB
:10E9D000EDB79DC313F7170001CB93075002230532
:10E9E000F400A30C0400E1BF898B81C79307600288
:10E9F000FDB793077002E5B7834794011307400200
:10EA00006365F7009307500201A8850793F7F70F96
:10EA100013077002E368F7FEA30CF4008347940128
:10EA20002305F40069BFB9450545EF60CEA803563C
:10EA300004022A9629B78547230AF40225BF938743
:10EA4000818B9C4383248409829763EDA4008357C0
:10EA500064073385A440E374F5F2B2402244924443
:10EA6000410182809767FE1F938747F8DC43BE947D
:10EA7000F9BF011122CCFD5706CE230BF5008357B9
:10EA8000E5062A849DC783460507834585009307CD
:10EA9000C003A30BF50001461305C003EFA08FFAD6
:10EAA0000945EF605FF922856244F24005616FF02D
:10EAB000CFEA8347E5000547BD8B6386E7008347C0
:10EAC0000506918BF1DF9767FE1F9387271683A7B3
:10EAD000070E93F7072085C302C402C202C0814813
:10EAE0000148814701478146054681451305C0031A
:10EAF000EFA0EFF275B702C0814801488147014796
:10EB00008146054681451305C003EFA02FEF49BF9D
:10EB100023ACA1A28280411106C69767FE1F83C75E
:10EB2000D7E889EB17D5FFFF13050558EF507EEDA9
:10EB3000EFD04FE997E7FFFF9387678D1767FE1FB9
:10EB40002328F71497F7FFFF9387E73E1767FE1F09
:10EB50002322F714B24097070000938727CA17674C
:10EB6000FE1F232BF71297F7FFFF938727371767AF
:10EB7000FE1F2325F7124101828011C98327050A50
:10EB800093E707082320F50AFD572303F502828047
:10EB900023A0A1A482809767FE1F93872709BC4BFF
:10EBA0009C5799E33E85828003D78701E30CA7FE3B
:10EBB00093878705FDB7011122CC06CE2A84034531
:10EBC00065029307F00F2E866309F5002EC6EF50FD
:10EBD0003EC43246FD572303F4028347A402035781
:10EBE00084049306640293E707062305F40283571F
:10EBF0000404A285F240BA972313F4046244170573
:10EC000000001305C5F705616F505EAD011122CC00
:10EC100006CE2A84034575029307F00F2E866309FA
:10EC2000F5002EC6EF50DEBE3246FD57A303F402B8
:10EC300093067402A2856244F24017150000130582
:10EC4000A5EB05616F509EA9011122CC06CE2A8446
:10EC5000034585029307F00F2E866309F5002EC643
:10EC6000EF501EBB3246FD572304F4029306840284
:10EC7000A2856244F24017150000130585EA05617C
:10EC80006F50DEA503467514ED479765FE1F83D5CB
:10EC900005FC9766FE1F83D646FC1767FE1F0357C9
:10ECA000E7FB2310F51C231EF51A231CB51A231AA3
:10ECB000D51A231BE51A8947630BF60693078014C0
:10ECC000834865142311F51C09481766FE1F1306B7
:10ECD000E6F56392080703568602231DC51A0566EA
:10ECE000130606A9231FC51A6D482E866373B80044
:10ECF0006D46931506012314C51C6D48C1813686E7
:10ED00006373D8006D462312C51C8356E51B03565A
:10ED1000A51B6373D600B2862315D51CBA8663F390
:10ED2000E700BE862313D51C2307B50482808567C0
:10ED3000938707A971B703566602231DC51A1306E8
:10ED400080144DB70347651489468357A51C631E7D
:10ED5000D70283568514938787E899C6B3C7E7021D
:10ED6000938757FD214731A02147B3C7E702938717
:10ED700057FDB3C7E7020357851CC207C18363F37E
:10ED8000E7003E872307E504828085466316D700A7
:10ED90009387C7FB1147F1BF938707FBE1B7835701
:10EDA000451B0357051C411106C663F3E7003E8768
:10EDB000931807018357251C0357651B93D8080137
:10EDC0006373F700BA87139807018356C51B8357EF
:10EDD000851B1358080163F3D700BE860357A51B94
:10EDE0008357E51B13930601135303016373F70065
:10EDF000BA8783467514C2070947C183639AE60040
:10EE00000566130606A942876370C802328729A8DF
:10EE1000032705109316470163CC06000566130609
:10EE200086844287E36406FF13180701135808011C
:10EE3000834665140947639EE6060357A5039306B8
:10EE4000204E3307D70293F6F80F9A061386F63C46
:10EE50009386C64F634406019306C812158F63D389
:10EE6000E7003E87420705664183130606A9BA8775
:10EE70006373C700B287C207C1830356451C13F7EB
:10EE8000F80F9376F30F6316E6040356651C6312BE
:10EE900006050356851C631ED6020356A51C631A7D
:10EEA000F602230E0506EFF0FFE90945B2404101E5
:10EEB00082800327051093164701E3C006FC056610
:10EEC00013068684BE856373F600B28593970501A9
:10EED00065B70546230EC5062312E51C2313051D41
:10EEE0002314D51C2315F51CEFF0DFE501457DBF8C
:10EEF0000357A51B8357E51B411106C66373F70033
:10EF0000BA87034665141397070189464183631B3B
:10EF1000D6068566938606A96373D700B6871397CE
:10EF2000070141838357A51C6387E70085472315A5
:10EF3000E51C230EF5060357651B8357251C6373D9
:10EF4000F700BA8703467514139707018946418372
:10EF50006317D6048566938606A96373D700B687C0
:10EF60001397070141838357651C6387E700854733
:10EF70002313E51C230EF506EFF0DFDCB24001455C
:10EF800041018280856713868784E37DE6F88326C6
:10EF9000051093870780F58FD1F7328761B78567B2
:10EFA00013868784E371E6FC832605109387078028
:10EFB000F58FD5FB328745BF0357A5049547035608
:10EFC000E503B307F7028356A50393D5374063558E
:10EFD000B600118F93173700B3C7D702C207C1839A
:10EFE0002314F5048280832745110D469306F00F04
:10EFF00003C707000D8BA306E5006314C70083C693
:10F000002700A30BD50003C70700418B2309E500A8
:10F0100083C71700230BF50082808347C500CD9B73
:10F020002306F5008280832745110347C50083C767
:10F030000700935637408987B58F858B99C713474B
:10F0400087002306E50001458280054582808327ED
:10F0500045110347C50083C70700935627408D8796
:10F06000B58F858B99E7134747002306E5000145D7
:10F070008280054582808327450E85072322F50E71
:10F0800091E78327850E85072324F50E8327850EB8
:10F0900093F7070891C785472322F50E2324050E11
:10F0A0008347A50293F7070491CF835705040357BD
:10F0B0008504BA972313F5048327450A93F7F7BF0E
:10F0C0002322F50A82808327C50E85072326F50EA5
:10F0D00091E78327050F85072328F50E8327050F62
:10F0E00093F7070891C785472326F50E2328050EB9
:10F0F0008347A50213F7070409C793E7070223050F
:10F10000F50282809767FE1F938747B283A787091E
:10F110000145054791E3828083C6B7006393E6000B
:10F1200005059C43C5BF411122C491452A84014570
:10F1300006C6EF505EB8231BA4041767FE1F0357D3
:10F14000E7B9854763F1E7060355A41C8357641CA0
:10F1500037460F0013060624AA97938717271765CB
:10F16000FE1F03552589B3A5A70281463305F50285
:10F17000EF401026835704040357E40583558405A4
:10F1800005461D8F3307B702832704091383F5FF54
:10F19000130E80023E979767FE1F938727A983A8C7
:10F1A000870963666600B2402244410182803308C9
:10F1B000C603C687FD563A9881E7231BC404E5B70A
:10F1C0006314F4001C40F5DB83AEC7086398BE00EF
:10F1D00083A60709B306D840B3F6B60263E4A600D7
:10F1E0009C43D9BF090675BF1767FE1F035707AFBA
:10F1F000854763F1E70A411122C48357651C2A84BD
:10F200000355A51C37460F0013060624AA979387BB
:10F2100017271755FE1F0355E57DB3A5A7028146A5
:10F2200006C63305F502EF40B01A0346540597674A
:10F23000FE1F9387A79F83A887097D168546130322
:10F24000800263E6C600B2402244410182803387D7
:10F25000660283270409FD553E97C68781E7231B75
:10F26000D404D5B76314F4001C40F5DB03AEC70823
:10F270000328C408631A0E0103A80709B305E84070
:10F2800063640701B305074163E4A5009C43F9B734
:10F29000850645BF82801767FE1F035727A4854751
:10F2A00063F5E70E41119767FE1F9387279822C4E5
:10F2B00003A4870906C626C2A28789EB09EC230EA0
:10F2C0000500B240224492444101828003C7D70125
:10F2D0006DFB9C43DDB76314A40000406DD08347F1
:10F2E000B400D5E30327C4088327C508630DF708D6
:10F2F0000347C50193070008AA84631DF7048357D9
:10F30000A403194693050008231AF506231BF506E6
:10F310008357C403231DF5048357E403231EF50418
:10F3200003558500EF20307F8547A38EF40083C707
:10F33000C40193F7F707238EF400130584062244D3
:10F34000B240924431469305F00F41011713FE1F5E
:10F35000670043758357A503194693050008231AD0
:10F36000F406231BF4068357C503231DF4048357B7
:10F37000E50303558400231EF404EF20D079894768
:10F38000A30EF4005DBF004015BF230E0500828070
:10F39000411126C206C622C41767FE1F03570794F1
:10F3A0008547AA8463F8E71A83278510898B6383CE
:10F3B000071A9767FE1F9387678783A78709BE850C
:10F3C000ADED03D6841C01447D5813062602058644
:10F3D0002D067D55A5EB630E04108347B40003573B
:10F3E000A403D5EB8947231CE404A30AF4040357C0
:10F3F0000406835704042285BA97C1071D8B998F91
:10F40000231FF4048357C403231DF4048357E40328
:10F41000231EF404EFF03FD18327440A93E717003B
:10F420002322F40A8547230AF4008D47A30EF40033
:10F43000B240224492444101828003C7D5016DFB52
:10F440008C41BDBF98436394970051D7BA8783A678
:10F45000070903A7040963E2E6023387E64083A6AF
:10F46000C40863F4E6003377D7026376A7003A85D1
:10F470006373C700BE859C43B1BF158F83A6C708C1
:10F4800063F4E6003377D702E37707FF3A88E37443
:10F49000C7FE3E84CDB783D7A403B3F7E702C9FB09
:10F4A0009D46994763F5E600935717008D0705675A
:10F4B000231AF406130707C88A076353F700BA87AD
:10F4C000231BF4068357C40303558400130650021C
:10F4D000231DF4048357E40393050008231EF4045A
:10F4E000C947A30EF4002244B240924441016F2068
:10F4F0009062ADC103D7A40383D7A503B3F7E70296
:10F50000B1EB8387C40163D707049D46994763F530
:10F51000E600935717008D070567239AF406130733
:10F5200007C88A076353F700BA87239BF40683D77B
:10F53000C40303D5840013065002239DF40483D72B
:10F54000E40393050008239EF404CD47A38EF40042
:10F55000EF20705C238E0400E1BD9757FE1F83C728
:10F56000A749AA85A5E723A201A49757FE1F23AFA9
:10F570000774835765081756FE1F0356A6470327CF
:10F580000509B387C70237460F009306F623130613
:10F590000624B697B3D7C7021756FE1F0346963EFA
:10F5A0003E96636EC7003306C74003A7C50893861F
:10F5B0009502171500001305E53D6F407EDB975758
:10F5C000FE1F9387A742DC433E97F1BF828093875B
:10F5D00001A49843011126CA06CE22CC4AC84EC6C1
:10F5E000AA8451C7BE891757FE1F0357276F854747
:10F5F000631FF70603D464089757FE1F83D7873F1E
:10F60000032505093304F402B7470F001387F723D6
:10F61000938707241759FE1F1309493D3A94335421
:10F62000F402636F85069387818B9C433304854086
:10F630008297636BA406B307A4401754FE1F0344CC
:10F640007434058083A9090001456371F4023745CC
:10F650000F003384874013050524B335A4020356F5
:10F66000890081463305A402EF40805682999307B2
:10F6700000FB2387F4009757FE1F83C7E73795EFFA
:10F6800083C7940262448545F240D2444249B2495C
:10F69000B395F500C205C181014505616F40FEDAF1
:10F6A000832749003E9541B7330785408147E3569C
:10F6B00007F8832749003E94BDBFF2406244D2441C
:10F6C0004249B24905618280411106C6EF104043AC
:10F6D00019C983278511014581E7B2404101828024
:10F6E0009C430505D5BF7D55CDBF9757FE1F93871A
:10F6F000E75383A7470A411122C426C206C62A84BB
:10F70000AE846396A7009757FE1F23A3075C832749
:10F71000041281CB03558400014693050008EF20B5
:10F72000903F8357440481CB035584004D46930595
:10F730001008EF20503E035584001546930510082D
:10F74000EF20703DB240230A9404230504002308EF
:10F750000400224492440145410182808347A50070
:10F760006388073883570508411122C406C626C29C
:10F7700085072310F5088347F500230C05002A842C
:10F7800013F7270005E703570504954763E4E700EF
:10F79000014501A89305E003EFF03FF5A305A4029E
:10F7A0000945B240224492444101828013F7070286
:10F7B00039CF93F7F7FDA307F5008327050A034721
:10F7C000B500A305050293E747002320F50A854706
:10F7D000631FF7028357A5031306204E032745092D
:10F7E000B387C7029756FE1F83C6C61993860605C0
:10F7F000B3D7E702034775033307C702B697C207BB
:10F80000C1832312F5088607BA972311F5088347A9
:10F810001401858BF5CB8357E40503570404639CDF
:10F82000E7288357C4038355C40503458402231086
:10F83000F40683475405231FB4029205A30BF40278
:10F8400083576405F915231CF4028357A405231E6E
:10F85000F402EF401EC58346B4002310040883570A
:10F8600084031757FE1F0357E7186395061EB387D7
:10F87000E702130700321756FE1F130626175042E1
:10F8800093870719B3D7E70203270409D1073E97E7
:10F89000BA866364F7006364C700B306C740835742
:10F8A00084052328D408231DF4028347D40181C78B
:10F8B0002285EFF07F938357A4031757FE1F03574A
:10F8C000671393060032B387E7022311040233D68D
:10F8D000D702B3F7D7029306204E2326C408B38776
:10F8E000D702B3C7E7022310F4028357040423129C
:10F8F000F4028347F40093E70702A307F400834769
:10F900001401F99BA308F40083471401898BB9C73C
:10F910000357E41283570404B306F7401396060115
:10F920006340061A631CF70281470148930484135D
:10F93000232CF412232E04131546930584122685D6
:10F940009710FE1FE78080122685EF10E06B83473B
:10F950001401A306A412F59BA308F4008347140125
:10F9600013F7070125CB8356C414035704043386C9
:10F97000E6409315060163C50514639DE604BD9B2F
:10F98000A308F4008347A41481CB13F72700630373
:10F99000071485472303F4148347B41481CB13F76A
:10F9A0002700630007148547A303F4142285EFF0B2
:10F9B0002FD48347C40799C78327040A93E7071006
:10F9C0002320F40A8327040AA305040293E70720EF
:10F9D0002320F40A8347140113F7070221C31757A2
:10F9E000FE1F1307A724384B1306800583464700E4
:10F9F0001857B386C60236978356C70103570404C7
:10FA00003387E64013160701634A06000357C41400
:10FA10006316D70093F7F7FDA308F4008347A40209
:10FA200093F70704E38607D6035764048357040457
:10FA3000E310F7D6034704019307A0046315F7000A
:10FA400085472308F4008327440A93E707402322CD
:10FA5000F40A3DBB8346441783558405A18A99CE99
:10FA600003560404835664170355A403918EB3868A
:10FA7000A602B3C6B602B296231BD41695CBB30723
:10FA8000F702130700321756FE1F130626F65042E0
:10FA900093870719B3D7E702032704093E97BA866D
:10FAA0006364F7006364C700B306C7402328D40823
:10FAB000231DB40209B5998F13970701E35607E494
:10FAC000930580022285EFF05FC2A305A40213050F
:10FAD0008002C1B9918B99C389476DBD230304147A
:10FAE00065BD918B99C38947C1B5A30304147DBD3E
:10FAF0000545828005C541119305200222C406C632
:10FB00002A84EFF09FBEFD57A305A402230804003A
:10FB1000A303F402B24022444101828082800DC9D5
:10FB2000411122C406C68347F5002A849305E003E9
:10FB3000898B91C3A145EFF05FBBFD57A305A402DC
:10FB4000230804002304F402B240224441018280CD
:10FB500082808327050A797122D406D626D24AD01C
:10FB60004ECE52CC56CA2A846387073613F7270035
:10FB700019CBF59B2320F50A0355850019469305FB
:10FB80000008EF2040798327040A13F747004DC38C
:10FB9000ED9B2320F40A8347A40293F7070491CB3B
:10FBA0008327440A228593E707402322F40AEFF0D3
:10FBB000AFC00347B400854703464401835624067B
:10FBC000631AF76C8357A4031307204EB387E70229
:10FBD00003274409B3D7E7021757FE1F034787DA05
:10FBE00013070705BA97C207C1830347B40223125C
:10FBF000F40886072311F4089307000819C3930734
:10FC00000004230EF40019E68347A40293E71700CB
:10FC10002305F40281EA035584000D46930500088C
:10FC2000EF20606F23110406230A0400A30E0400D2
:10FC30008327040A13F787000DC303558400DD9B57
:10FC40002320F40A154693050008EF20C06C834773
:10FC5000A40293E747002305F4028327040A13F75D
:10FC6000070139C7BD9B2320F40A8347D4040355F9
:10FC70008400214689C7A3060404130600039305E4
:10FC80001008EF2040698347C40489CF832784107C
:10FC9000C18B89CB8355A40422859205C205C181FD
:10FCA000EFE07FF18347A40293E717002305F402F6
:10FCB0008327040A13F7070415CB0347F40493F7CB
:10FCC000F7FB2320F40AA14763FBE7008347B40056
:10FCD00099E78327440A93E707012322F40A03558F
:10FCE0008400314693051008EF20E0628327040A60
:10FCF00013F7070245CB8346B40093F7F7FD2320A3
:10FD0000F40A0327C4108327841099EA137707089D
:10FD100001CB0327440A37064000518F2322E40A0F
:10FD200093F707026383075AADE28357641B0357B7
:10FD3000641C6304F7028346741409476391E65810
:10FD40000567130707A9637AF7008327440A056745
:10FD500013070780D98F2322F40A8357A41B035764
:10FD6000A41C6304F702834664140947639CE654A9
:10FD70000567130707A9637AF7008327440A056715
:10FD800013070780D98F2322F40A035584001146F4
:10FD900093050008EF2020588347A40293E717003B
:10FDA0002305F4028327040A13F7071005C7035538
:10FDB000840093F7F7EF2320F40A230E04061D4670
:10FDC00093050008EF2020558347A40293E717000E
:10FDD0002305F4028327040A13F7070809CF035504
:10FDE000840093F7F7F72320F40A130670059305B0
:10FDF0001008EF2040528327040A13F7072031C36D
:10FE000093F7F7DF2320F40A83476414230F0400D9
:10FE1000A29703856716A301A414EF500FFF2301D7
:10FE2000A4142285EFE01FF20355840031469305A8
:10FE30000008EF20404E8347A40293E717002305F4
:10FE4000F4028327040A1397270163570700797781
:10FE50007D17F98F2320F40A8327040A13970701DB
:10FE6000635A0704834504031755FE1F034535DC19
:10FE7000EF401EDC8357A4031307204E232AA40857
:10FE8000B387E70261777D17B3D7A7021755FE1F27
:10FE9000034545AF13050505AA972312F4088347C8
:10FEA000A40293E717002305F4028327040AF98FBD
:10FEB0002320F40A8327040A858B91CF8347A40269
:10FEC00083454405228593E717002305F402EFF0EC
:10FED000DF81A305A4028307141685C70307440323
:10FEE00099463306F74063D9C63E8327440AB706CE
:10FEF0001000D58F2322F40AED57A302F416A300B5
:10FF0000E4168347A41613F7270045C3830644036A
:10FF10000307241663DCE6000327440A37061000B3
:10FF2000518F2322E40A1147A302E4160307341673
:10FF3000635CD7000327440A37061000518F232241
:10FF4000E40A7157A302E416030704161306F00728
:10FF5000630CC7020346D4160345E416158F6207E7
:10FF60006187B306A6406355D73893F607016391BE
:10FF7000063893F7F7F893E707012305F41683573C
:10FF8000041785072319F4168357241799CFFD17F3
:10FF9000C207C1832319F41689EB035584001306A5
:10FFA000000293050008EF2000378347A400B9C37F
:10FFB0008327041299CF8347A40181EF035584005E
:10FFC000014693050008EF20003501E58547230D24
:10FFD000F4008357440499CF8347140381EF0355FA
:10FFE00084004D4693051008EF20E03201E5854777
:10FFF000A308F4028347441713F7070169CBBD9B9D
:020000022000DC
:10000000230AF4168327440A898BF1E3034704018A
:10001000D547630EF70A83471401898BCDEB8144E2
:10002000814901498D4A130A50021397840161875F
:1000300093773700098722970347D7178607B39727
:10004000FA007D8F638BE700268605458145EF30FA
:100050007035B3E9A9003369B9008504E39744FD1D
:10006000032584138325C413337535012AC4B3F5DE
:10007000250128002EC6EF0030798347541363E032
:10008000A702034544037D578547591562052C0097
:1000900061853AC43EC69710FE1FE780803403276F
:1000A0008413A2476317F7000327C413B247630002
:1000B000F70215462C00130584129710FE1FE780E7
:1000C000E09A8327440A93E727002322F40A834611
:1000D0004417A54713F796006316F7040357040463
:1000E000835764176360F704B307F740139607015B
:1000F000634A0602834754171306000A0507B387AD
:10010000C7020356A403DD9A230AD416B3C7C70255
:10011000BA97231BF4168327440A37078000D98F28
:100120002322F40A8347A402E1CB918B91CF0346AB
:100130000401C165938505A02285EFE03FAD8347AB
:10014000A402ED9B2305F4028347A402858B8DC393
:10015000034574029307F00F6307F500EF404EEB81
:10016000FD57A303F4028347A402F99B2305F4027D
:100170008347A402898B91CF8355E403034584020E
:100180009205F915EF40EEB18347A402F59B2305D4
:10019000F4028347A402A18B85C38355E4030D4673
:1001A00022859205F915C205C181EFE03FA683477C
:1001B000A402DD9B2305F4028347A40213F7070181
:1001C00001CF0345640293F7F7F82305F402EF40EB
:1001D0002EE4FD572303F4028347A40213F707021A
:1001E00001CF8355A4040345640293F7F7FD23056B
:1001F000F4029205EF40EEAA8347C40193F7070C7F
:1002000089CB0347B400854722856313F712EFF0CB
:100210002F9883570404B5C713074006B3F7E702C6
:10022000ADE39387C1A39C43898BA1C79744FE1F6D
:100230009384C473985815CF9757FE1F83D707A090
:10024000C2079755FE1F83D5859FDD8D25450297F3
:100250009C589755FE1F83D5459E294582979C58EB
:10026000831524032D4582979C588305440331450B
:1002700082979757FE1F2392079C9757FE1F23AF25
:10028000079AB250225492540259F249624AD24A11
:100290004561828093070004230EF40019E683472A
:1002A000A40293E717002305F402E39F0696035583
:1002B00084000D4693050008EF20E005B5B2130752
:1002C000801451B4130780147DB48327440A7D77CA
:1002D0001307F77FF98F45BC998FE3D4F6C28327C4
:1002E000440AB7061000D58F2322F40A954731B18E
:1002F0008346B4168345C4163388B600635BE800B2
:1003000013F807046317080093F7F7F893E7070457
:10031000ADB12A96E34AC7C68D8EE3C7E6C613F78A
:100320000702E31307C693F7F7F893E70702B1B1A3
:10033000EFE07FF6F9BD01119757FE1F9387078FF6
:1003400022CC03A4070A26CA9747FE1F83D7876AD1
:1003500083546408032504094AC8B384F402B747E8
:100360000F001387F7239387072406CE4EC652C487
:1003700056C21749FE1F13096967BA94B3D4F40231
:10038000636F95029389818B83A70900B30495401D
:10039000829763EAA402898C63CB04028357040426
:1003A000A30F040085072310F40483470414639506
:1003B000071222859720FE1FE780008C1DA283274D
:1003C00049003E95C1B783274900BE94E9B783A78A
:1003D0000900829703278408636AE50A198D835709
:1003E000E4031747FE1F0357E7608E07B387E70252
:1003F0001307003293870719B3D7E70263EDA70805
:10040000374A0F00930AFA23130A0A248357040475
:1004100085072310F4048347041491E7228597206D
:10042000FE1FE78060852285EFF04FB3631A052633
:10043000832604098327C40803274900B6973E850D
:1004400063E4D70063E4E7003385E7408347F401C2
:10045000835464082328A4088507A30FF400974752
:10046000FE1F83D72759B384F402D694B3D4440330
:10047000636C9504B304954083A70900829763E9F0
:10048000A4043385A440E34305F809BF832749004A
:10049000998F3E95A9B7A1452285EFF00FA5A30539
:1004A000A4029747FE1F9387674C03A307036309C2
:1004B000031E6244F240D2444249B249224A924A5F
:1004C0008945154505610283B3049740AA946DB729
:1004D00083274900BE9475B722859720FE1FE780C9
:1004E00000842285EFF08FA7631C051A83576408E8
:1004F0001745FE1F03550550B7460F00B387A702E7
:100500001386F6239386062403270409230B04028B
:10051000032A4900B297B3D7D702636CF718B30721
:10052000F7408326C4082324F408814AB387E600F1
:10053000BE8463E4D70063E44701B3844741835733
:10054000040223289408B1CB8356040403574402C1
:1005500037460F002312D4023387E640B387E70201
:10056000035724021306062481468145BA97C20721
:10057000C1833385A7022311F402EF30606511CDEA
:100580002695B3349500AE94AA8763949A00636469
:100590004501B30745412328F40883A70900829742
:1005A000AA8483A709008297E30D95FE83A709001B
:1005B00083248408829763E3A4103385A440630CEA
:1005C0000510835764089749FE1F83D9A942B74491
:1005D0000F00B38737031387F42393840424BA9757
:1005E000B3D797021747FE1F0347D739BA9763E47B
:1005F000A70EB3359502035924024E868146330572
:100600009502EF30E05C330AA90033053903374621
:100610000F001306062481468145EF30605B05C15B
:10062000B33795024E868146B385B4023385A40262
:10063000BE95EF30E0593305A9402311A40235459A
:10064000EF506FBF9747FE1F23A287688346B40011
:1006500005479747FE1F83C7273A6395E6061307AA
:1006600000FD2307E40099E78145938781A488432F
:10067000EF40EEA69386019A904295471747FE1FDA
:10068000A307F74E5846F977FD17F98F5CC60F1090
:1006900000009C428966060A94C723A24707D8C770
:1006A000F2406244D2444249B249224A924A056128
:1006B0008280B3064701B387F640A5B5832749007A
:1006C000BE94E5BD130710FC2307E400C5F7814580
:1006D0009387C19869BF9747FE1F23A9075E974775
:1006E000FE1F83C76731CDFF83479402854562446F
:1006F000F240D2444249B249224A924AB395F500A7
:10070000C205C181014505616F303ED4011122CC83
:100710004AC84EC606CE26CA52C456C25AC003475D
:10072000B50085472A842E8983290509631DF71E94
:1007300083570508035BC503974AFE1F83DA8A2B9C
:10074000174AFE1F130A8A2A63F7671B83460501AF
:100750006393E61A03278511631F07180327450AC9
:10076000631B07188346F5001D476396E61803557B
:10077000A503330BFB409307204E33056503832409
:10078000440937460F008146130606243305F50257
:100790009747FE1F83C7071FB3549502B3B5AA023C
:1007A000BE94C204C180231394083385AA02EF309B
:1007B0002042B307350133B5A7002E953E87832627
:1007C0004A0019E163E4D7003387D740B384540368
:1007D000B7460F009387F623938606242320E9006B
:1007E000A697B3D7D702DA976361F7101D8F23203E
:1007F000E9009389818B83A70900832409008297EC
:1008000063E6A4123385A4406355050C83A7090051
:100810008297032709006362E512198D8357E40369
:100820001747FE1F0357071D8E07B387E7021307FD
:10083000003293870719B3D7E70263E8A710374A56
:100840000F00130BFA23974AFE1F938A2A1A130AE2
:100850000A248357040485072310F40483470414EF
:1008600091E722859710FE1FE78000412285EFE087
:10087000FFEE65E9832604098327C40803A74A001D
:10088000B6973E8563E4D70063E4E7003385E7402D
:100890008347F401835464082328A4088507A30F21
:1008A000F4009747FE1F83D7E714B384F402DA9469
:1008B000B3D444036366950CB304954083A7090041
:1008C00023209900829763E1A40C3385A440E3427E
:1008D00005F89747FE1F83C7F70A63E5A708974700
:1008E000FE1F23A5873E0145B5A883264A00B3878E
:1008F000F6403E97EDBD8354640837470F009307D9
:10090000F723B3845403BE9493070724B3D7F402A8
:1009100063E7F900B387F9402320F900D9BD032725
:100920004A00BA99C5BF23A03501E1B59747FE1F1C
:100930009387C70BDC43BE94F1B59747FE1F93879F
:10094000E70ADC43998F3E95D1BDA1452285EFE0B2
:10095000DFD9A305A4029747FE1F938727019C5B5D
:1009600081EF7D55F2406244D2444249B249224A65
:10097000924A024B05618280894515458297D5B719
:10098000B3049740AA941DBF83A74A00BE9435BF05
:1009900025C101116C0022CC06CE2A84EFF01FD7AE
:1009A00029C5FD576308F5029746FE1F938606FC8E
:1009B000D45232479747FE1F83C7D7FC91C2858325
:1009C000636EF700B307F7403EC6B2450345940295
:1009D000EF30DEB8F2406244056182809746FE1F28
:1009E0009386C600D4423697F1BFEFF0DF94DDB7AF
:1009F0008280411122C406C62A8483278411CDEF48
:100A000083270412E1EF0325041109C59710FE1F87
:100A1000E78060EB034574029307F00F6304F50071
:100A2000EF301EDF034564029307F00F6304F50007
:100A3000EF301EDE034584029307F00F6304F500D8
:100A4000EF301EDD034594029307F00F6307F500B6
:100A5000EF301EDCFD57A304F40203558400552437
:100A60009747FE1F83D78727A1E723A201A49747B3
:100A7000FE1F9387A7F7DC431747FE1F232EF7249B
:100A80009747FE1F938787EE9C479DC39747FE1F9E
:100A9000938787F1885309CD9710FE1FE780A0E266
:100AA0009747FE1F23A207F29747FE1F23A007F2D6
:100AB000B240224441018280C84309C59710FE1FFD
:100AC000E78060E08327841103D7A700136707F04E
:100AD0002395E7009C43232CF41005B7C84309C5B0
:100AE0009710FE1FE78020DE8327041203D7A7009C
:100AF000136707F02395E7009C432320F41209B7FE
:100B00009747FE1F9387871283A7870999E33E853E
:100B1000828003D78700E30CA7FE9C43C5BF97479D
:100B2000FE1F9387A71083A7870A1747FE1F034757
:100B3000D7E44166050781467D1683D5A700638902
:100B4000A5006387C5008506C107E3E8E6FE814787
:100B50003E8582809747FE1F9387470D83A7870AAC
:100B6000C9EF411122C41744FE1F0354040F13049C
:100B7000140215844AC016041749FE1F0349F9DF01
:100B80000509420426C241809314490033059400AC
:100B9000420541819305402406C69710FE1FE78059
:100BA00020C605C59747FE1F23A6A7129746FE1F1E
:100BB00083C6B6DC33079500B306D94081471306D8
:100BC00040F5930520F563E82701B24022449244A2
:100BD00002494101828063FDD70058C12315B50049
:100BE00022978507C207A3040500C1834105E1BF21
:100BF0002315C50023220500EDB78280411193051E
:100C000030261305001D06C622C426C29710FE1FFB
:100C1000E78000BF1306001D81452A849700FE1F50
:100C2000E78040E8014515C89744FE1F93840400FF
:100C300083A6840995CA3687854703568700630EC5
:100C4000F60618437DFB2314F400A9EB22859710C8
:100C5000FE1FE78040C703558400B24022449244FF
:100C6000410182803687D1BF85472314F40017479E
:100C7000FE1F232987041747FE1F232787041747D2
:100C8000FE1F231DF704EFF0FFEC83A7C40923A088
:100C90000700230504002307040075BF83A7C409C8
:100CA00080C39747FE1F23A1870283D7040B8507C4
:100CB0001747FE1F2314F702C9BF138717009317A6
:100CC000070113160701C183E35E06F88147A5BF3C
:100CD0009747FE1F938787F503A5870A11CD41111A
:100CE00006C69710FE1FE78000BEB2409747FE1F62
:100CF00023A207FE410182809747FE1F23AC07FC19
:100D00008280411122C41744FE1F130424F283265B
:100D1000840906C60147B687A5C703D687006317AF
:100D2000A60615EF98429746FE1F23ADE6F83E85CE
:100D30009710FE1FE78020B98327C40923A007006E
:100D40009747FE1F83D787F99DE7EFF07FF8974716
:100D5000FE1F23A907F6B240224441018280832668
:100D6000C4096397F6009746FE1F23AFE6F4C1B7A8
:100D7000944314C36DBFFD171747FE1F2310F7F6EA
:100D80009747FE1F83D787F5F9F7C1B73E879C4386
:100D900061B7714681451745FE1F1305A5F217037C
:100DA000FE1F670023D08327C50803568508797185
:100DB00093D60701BD8EC206C182358E1357764089
:100DC00093575640898B058B5D8F93573640918B97
:100DD0005D8F93571640A18B5D8F93171600C18BC3
:100DE0005D8F9317360093F707025D8F93175600B8
:100DF0009355860093F707041E065D8F1376F60F52
:100E0000518F93D7554013D63540118A898BD18F96
:100E100013D67540D18F13D61540218AD18F1396E2
:100E20001500418AD18F1396350013760602D18FB3
:100E300013965500137606049E05D18F93F5F50F92
:100E4000CD8FA20745465D8F3307C70222D42A847F
:100E500026D252CC56CA032A040A832A440A5AC804
:100E600006D636974207418393577740135557402C
:100E70000989858BC98F135537401189C98F13553F
:100E800017402189C98F131517004189C98F131580
:100E9000370013750502C98F131557009355870046
:100EA000137505041E07C98F1377F70FD98F13D554
:100EB000354013D755401189098B498F13D575409B
:100EC000498F13D515402189498F13951500418904
:100ED000498F1395350013750502498F13955500F9
:100EE000137505049E05498F93F5F50F4D8F220765
:100EF000D98FB387C7024AD04ECE5EC662C4B697BA
:100F0000C207C18313D7774013D557400989058B92
:100F1000498F13D537401189498F13D5174021893F
:100F2000498F139517004189498F13953700137521
:100F30000502498F1395570093D587001375050453
:100F40009E07498F93F7F70FD98F13D5354013D7E5
:100F500055401189098B498F13D57540498F13D599
:100F600015402189498F139515004189498F1395A3
:100F7000350013750502498F139555001375050447
:100F80009E05498F93F5F50F4D8F2207D98FB387B3
:100F9000C702130650025285D685B697BD8E93942C
:100FA0000601C18033F6C402137BF60FEF20D03C5C
:100FB00005891DE98347140801498149B3849702D3
:100FC000130C5002C1804A865285D685EF20D03A54
:100FD0000589937BF90F11C563863403850993F95D
:100FE000F90F0509E31189FF230F6407B25022545A
:100FF00092540259F249624AD24A424BB24B224CB5
:10100000456182805E8BCDB783471500034725007D
:1010100083464500A2074207BA9703470500FD8AA9
:101020000548BA970347350093050002014562075A
:10103000BA9701473316E8007D8E01C60505137582
:10104000F50F0507E318B7FE8147214633D7F64071
:10105000058B01C705051375F50F8507E398C7FED6
:101060008280011152C656C4032A8513832AC513F0
:1010700022CC26CA4AC806CE2A84A30B0512A30690
:10108000051281441309500226865285D685EF2029
:10109000B02E058911C58347D4128507A306F41223
:1010A0008504E39324FFF2406244D2444249324A29
:1010B000A24A056182801747FE1F034757AB954739
:1010C000630BF7009747FE1F938707AA83C7770034
:1010D0000D47631FF7009747FE1F83C777A9639BE0
:1010E0000710930770101747FE1F2313F7A882807D
:1010F00041119747FE1F938767B30D4522C426C24F
:1011000003A4070906C64AC0EF40FF92938741999E
:10111000944337C7898E130767ED98C63757550034
:1011200013075755D8C20347A4039306F00FBE8494
:101130006307D700FD57A30CE402230DF402034517
:10114000940389476306F5008547A30CF402014523
:101150001389019A032709000146930550025C4355
:1011600093E717005CC3930720FB2303F4009D471C
:101170001747FE1FA30DF79E9747FE1F2386079E66
:101180009747FE1F2384079EEF406FE30326090065
:101190009747FE1FA38C079C9747FE1FA386079CBB
:1011A00085471CC29C40B705330098431377F7E787
:1011B00098C398431377F7E71367071098C313870B
:1011C000819A18431447CD8E14C79306900D34CAE4
:1011D0005457F59A54D7034754009376F70798432A
:1011E000137707F8558F98C3B240224492440249BE
:1011F000410182808280411126C29734FE1F938470
:10120000A47A22C42A8403C53400C14506C6EF303F
:10121000AEDB03C5340093050002EF30EEDA9747EA
:10122000FE1FA38607942302040023130400B24088
:10123000224492444101828041119747FE1F9387C7
:10124000E79E22C406C61747FE1F0347779203A4F2
:1012500007099747FE1F9387279101CF9746FE1FE7
:1012600083C606910D476396E6001747FE1FA3014C
:10127000079003C77700A1466387E60003C777009E
:101280009946639DE60083C777001747FE1F230139
:10129000F78E85471747FE1FA30CF78CEF404FF2E0
:1012A0002285EFF05FF51306300293050008014533
:1012B000EF106006034504049307F00F6307F50081
:1012C000EF300ED5FD572300F404B2402244410113
:1012D00082805D71CAC01389019A83260900A2C465
:1012E00052DC56DA86C6A6C24EDE5AD85ED662D424
:1012F00066D26AD06ECE9307000A138A4199FCD257
:1013000083270A00938A819AB7053300D8572A8425
:10131000719B13671700D8D798431377F7E798C3E3
:1013200098431377F7E71367071098C303A70A00DA
:1013300010474D8E10C71306A00DB0CA5057759AAE
:1013400050D70347E5071376F7079843137707F855
:10135000518F98C3D842370600827D16799BD8C238
:10136000034785061377F70393169701D857718FB4
:10137000558FD8D737170040930770052300F7041F
:10138000930780FA2300F70483068506B54763DADE
:10139000D72E8357270293E707012311F7028327EC
:1013A0000A000327C40893053002054598C70327A0
:1013B0000409D8C39737FE1FA389077AEF30BE8F81
:1013C00064449D472308F400230FA4062380F400FF
:1013D0008547A38104002381F4007C4893F707200C
:1013E0009DCB9147A381F4008347E40A8346D40A46
:1013F00078449A07D58F2302F70083C724008146DB
:1014000085072381F4000346040B8345D40A034572
:10141000E40AEF408FCB7C4893F70740B1C303C782
:1014200034007C4483C6240013678700A381E40052
:101430000357A408B697A381E70083C72400784424
:101440008346F4073E978357A4089206A183BD8B79
:10145000D58F2302F70083C7240089072381F40076
:1014600003C62400035744089307D00F918F973980
:10147000FE1F9389A97B63D2E722034704088947AB
:101480006309F7208546930780426305D700856787
:101490009387878479479387771BB3C7E70283C60F
:1014A000890793E606019735FE1F238DD57E832697
:1014B000090085658CC63387E7020607B8D283C664
:1014C000340093E60601A381D40078448346E40700
:1014D0003297A301D70083C62400784436972302AD
:1014E000F70003C724007444A187BA960347040891
:1014F0001607D98FA382F60083C724008D072381A6
:10150000F4008347040693F7070485C703C7340034
:101510007C4483C6240013670704A381E4000347C7
:101520005401B697A381E70083C724008507238170
:10153000F4008347C4070547C11793F7F70F6366A5
:10154000F70603CB240015469735FE1F9385657E6D
:1015500093073B00032BC4043E9BA1472300FB00E1
:1015600093078002A300FB0013052B0097F0FD1FDB
:10157000E780C04F0347C407C1476319F712835779
:101580008408A1072311F408C547230EF4068347F6
:101590002408A303FB0083572408A1832304FB0032
:1015A00083C72400A5072381F40003564408014B98
:1015B00031C203C7240068448325840A9307370097
:1015C0003E9583C73400C18B638C070E795B330B68
:1015D000EB40137BFB0F5A8697F0FD1FE780004915
:1015E0008327840ADA973CDC83574408B387674132
:1015F0002319F40603C72400814517D5FFFF1305FF
:1016000085CD9377F70385073E9B137BFB0FA308DC
:1016100064012381E4007C44856B9164A3806701AD
:10162000930770F97844A305F40083270900B70CE9
:101630003300130DA00DB8DBEF306EAA0346140182
:101640008345040801451D4B9700FE1FE780E0C954
:1016500093840429EF40CFB6938D8B8483C7890789
:10166000C18BB5E7B640264496440649F259625A02
:10167000D25A425BB25B225C925C025DF24D6161C8
:10168000828083572702C207C183BD9BC207C183E3
:1016900029B3916793870729F5BB83C7890793F718
:1016A000F70E1737FE1F230FF75EA1BD03578408FF
:1016B00083572408998F0947E34BF7ECC947F1B5E5
:1016C00097F0FD1FE780803A034B440825B783C796
:1016D000890793F70702E5DF83C789070326090017
:1016E00093F7F70C1737FE1F230EF75A9307000ADC
:1016F0007CD283270A00D857719B13671700D8D76D
:1017000098431377F7E798C398431377F7E713677E
:10171000071098C303A70A001447B3E6960114C73D
:101720002328A6055457F59A54D70347E407937620
:10173000F7079843137707F8558F98C3032CC40411
:1017400023086401054723006C01A3010C00230159
:10175000EC0078481377074005CF2147A301EC0040
:1017600078448356A4082302D70003472C0074440E
:101770000346F407BA960357A408120621833D8B4B
:10178000518F2382E60003472C0009072301EC0058
:1017900083452C00835624071307E00F0D8F6355F4
:1017A000D70883460408094626876388C60005468D
:1017B000130780426383C6006E87F9461307771BC1
:1017C0003347D70203C68907136606019737FE1F02
:1017D000238AC74C0326090023247601B306D702C7
:1017E000860634D203463C0013660601A301CC00F2
:1017F00074440346E407AE96A381C60003462C005A
:101800007444B2962382E60083462C0070442187FC
:101810003696834604089606558FA302E6000347D2
:101820002C000D072301EC0003562407014721C2B9
:1018300003482C0083463C00684413073800C18AE3
:101840003A952C5CB5C67957330707411377F70FE4
:101850003A863AC697F0FD1FE7804021345C324754
:10186000BA9634DC83562407998E2319D40603468E
:101870002C0001459376F603850636971377F70F0C
:10188000A308E4002301CC007C44A380E7000346C6
:10189000140183450408930770F9A305F4009737F2
:1018A000FE1FA384072C9700FE1FE78000A47DB3D2
:1018B00097F0FD1FE780801B0347240723190406C8
:1018C0007DB78347C507638A0722411122C406C634
:1018D00026C24AC049472A84639CE7020357250869
:1018E000835785086316F7029304050A1546973552
:1018F000FE1F93850544268597F0FD1FE78000179E
:101900002685EFF06FF09147A300A408230EF4069C
:101910002285EFF04FC90945EF40EF910347C40717
:101920008D476314F70A9147230EF4067C48173756
:10193000FE1F1307A72F93E787007CC883479707ED
:10194000898BEDDF8347970793F7C70F1737FE1F84
:10195000A30AF7349387818B9C43829703576408CB
:101960009737FE1F83D70709232AA4083307F702F6
:1019700093070032130707193357F7029737FE1FF3
:101980009387C706DC43B306E500368663E4A6000A
:1019900063E4F6003386F640232CC4089736FE1F16
:1019A00083C656FE6360D602158E9306D407A285C1
:1019B00017050000130525F1EF209E9B2285EFF00F
:1019C0005F91B5A8958F3E96CDB71389818B8327FC
:1019D00009008297AA84832709008297E38DA4FED9
:1019E0008327090083248409829763E5A40633854D
:1019F000A4409737FE1F83C7F7F89734FE1F83D4A0
:101A000064FF63E3A70031ED8357640813070032D6
:101A10001736FE1F130686FDB38797025042938741
:101A20000719B3D7E702032784093E97BA86636490
:101A3000F7006364C700B306C740232CD40883575C
:101A40008408B240924485072314F40822440249D2
:101A5000410182809737FE1F938747F9DC43BE948C
:101A600079B79737FE1F83C7F72393E71700173718
:101A7000FE1FA309F72237470F0013070724B335CA
:101A8000E5029387019A03A90700A167268623240C
:101A9000F90081463305E502EF2080130605232671
:101AA000A9061737FE1F1307671883479707898B07
:101AB000EDDF834797071736FE1F130626F35042C4
:101AC00093F7C70F1737FE1FA30EF71C8357640841
:101AD00013070032B387970293870719B3D7E7023A
:101AE000032784093E97BA866364F7006364C700DE
:101AF000B306C740232CD408D1B5828097070000D5
:101B0000938767DC1737FE1F232CF7188280014567
:101B10008280411106C6EFE0BFFEB24013351500CA
:101B20000605410182806FF0DFFE411106C6EFE03D
:101B30003FFD0DC10357C5058356A505035665072F
:101B40008355450703558500EF70EFEC0145B24022
:101B5000410182800945E5BF011106CE22CCEFE0AC
:101B60003FFA59C10346B50005472A849737FE1F3F
:101B70009387C70B6316E604B853094515CF034690
:101B80000403834657048358E4030358C40383576C
:101B9000A403835584000345B4021307670432C0CD
:101BA0000546EF70AFE58347F400A3050402014545
:101BB00093E71700A307F400F240624405618280B6
:101BC00003A7070909456DDB834657078358E403DC
:101BD0000358C4038357A403835584000345B40208
:101BE0001307670702C075BF0945F9B7011122CC79
:101BF00006CE2A84EFE0DFF02DCD8347B502034700
:101C0000A51523138100A302F10083479515A304B2
:101C1000E1002304F100A9E38347D5150307F51577
:101C20002306F100830735142305F100631DF70037
:101C30008947A305F1004800EF70AFE10145F2408C
:101C40006244056182800307E5156314F700854748
:101C5000CDB7A3050100C5B7834705162305F100DD
:101C60008347B515A305F100834755162306F100F8
:101C7000D9B70945E9B7011122CC06CE2A84EFE095
:101C80003FE829CD83070516A304810021802305A1
:101C900081001307F007638FE70203474503998F1D
:101CA000A305F1008347A51613F7070101C7230613
:101CB000010039A093F7070281CF85472306F10081
:101CC0002800EF70EFD80145F24062440561828040
:101CD0008947EDB7FD57A305F100D1BF0945EDB721
:101CE000411106C6EFE0DFE119C98345051403552C
:101CF0008500EF70AFD50145B240410182800945B2
:101D0000E5BF9375F50F01112E8506CE22CC2EC6A8
:101D1000EFC06FA00DC12A8483460507B245034575
:101D200075010546EF700FD20145A30B0400F24088
:101D30006244056182800945DDBF411106C6EF702E
:101D40002FD0B24001454101828041119737FE1FDB
:101D50009387C7ED22C4E05F06C6094511C8035545
:101D6000A40BEF70AFCD9307F00F231DF40A0145CC
:101D7000B2402244410182809737FE1F938707EBD0
:101D8000FC5F99CB41111385870B06C6EF70CFCA54
:101D9000B24001454101828009458280411106C659
:101DA00022C4EFE0FFD50DC98346751403466514C0
:101DB0002A84835585000345B5028506050693F6FA
:101DC000F60F1376F60FEF70EFC60145A305040278
:101DD000B2402244410182800945DDBF397106DEEF
:101DE00022DC26DA4AD8EFE0BFD1630A0516834623
:101DF000B50005472A849737FE1F938727E3639131
:101E0000E60CA4530945D9C483C744041946898BF9
:101E1000C1CB8C5883C7A500C1C7B105280897F06E
:101E2000FD1FE780A0C483C75404138964041946C6
:101E3000898BB5CFCA85081097F0FD1FE78000C3D6
:101E40008C5819469105281097F0FD1FE78000C2B5
:101E5000834704038358A40383C654040346B40091
:101E6000835584000345B4023EC48357E40313083A
:101E7000010238103EC28357C4033EC03C08EF70D5
:101E80000FBA8347F400A3050402014593E7170046
:101E9000A307F400F2506254D25442592161828067
:101EA0008145280897F0FD1FE780C0BFADBF814581
:101EB000081097F0FD1FE780E0BE1946CA8561B79C
:101EC00083A407090945F9D483C744061946898BB9
:101ED000B5C393856406280897F0FD1FE78000B915
:101EE00083C74407138964071946898BB9CBCA8510
:101EF000081097F0FD1FE78060B783A544081946D6
:101F00002810910597F0FD1FE78040B683A744088D
:101F100083C7370093E72700A38AF4068358A403F6
:101F200083C654070346B400835584000345B402B6
:101F300002C425BF8145280897F0FD1FE78080B6C1
:101F400045B70810814597F0FD1FE780A0B51946F9
:101F5000CA85281097F0FD1FE78040B1C1B7094539
:101F600015BF411106C6EFE0BFB90DC10357651C8F
:101F70008356451C0356A51C8355851C03558500B7
:101F8000EF70AFA90145B240410182800945E5BF2C
:101F9000411106C622C4EFE0BFB60DC92A8403571B
:101FA000C5058356A50503566507835545070355A3
:101FB0008500EF700FA683471401014593E74700A2
:101FC000A308F400B2402244410182800945DDBFEC
:101FD000411106C6EFE0DFB20DC183478519034604
:101FE00075199305F51803558500A2075D8EEF70EE
:101FF0000FA20145B240410182800945E5BF411170
:1020000006C622C4EFE0DFAF0DC12A841306051017
:10201000835585000345B502EF702F9F0145A30549
:102020000402B2402244410182800945DDBF4111D2
:1020300006C622C4EFE0DFAC05CD0347B5028547F5
:102040002A846314F700A30505020345B40203576D
:10205000C4058356A4050356840583558400EF7098
:102060008F9A0145A3050402B240224441018280B7
:102070000945DDBF01111375F50F06CEEFB0BFE9BD
:1020800039C99737FE1F938767BA83A7070E93F75F
:1020900007209DC302C402C202C081480148814793
:1020A00001478146054681451305C003EF702F9710
:1020B0000145F240056182808346D5031307E5039D
:1020C00002C0814801488147054681451305C00388
:1020D000EF70CF92F1BF0945E9BF9737FE1F938795
:1020E000E7B403A70709094529CB83A7070E011108
:1020F00006CE93F707208DC302C402C202C08148F6
:10210000014881470147814601468145EF702F9183
:10211000F240014505618280835807020358A701F8
:102120008357070583465707014602C01307670711
:1021300081450945EF708F8CE1BF82800145828027
:10214000014582800145828001458280014582806F
:10215000014582800145828001458280014582805F
:10216000014582800145828001458280014582804F
:10217000014582800145828001458280411106C669
:1021800022C403470500930700086315F7020347BD
:10219000150093065002854763E4E6069747000062
:1021A000938747900A073E971C4303552500829763
:1021B0008147B9A09306100885476313D7040347E6
:1021C0001500CD466308D70E63E3E602A146630D12
:1021D000D708B146630DD70A95466313D702035556
:1021E0002500EFE0FF912A8415E9894711A893069D
:1021F0000003630FD70E63EAE600E946630FD70CCE
:10220000B24022443E854101828093077005630FEE
:10221000F70E930717F0B337F000DDB7832785116A
:1022200095C7035645040506420641829C431307A1
:102230001600420741839DE72312C40401CA835557
:1022400084000545EF607FFA231204040345B402BD
:102250000346440583558400EF60FFF72285EFE0D5
:102260004FF9B9B73A86D9B703552500EFE05F8932
:102270002A8425DD0346C504835585000345B50240
:102280003336C000EF607FF5A305040215B7035590
:102290002500EFE0FF862A8429D9035725058356B8
:1022A00005050346F504835585000345B502EF6037
:1022B0001FF3D9BF03552500EFE09F842A8415D56D
:1022C0000356450401CA835585000545EF60FFF1BB
:1022D00023120404A3080402E1BD03552500EFE026
:1022E0003F82E30405F00345B502EF605FF0C9B536
:1022F00003552500EFE0DF802A84E30805EE8355CF
:1023000085000345B502EF60DFEEBDBF0355250034
:10231000EF607FEE71BD011122CC2A84114506CEFB
:102320002EC632C4EF101EDD1DC1B2452246231158
:1023300085002300B500A300C5006244F240AA85D1
:102340001725FE1F0345756605616F109EE5F24077
:102350006244114505618280411106C622C4EFE046
:102360002FFA41C183270512230D05002A84A5C336
:102370000347F500058B19EB0355840001469305CF
:102380000008EFF05FF939C5014581A8D44303C6C1
:10239000C70083C58700035585008906EF60DFE528
:1023A00005E58327041203D7A700A384070013675A
:1023B00007F02395E7009C432320F412835724045D
:1023C00081C7FD172311F40483270412D5F72311C5
:1023D00004045DBF8547230DF400B240224441014F
:1023E00082800945DDBF9737FE1F9387278483A727
:1023F000870C91E382806384A700DC5FDDBF41111D
:1024000022C406C68347A5002A8491C79305C50048
:102410006905EF10C0598347240191CB930544010E
:102420001305A4022244B24041016F104058B2404B
:10243000224441018280AA862E86AA8517050000C3
:102440001305C5006F208EA99727FE1F9387077E6F
:1024500003A7870C411126C206C622C4BE8411E719
:10246000B24022449244410182806304A700585F35
:10247000FDB78347A5002A8491C79305C500690568
:10248000EF10E0528347240199C7930544011305D7
:10249000A402EF10C05122852244CC58B24092448D
:1024A00041016FF05FF901114AC81729FE1F130996
:1024B000E97722CC0324890C26CA4EC652C456C2E0
:1024C00006CEAA84014A93094500854A631D040E7D
:1024D000930520251305000497F0FD1FE780403287
:1024E0002A841D4561C883C734001946938544007A
:1024F00013054400A301F40097E0FD1FE780005797
:10250000938AA40141468145568597E0FD1FE780E7
:10251000806379ED9309A401D68541464E8597E005
:10252000FD1FE780806085472305F4008347340062
:102530009305C4004E8593E72700A305F400EF1030
:1025400000479384A40241468145268597E0FD1FFC
:10255000E780605F4DE19307A402A6853E85414672
:10256000BE8497E0FD1FE780405C85472309F400A7
:102570008347340093054401268593E72700A30988
:10258000F400EF10C042A300040083254903228514
:10259000EFF07FEA63140A069727FE1F23AC8774C7
:1025A000232E04028347490C014585071727FE1F88
:1025B0002300F774F2406244D2444249B249224AAD
:1025C000924A056182800347340083C73400630563
:1025D000F700228A405CDDBD4146CE8513054400EC
:1025E00097E0FD1FE7808051E31555FF4945D9B7B6
:1025F00023050400B9B72309040071B7232E8A020A
:1026000045B741119727FE1F9387476222C403A451
:10261000870C26C206C64AC0FD5419ECB2402244BB
:102620009727FE1F23A8076C9727FE1F2382076C9E
:10263000924402494101828003450400EF204E9DEF
:102640000329C40323009400228597F0FD1FE7802F
:1026500080274A84D9B79727FE1F9387275D238257
:10266000070C23A4070C6F10403E411126C206C67A
:1026700022C4EFE0AFD8AA843DC5EFE06FC82A843A
:10268000630A0512930710112315F500930700FB49
:102690002307F50085472308F5009727FE1F83D7FA
:1026A000E72DA5073E85C207C18313074010637459
:1026B000F700130540101317050141839307000429
:1026C0006374F7001305000442059305302541812A
:1026D00097F0FD1FE780C0122328A41019E90355C5
:1026E0008400EFE00FE2B24022442685924441018B
:1026F00082809727FE1F938727479C4F22852313AD
:102700000414232AF4109727FE1F9387275203A649
:10271000870D83A6C70D03D7A70383C7A704232C60
:10272000C40E232ED40EA307F414FD572310F40473
:102730002313F4022314F4028347E4022324C41075
:102740002326D41093E707FC2307F40285679387B9
:1027500087BB2315F4042312E414EFC01F8C172544
:10276000FE1F0345E5212301A414EF205FE3D147B9
:10277000A306F41693078002A305F4169307006FCF
:10278000231FF4149307F0072300F416F5779387BB
:10279000A7EB2311F416A301A4142303A416A30387
:1027A000A4162304A416A304A4169727FE1F23939C
:1027B000074815BF854405BF411122C42A848345BB
:1027C00004031725FE1F03459546A307A40206C66A
:1027D00026C2EF20EEC58357A4031728FE1F035817
:1027E0006821930600323307F8029724FE1F83C442
:1027F0006419232AA4083356D7023377D7029306E5
:10280000204E2326C40837460F0013060624B3873C
:10281000D702B3D7A7023307D702BE9483578403E6
:102820009384C417C2048507C180231294083347D8
:102830000703B387D7022310E4028146858FB3B51F
:10284000070333850703EF10A038832784089726F2
:10285000FE1F9386A619D442AA9733B5A7002E95DA
:1028600001E53E8763E4D7003387D740834774038D
:102870002328E4081307204EB387E7028604228545
:10288000BE9423119408EFC0EFBF2285EFC0CFF2B2
:102890008355E40322859205F915C205C181EFC075
:1028A000AFBA2285EFE0EFFB9727FE1F23A28742F6
:1028B0009387C1A39C43898B85C39724FE1F938470
:1028C000E40A9C5891CB83258409354582979C580E
:1028D0008325C4093945829722852244B240924417
:1028E0009727FE1F239B07349727FE1F23A8073433
:1028F00041016FC09FC603570508894683574508A5
:1029000063F3E6000947B397E7002313F5086F2048
:102910000EC1011122CC26CA4AC806CE4EC652C4E8
:10292000834765032A841389019A8507230BF502DF
:102930008347350193844199639C075A8347C500B7
:1029400013070004A309E50003471501BD9B93E7A6
:1029500037002306F50093178701A30D0500E187D3
:1029600063D907001377F707A308E500EF206FEEA0
:1029700039A88327850A93F62700BDC6F59B232433
:10298000F50A83270510918BA9CFEF003F8B0347F2
:10299000B40185476310F706832784110347C400F9
:1029A000DC432380E7008327841103475401DC4381
:1029B000A380E70003278411832709005843B8DB6D
:1029C0009C40B70680009843558F98C3D857719B99
:1029D000D8D7F2406244D2444249B249224A056102
:1029E0008280EF005F8365B793F617008DC6F99B71
:1029F0002324F50A832704110347C4002380E7003A
:102A00008327041103475401A380E70083270900AB
:102A1000032704116DB783490501054A6398491DD1
:102A2000F9C713F7070119C7BD9B2324F50AEF0067
:102A30007FC0B1BF13F7070201CB93F7F7FD232443
:102A4000F50AEF00FFD3A1B713F7070401CB93F703
:102A5000F7FB2324F50AEF00FF8315BF13F70708E0
:102A600009CB93F7F7F72324F50A2285EF103FD51A
:102A700039BF13F7072009CB93F7F7DF2324F50AB3
:102A80002285EF007F8B21B713F7074001CB93F727
:102A9000F7BF2324F50AEF003FEBD5BD139747019D
:102AA000635C07007D771307F77FF98F2324F50A0E
:102AB0002285EF00DF98E1BD13973701635A0700C5
:102AC0007D777D17F98F2324F50AEF003F9AC1B572
:102AD00013972701635A070079777D17F98F23240D
:102AE000F50AEF001FA965B52324050A21B783273E
:102AF000450A638E071A93F6070481CA93F7F7FB1A
:102B00002322F50AEF00CFE859B593F6071081CAE2
:102B100093F7F7EF2322F50AEF00DFB68DBD93F6AA
:102B2000072099CA4D8B631F070E93F7F7DF232207
:102B3000F50AEF003FBAA1BD93F6074081CA93F7AB
:102B4000F7BF2322F50AEF000FF291B593964701E4
:102B500063DB06007D771307F77FF98F2322F50AE1
:102B6000EF10DFB82DB59396370163DC06004D8B6F
:102B700055EB7D777D17F98F2322F50AEF002FF3B0
:102B800039B513971701635A070071777D17F98FCD
:102B90002322F50AEF007F83DDBB1397E700635A1A
:102BA000070001777D17F98F2322F50AEF007F8652
:102BB000F9BB1397B700635B07003707F0FF7D177A
:102BC000F98F2322F50AEF00BF92D1B31397870044
:102BD000635B0700370780FF7D17F98F2322F50A13
:102BE000EF001FC46DB32322050A29B5638C0902C7
:102BF0009306600463EF36071307500463F9E91482
:102C00001307A002638AE91C636737039307100266
:102C10006380F91A63EA3701ED476387F914F547D2
:102C2000638AF914228599B393075002638FF91CC4
:102C300093077002F5B7130760036389E914636BA8
:102C400037019307E0026384F91E93071003E380C2
:102C5000F9DEC9BF13070004638CE9089307100469
:102C60006387F90A93078003E39EF9FAEF206FBEAA
:102C700019AA9307A0056387F91E63E13705930737
:102C800050056385F90263EB37019307B00463884D
:102C9000F91C93071005E38AF9DC69B7930760050F
:102CA000E380F9DE93078005E39EF9F6228597F02D
:102CB000FD1FE780C0CEE30C05CCADB79307B0068F
:102CC00063ED37019307A00663FBF92093076006C5
:102CD000E39AF9F4EF005FC799A093076007E389CF
:102CE000F9DC93076008E39FF9F2EF009F8805A8DD
:102CF00013974701E35807F27D771307F77FF98FA2
:102D00002324F50AEF00AFF32308340149B18347C8
:102D1000B5028DC705476398E700EF007FA685479A
:102D20002308F400ADB183270510918BD5C3BD47AF
:102D30002306F4022285EF006FD0D5B7EF206FB1E4
:102D40008327040A93E727002320F40AC9BFEF2052
:102D50004FB08327040A230844012311040693E794
:102D600047002320F40A25B1EF00AFB6D947230A64
:102D7000F40431B92285EF20CFAD8327040A93E70D
:102D800017002320F40A2308040011B197F0FD1F57
:102D9000E780E0C0E30D05BE8547A306F404228565
:102DA000EF00EFBC8347C404F99B2306F404C5B6C7
:102DB00083278510858B81C7EF005F82C9BEE947F5
:102DC000A305F50283270510918B99C38D478DB715
:102DD0002285EF004FC4A1B7EF00CFB28347D404E0
:102DE00091CB41469305C40A1305C40C97E0FD1F1F
:102DF000E780C0C78347C4042326040E2328040E9B
:102E000093E717002306F40459B683270510918B26
:102E100081CF8D472306F502EF004FC2834714018F
:102E2000DD9BA308F400E5BDEF00EFBEC5BF8347FF
:102E3000C5042322050E2324050E93E7270023064D
:102E4000F504EF004FAE83471401A3050402DD9B98
:102E5000A308F4008327040A93E70701F5B5EF0000
:102E60006FC375BD8347A51499CB83466514331A88
:102E7000DA006306FA0013670701A308E5000347B9
:102E8000B41411CF834674148547B397D700638871
:102E9000E7008347140193E70701A308F400834781
:102EA000E40199CF83471401C18B99EB8327040A6E
:102EB00093E707202320F40A2285EF208F9985B518
:102EC00083071416F5DB83274410898BF5D78327F6
:102ED000440A37071000D98F2322F40AF1BFEF20EC
:102EE0004F978327040A056713070780D98FA9BD69
:102EF0009727FE1F83D787D485071727FE1F231F19
:102F0000F7D271B483474517858B638207108347D7
:102F1000651393D63700AA9683C5061313F7770077
:102F200033D6E540058A69CE397122DC06DE26DA21
:102F30004AD84ED652D456D25AD05ECE62CC66CA49
:102F40002A84034545037D57FD47591562052C002A
:102F500061853AC43EC697E0FD1FE780804803269E
:102F6000841322478326C413B247718FF58F6314ED
:102F7000E6006387F6062800EFE00F89894763F1D2
:102F8000A706294681451305D41797E0FD1FE78062
:102F900060B1224AB24A81490D4C854C930B5002D4
:102FA00093948901E1844E865285D68513DB2440B3
:102FB000EF00903C8D88229B058986040309DB176E
:102FC0000DCDB3949C00B3649900A30E9B168509A4
:102FD000E39879FD8347441793E78700230AF416A3
:102FE000F2506254D2544259B259225A925A025B58
:102FF000F24B624CD24C21618280B3149C00E1B749
:103000008547B397E700CD8F2388F61282808280B0
:1030100079714ECE9729FE1F938949C122D403A40A
:10302000090A52CC56CA5AC8797AA16A370B00826B
:1030300026D24AD006D65EC662C466C21729FE1FD3
:10304000130989B29384019A7D1AFD1A7D1B834767
:10305000E4001307000D639FE7209C4098430D8B0D
:1030600005C3B84B619BB8CB98431367870098C3DF
:103070009C438D83858B89C70100010001000100FD
:1030800097F0FD1FE78080BE8347C404858B89C706
:10309000A2850545EF200FBD83472414938B4199EA
:1030A00083A60B0093F7F70313979701DC56B3F74A
:1030B0006701D98FDCD637170040930770052300CE
:1030C000F704930780FA2300F70483462414B547D6
:1030D00063FBD7108357270293E707012311F702F9
:1030E00003A70B008327840994401CC78327C409C6
:1030F0005CC3DC4293E71700DCC25C57F19B93E7AB
:1031000017005CD78355441C95470356641C9105F2
:10311000034574141727FE1FA30BF7A4C2059307DA
:1031200010FD2307F400C181930700FC1727FE1F41
:10313000230CF7A2EF20AFE80346741485468357AB
:103140002408035764086318D60A060793875703B1
:10315000BA979840544733F6460150C70100010022
:1031600098400966860710C7130600F89725FE1FCA
:10317000238EC59E7CD354C79727FE1FA388079E26
:1031800090409727FE1FA381079E85471CC2834658
:10319000C4041387819A83A70B00858A1843CDCA7C
:1031A0009443B705330093F6F6E794C3944393F63C
:1031B000F6E793E6061094C31447CD8E14C7930622
:1031C000900F34CA5457F59A54D703476413937633
:1031D000F7079843137707F8558F98C397E0FD1FBB
:1031E000E7802003ADB583572702C207C183BD9B8B
:1031F000C207C183E5B58945060794406318B60246
:10320000D046B3754601CCC60100010094408965E3
:10321000938797188CC6930500F81725FE1F230780
:10322000B594BA978607FCD2D0C6B9B7D046B37565
:103230004601CCC60100010094408965938797043C
:103240008CC6930500F81725FE1F2301B592D1BF48
:103250009443B705330093F6F6E794C3944393F68B
:10326000F6E793E6061094C31447CD8E14C7930671
:10327000900D81BF1307100D639BE758834709002A
:10328000858B6382074C83470900E207E18763D49B
:10329000070A8347F40093F7070285C78357A403FF
:1032A0001307204EB387E70203274409B3D7E70289
:1032B0001717FE1F0347076D13070705BA97231259
:1032C000F408938741999C439716FE1F93860672D4
:1032D00083AC46009843032C0901894631830D8B4A
:1032E000832BC408835744081715FE1F03558570A8
:1032F000631DD71693879718B3A5A70237460F000B
:103300001306062481463305F502EF00700C338561
:10331000AB40B30785013E8763E4A70063E49701F0
:1033200033879741835764082328E408231004084F
:1033300085832313F4088345C404032544119306AD
:10334000240313064403858997E0FD1FE78000F0FE
:103350009727FE1F238DA78003C769048347440373
:10336000998F230AF4028327441183C7070013F7B8
:10337000070C19E38D8B91E785471717FE1F23086C
:10338000F77E83476900858B6397072C8347A402E8
:1033900093E727002305F40283470900E207E1874A
:1033A00063D307028347641313D7370093F677007C
:1033B00022978547B397D7008346071393C7F7FF34
:1033C000F58F2308F7128347F400898BDDCF228520
:1033D000EFB07FC55DE98347F400A309040093E7DC
:1033E0004700A307F400832784118DCF0347B4015E
:1033F00015CB03C79700058B15E703D7A700C84374
:10340000136707F02395E70097E0FD1FE780A04BC7
:103410008357440485072312F404832784119C43B3
:10342000232CF4108347540181CB8347C404898B38
:1034300081C72285EFB03FC48347040113072002F0
:103440006398E7028327040AA305040293E7870031
:103450002320F40A8347140193E78700A308F400AC
:10346000930740022308F4000DA09387970469B5E1
:1034700013070006639AE70C85472308F400834787
:10348000A40293E717002305F40283476900898BA0
:10349000638407108347C404858B638F070E8347BB
:1034A00094018507A30CF4008347F40013F7270069
:1034B00029E793E72700A307F400930700F8230EFA
:1034C000F4008357A4031307204EB387E7020327B2
:1034D0004409B3D7E7021717FE1F0347A74A13078C
:1034E0000705BA97C207C1832312F4088607231180
:1034F000F4089717FE1F23AD077C22859717FE1F40
:1035000023840766EFF0EFC00345641489478345C1
:103510005401631FF51403458414910513652500B8
:10352000EF200F95834754016386071E8347C40429
:10353000898B6381071EA2850145EF10DFEA630BCB
:103540000512EF20EFC76DA413077006639CE70216
:103550009387419998437C53ED9B7CD39717FE1F2B
:10356000238907603717004083578701B3F7FA00B4
:10357000231CF7008347C40093F7F7FD2306F400EC
:103580008547CDB57147E392E7F08327040A93E7B7
:1035900017002320F40AD5BD2285EFB05FABE315F9
:1035A00005F0A30C04002285EFB0FFA383471401AC
:1035B000A18B85CF834764018DCB83477401094775
:1035C00093F7B70F6383E7029307D003230AF4044A
:1035D000930770022308F4008347C404858BE385B6
:1035E00007EC2285EFB03FAEC1B50347D4008D474D
:1035F0006317F70483477401130780026373F702AC
:10360000834774011D476388E702A306F4028327FA
:10361000840A228593E717002324F40AEFF0DEB230
:1036200019A88A07172700001307870DBA979C432C
:103630002285829771F583476401D9FFB5B5834729
:103640006401E38307E6228597E0FD1FE780E047FA
:10365000E31C05E4CDB7834784018507230CF40000
:1036600083D7E90085071717FE1F2318F75C2DBDC8
:1036700091057DB5938741999843B70633001C4364
:1036800093F7F7E71CC31C4393F7F7E793E707109B
:103690001CC39387819A98431C47D58F1CC79C40B5
:1036A0001307A00FB8CB938741999C43B7068000BE
:1036B0009843558F98C3D857719BD8D7930720FD4F
:1036C0002307F40083270412E38A07B00347F400BA
:1036D000058BE30507B0D44303C6C70083C5870045
:1036E000035584008906EF503FB1E31905AE8327E7
:1036F000041203D7A700136707F02395E7009C4344
:103700002320F41283572404E38A07ACFD17231106
:10371000F404E9B4938741999843B70633001C43F6
:1037200093F7F7E71CC31C4393F7F7E793E70710FA
:103730001CC39387819A98431C47D58F1CC79C4014
:103740001307A00D85B79C40FC53E3920790971791
:10375000FE1F238D0740EF20AFA683470900228577
:10376000E207E18763DA071EEFF0EF9883D72901BC
:10377000228585071717FE1F2313F74CEFF08FF8EC
:1037800083570404B5C713074006B3F7E702ADE358
:103790009387C1A39C43898BA1C79714FE1F938471
:1037A000E41C985815CF9717FE1F83D72749C207E7
:1037B0009715FE1F83D5A548DD8D254502979C589A
:1037C0009715FE1F83D56547294582979C58831519
:1037D00024032D4582979C588305440331458297E5
:1037E0009717FE1F239B07449717FE1F23A8074424
:1037F00022852254B25092540259F249624AD24A66
:10380000424BB24B224C924C45616FB05FDC1307C8
:10381000200DE398E7D283471900858B6381071455
:103820009717FE1FA38207348327040A13972701E3
:10383000634A070E228597E0FD1FE780C036854763
:103840006312F50E8355441C0356641C034574141F
:103850009105C205C181EF109FF68347C404938B85
:103860004199138C819A858BBDCBA2850545EF10BC
:103870007FBF03A70B00B70633001C4393F7F7E79E
:103880001CC31C4393F7F7E793E707101CC30327F8
:103890000C001C47D58F1CC79C401307900FB8CB5A
:1038A000930710FD2307F4009C40D44733F74601EB
:1038B000D8C70F1000009C40096798C7130700F88D
:1038C0001716FE1F2304E62A03A60B0018423183B5
:1038D0000D8B0DEF13076019F8D3D4C701B203A7FE
:1038E0000B00B70633001C4393F7F7E71CC31C43D8
:1038F00093F7F7E793E707101CC303270C001C4757
:10390000D58F1CC79C401307900D51BF1842094624
:1039100031830D8B6315C7001307E04375BF130791
:10392000E01B5DBFEF20CF89834794018DC793F7DC
:10393000070F81CB9305D0032285EFB01FDBA305D2
:10394000A4029717FE1F938767029C5B89C7954562
:103950001305500882972285EFC0AF9F51BD9C4050
:10396000FC53639607EE9717FE1F23810720EF2075
:103970002F85D5B7411106C6EFB0EF999717FE1FF7
:103980009387C72A17F7FFFF130767CE23AAE70A13
:10399000B24017F7FFFF130767E223ACE70A97F778
:1039A000FFFF9387276723A4F1A441018280397127
:1039B00022DC3704400026DA4ED6AE84AA8993056D
:1039C000E4FF054506DE4AD8EF106EB3498C1317A5
:1039D0000401418321839317840013590401D98F73
:1039E000231601001379F90F10088A854E852317D5
:1039F000F100A306210102C002C202C402C802CA29
:103A000002CC02CEEF10FF998347E1010347D101B9
:103A1000A3818400A2074207BA970347F1012180DE
:103A200023828400BA97F25062542380F40013D7A3
:103A30008700C183A3822401A380E4002381F400D2
:103A40004259D254B2592161828001111946971509
:103A5000FE1F938545F31715FE1F1305A52B06CEF4
:103A600022CC26CA4AC891644EC697D0FD1FE78073
:103A7000E0FF9385F4FF0145EF102EA62A84FD5543
:103A80000145EF10CEA7A287FD147D5933F79700AB
:103A9000B366E500F9C6631425016304970C171794
:103AA000FE1F2301F728A18393E707FC9169416476
:103AB0001717FE1F2326A7261717FE1FA304F72696
:103AC000FD191719FE1F130969167D14CE850145CE
:103AD000EF10AEA0AA84FD550145EF104EA2B367CA
:103AE0009500EDD7FD576314F500E38134FF971778
:103AF000FE1F239AA722935705011717FE1F2305C0
:103B0000F722935785011717FE1FA30FF72097176A
:103B1000FE1F238C9720A18093F4F4039717FE1FB8
:103B2000A38597208317890E42054185618DE18F1A
:103B30006312F5020317C90F8317A90E618FE18F76
:103B4000631AF7000317E90F8317C90E618FE18F1E
:103B5000E30EF7F6F2406244D2444249B2490561AD
:103B60008280A6850145EF104E972A84FD550145B8
:103B7000EF10EE98A28719BF11CE93070002918F24
:103B8000635BF0003355C500B397F50033D6C5002D
:103B90005D8DB2858280130506FE014633D5A500F2
:103BA000B285CDBF11CE93070002918F635BF00009
:103BB000B395C500B357F5003316C500DD8D3285CA
:103BC0008280930506FE0146B315B5003285CDBF50
:103BD000B687B2882A832E88639D061463F9C50AC6
:103BE0004167636EE61AB70700016363F6349356C4
:103BF0008601E14717270000130747F4369703476C
:103C00000700BA97130700021D8F19CB3398E50000
:103C1000B357F500B318E60033E807013313E500A6
:103C200013D608013355C80293960801C1829357F1
:103C300003013377C802B385A60242073368F70051
:103C4000637AB80046989307F5FF636418016367C9
:103C5000B8303E853308B8403357C8024203135387
:103C600003013378C802B386E6024208336868006D
:103C7000637BD80046989307F7FF636518017917AF
:103C80006363D8003E874205598D8145828001E6F5
:103C90000547B358C702416763EAE80EB70700015A
:103CA00063ECF82893D68801E14717270000130733
:103CB000E7E8369783460700BE9693070002958F84
:103CC000E5EB939E08013387154113DF080193DE6E
:103CD0000E018545935703013355E7033377E70317
:103CE000B306D5034207D98F63FAD700C6971307E7
:103CF000F5FF63E4170163E6D7263A85958F33D73E
:103D0000E703420313530301B3F7E703B30ED703EB
:103D1000C207B3E7670063FBD701C6979306F7FFB7
:103D200063E51701791763E3D70136874205598D9B
:103D3000828063E2D504C16763E2F604B70700013D
:103D400063E4F61E13D78601614897270000938726
:103D5000E7DEBA9703C70700130E00024297330E3F
:103D6000EE40631A0E0C63EDB61C3335C5001345E7
:103D70001500814582808145014582809307F00FBF
:103D800063F3D71C13D786002148C1B71307F00F80
:103D9000C686E37C17F193D68800A14739B713078D
:103DA000F00FB286E378C7E493568600A14799B531
:103DB000B398F80033D6D50013DF0801335EE6036D
:103DC0003397F500B356D500558F939E080193DEC7
:103DD0000E013313F50093550701B376E603B3875D
:103DE000CE03C206CD8E63FBF600C6961306FEFF19
:103DF00063E4161763F2F616791EC6969D8E33D6C7
:103E0000E60393170701C183B3F6E6033385CE02B9
:103E1000139706015D8F637BA70046979307F6FF14
:103E2000636817136376A7127916469793150E01E8
:103E3000098FD18D45B5B357E600B396C601DD8E27
:103E400033D3E50013DF0601B357E303939E060166
:103E500093DE0E013398C5013357E500336807013F
:103E6000935808013316C6013373E303B385FE028A
:103E70004203B368130163FBB800B6981387F7FFDA
:103E800063EAD80C63F8B80CF917B698B388B84051
:103E900033D7E803420813580801B3F8E803338323
:103EA000EE02C208B3E5080163FB6500B69513088E
:103EB000F7FF63EDD50863FB65087917B695C20770
:103EC000416FD98F1307FFFFB3F6E70093D80701BF
:103ED000718F4182B38EE602B3856540B386C60218
:103EE00013D80E013387E802BA96C2963386C80209
:103EF00063F3E6007A9693D80601469663E2C5021C
:103F00006385C5003E858145828041677D17F98EB6
:103F1000C206B3FEEE003315C501F696E374D5FE76
:103F20001385F7FF8145828013D70601414831BDD3
:103F300093560601C1477DB993D60801C147B5B371
:103F40008145054582803687014801B5428785BF96
:103F50003E86E9BDBA871DBF328E4DB579154698AC
:103F6000D5B97915C69759BBB3C7A5008D8B330753
:103F7000C50081E78D4763EEC700AA876370E50A35
:103F800083C6050085078505A38FD7FEE3EAE7FE14
:103F9000828093763500AA8791CA83C6050085077B
:103FA0008505A38FD7FE93F63700FDB79376C7FF3D
:103FB000138606FE63F0C70683A3050083A24500AF
:103FC00083AF850003AFC50083AE050103AE450195
:103FD00003A3850183A8C5019385450223A077002B
:103FE00003A8C5FF23A2570023A4F70123A6E701D6
:103FF00023A8D70123AAC70123AC670023AE17016A
:104000009387470223AE07FF75B79041910791054B
:1040100023AEC7FEE3EBD7FEE3E4E7F68280397117
:104020003EDA2ED232D436D63AD842DC46DE9387F8
:10403000818522CC804326CA06CEAA8409C41C4CA2
:1040400099E3228525230C4454102686228536C602
:10405000EF001018F2406244D244216182800111C5
:1040600026CA4AC806CE22CC4EC652C4AA842E897D
:1040700001C51C4D91E3DD299C4C804499E32685C4
:10408000F52197270000938767BD631CF402C040A9
:104090008357C400A18BB1C71C48A1C7FD59294A49
:1040A0001C4483450900FD17B1E91CC463DE070603
:1040B0002286A94526857920FD576308F502294502
:1040C00035A097270000938767BB6314F4008044F2
:1040D000C1B797270000938767B6E31BF4FAC04483
:1040E00045BFA2852685392A55D97D55F2406244BF
:1040F000D2444249B249224A056182801CC4050962
:1041000063D70700184C63CBE700638945011C4067
:104110001387170018C02380B70059B72286268559
:104120001520E31F35F7D1B71C401387170018C0BF
:1041300029472380E70061B793878185AA85884353
:104140006FF0FFF1011122CC26CA4AC806CE4EC636
:10415000AA842E89328401C51C4D91E30129972739
:1041600000009387A7AF6319F406C0401C4C1CC421
:104170008357C400A18BC9C31C48BDCF1C4808404D
:104180009379F90F1379F90F1D8D5C486346F5009B
:10419000A2852685652C2DE51C440505FD171CC44C
:1041A0001C401387170018C0238037015C486389BF
:1041B000A7008357C400858B81CBA9476316F900FC
:1041C000A285268561240DEDF24062444A85D244E1
:1041D0004249B2490561828097270000938707AA68
:1041E0006314F400804459B797270000938707A50C
:1041F000E31EF4F6C0449DBFA285268521203DDD47
:104200007D59D9B741119387818526C2844322C441
:104210004AC006C62A892E8489C49C4C99E3268507
:10422000B12697270000938767A3631CF402C04060
:104230000317C40093170701C18393F68700B5EEF7
:1042400093F607019DEEA5472320F90013670704A5
:104250002316E4007D55B2402244924402494101B4
:10426000828097270000938767A16314F40080443D
:10427000C1B7972700009387679CE31BF4FAC044FB
:1042800045BF918B8DC74C5889C9930744046384FB
:10429000F5004A85892B232A04028357C400232270
:1042A000040093F7B7FD2316F4001C481CC0835785
:1042B000C40093E787002316F4001C4881EF83575E
:1042C000C4001307002093F707286385E700A28541
:1042D0004A8595298357C40013F7170005C75C4822
:1042E00023240400B307F0401CCC1C480145A5F76B
:1042F0008317C40013F7070839DF93E70704231671
:10430000F40089BF898B014791E3584818C4F1BF75
:1043100083D7C500011122CC26CA06CE4AC84EC694
:1043200013F78700AA842E8471EFD841634DE00013
:10433000B841634AE0000145F2406244D244424938
:10434000B2490561828058547DD703A90400939631
:10435000370123A0040063DD060670488357C400BC
:10436000918B99C75C401D8E5C5899C33C401D8E53
:104370005C540C50814626858297FD570357C40034
:10438000631DF5009440F54763E8D706B707402062
:104390008507B3D7D700858BA5C31C48232204000B
:1043A0001CC09317370163D80700FD576314F5004D
:1043B0009C4091E368C84C5823A02401ADDD9307CD
:1043C00044046384F50026853929232A0402A5B70D
:1043D0000C500146854626850297FD572A86E31F25
:1043E000F5F69C40A5DF75476385E7005947639460
:1043F000E70423A0240181B7136707042316E40010
:104400007D551DBF83A90501E38709F203A90500B6
:104410008D8B23A0350133093941014791E3D849F8
:1044200018C4E35A20F11C540C50CA864E862685C7
:1044300082976349A0008357C40093E707042316BB
:10444000F4007DBFAA993309A940E1BF9C49A5C3E7
:10445000011122CC06CE2A8411C51C4D81E72EC63F
:104460003122B245971700009387477F639CF50080
:104470004C408397C5009DC722856244F240056188
:104480006FF01FE9971700009387477F6394F5004B
:104490000C44C5B7971700009387477AE39BF5FC58
:1044A0004C44C1BFF2406244014505618280014530
:1044B0008280411122C406C62A842316B500231720
:1044C000C500232005002322050023240500232204
:1044D000050623280500232A0500232C0500214674
:1044E00081451305C505EFD05DCB97170000938775
:1044F000A7B65CD097170000938707B91CD497170D
:104500000000938747BD5CD497170000938707C0CE
:1045100000D01CD8B240224441018280970500009F
:10452000938505F3B1AA411126C213068006938430
:10453000F5FFB384C4024AC02E8922C406C69385FF
:104540004407B1262A8401CD23200500232225011A
:10455000310508C4138684068145EFD01DC4228529
:10456000B240224492440249410182801C4DB5E789
:10457000411106C622C497070000938767FA1CD52D
:10458000971700009387077D9C4323240504232667
:104590000504232805046314F50085471CCD2A84EF
:1045A000352848C022851D2808C42285052848C40E
:1045B000484001469145EFF0DFEF08440546A54528
:1045C000EFF03FEF48440946C945EFF09FEE8547BD
:1045D0001CCCB24022444101828082804111971755
:1045E00000009387277726C284434AC006C69C4CA6
:1045F00022C42A8981E72685EFF05FF7938484043B
:104600008044DC40FD1763D607009C40B9CF84404E
:10461000C5BF0317C40039E7C17785072322040605
:104620002320040023220400232404005CC4232844
:104630000400232A0400232C04002146814513058D
:10464000C405EFD09DB5232A0402232C04022324A1
:104650000404232604042285B240224492440249E1
:10466000410182801304840671BF91454A85EFF0B1
:104670009FEB88C049FDB1472320F9000144E1BF09
:10468000797122D44AD052CC56CA5AC85EC606D6D0
:1046900026D24ECE2A8AAE8A130485040149054BE0
:1046A000FD5B09ECB25022544A8592540259F249FA
:1046B000624AD24A424BB24B45618280044483290C
:1046C0004400FD1963D409000040E1BF83D7C40052
:1046D000637BFB008397E40063877701A68552859F
:1046E000829A3369A90093848406E1BF1971A6DA1E
:1046F000AE848395E500A2DC86DE328463DC0500AF
:1047000083D7C40023A0060093F7070885E7930723
:1047100000401DA0300836C6EF00D025B246E34168
:1047200005FE7247BD67F98F7977BA9793B717007F
:104730009CC2F1BF930700041CC0F6506654D654C7
:1047400001450961828083D7C500011122CC06CEC4
:1047500026CA4AC8898B2E8489CF930774041CC04B
:104760001CC885475CC8F2406244D2444249056196
:10477000828074003000AA84EFF05FF7A2452A8996
:104780002685312201ED8317C40013F7072061FF4E
:10479000F19B93E727002316F400C1B797070000A9
:1047A000938707D89CD48357C40008C008C893E7F0
:1047B00007082316F400A2475CC8B24791CF8315BF
:1047C000E4002685EF00301E01C98357C400F19B29
:1047D00093E717002316F4008357C4003369F900E8
:1047E0002316240149B7DDC183A7C5FF411122C4A7
:1047F00006C626C21384C5FF63D307003E94AA846D
:10480000EF0050229387C1A49C4381EF2322040030
:1048100023A681A42244B2402685924441016F0020
:104820009020637EF40014403307D4006396E700C1
:104830009843DC43369718C05CC0D9BFBA87D843C9
:1048400019C3E37DE4FE94433386D700631F8600DB
:104850001040B29694C33386D700E31DC7FA1043C5
:104860005843B29694C3D8C375B76375C400B147B3
:104870009CC04DB71040B306C4006316D700144364
:104880005843B29614C058C0C0C369B782800111A2
:1048900026CA93843500F19806CE22CC4AC84EC66B
:1048A000A104B14763F3F404B14463E2B4042A8978
:1048B000EF0050179387C1A498433A8439E0938757
:1048C00001A59C4391E781454A85A12F23A8A1A476
:1048D000A6854A85B927FD5963193507B1472320B5
:1048E000F9004A85EF00301429A0E3D004FCB14759
:1048F0001CC10145F2406244D2444249B2490561BB
:1049000082801C40858F63CF0702AD4663F6F600B8
:104910001CC03E9404C031A05C406313870223A6F0
:10492000F1A44A85EF0030101305B400930744004A
:1049300061993307F5405DDF3A94898F1CC05DBFF4
:104940005CC3C5B72287404095BF130435007198FA
:10495000E30285FCB305A4404A85E125E31C35FB51
:10496000B5BF1C46FD171CC663DA0700184E63C5A9
:10497000E700A9476394F5006FF0CFFC1C422E8539
:104980001387170018C22380B7008280011122CC40
:1049900026CA4AC84EC652C406CE2A89AE89328477
:1049A000B304D6007D5A63149400014511A88345D1
:1049B00004004E864A85EFF0DFFA0504E31545FF53
:1049C000F2406244D2444249B249224A056182809F
:1049D000357122CD26CB4AC94EC706CF52C556C324
:1049E0005AC1DEDEE2DCE6DAAA89AE843289368498
:1049F00009C51C4D99E3EFF07FB797170000938727
:104A0000E725639CF40C83A4490083D7C400A18BE1
:104A1000FDC79C48EDC793070002A304F10293076A
:104A2000000302D22305F10222C6930B5002971A0B
:104A30000000938AAA26054C294B4A848347040028
:104A400099C36391770FB30C2441638E0C00E68603
:104A50004A86A6854E85EFF07FF3FD576306F51E67
:104A60009256E69636D283470400638F071CFD57A3
:104A70001309140002C802CE3ECA02CCA3090104E5
:104A800082D4834509001546568541271304190031
:104A9000C24759E913F7070109C713070002A30921
:104AA000E10413F7870009C71307B002A309E10463
:104AB000834609001307A0026380E608F2474A8490
:104AC000814625460347040093051400130707FD9C
:104AD0006379E60AB5CA3ECE85A89717000093878A
:104AE000E7196395F40083A4890005B797170000C0
:104AF0009387C714E39BF4F083A4C90039B7A68554
:104B00004E85EFF02FF001D97D55FA406A44DA4422
:104B10004A49BA492A4A9A4A0A4BF65B665CD65C0D
:104B20000D618280050419BF330555413315AC0072
:104B3000C98F3EC82289B1B7324793064700184350
:104B400036C6634907023ACE034704009307E002E2
:104B5000631FF704034714009307A002631BF702C7
:104B6000B2470904138747009C433AC663C1070252
:104B70003ECA35A83307E04093E727003ACE3EC847
:104B8000E1B7B387670385462E84BA9725BFFD57E3
:104B9000C5B7050402CA814681472546034704007C
:104BA00093051400130707FD6376E606F1F28345CB
:104BB00004000D46171500001305C50EB92511CDCB
:104BC000971700009387070E1D8D93070004B39776
:104BD000A700424505045D8D2AC883450400194697
:104BE000171500001305450C130914002304B10226
:104BF000292D3DC197B7FDFF9387C74095E74247F1
:104C0000B2471377071009CF91073EC69257D29744
:104C10003ED225B5B387670385462E84BA97BDBFBC
:104C20009D07E19BA107D5B7780097060000938602
:104C300026D626860C084E8597000000E700000067
:104C4000FD572A8AE314F5FC83D7C40093F70704C1
:104C5000E39C07EA125555BD78009706000093863D
:104C600026D326860C084E85012AD9BF797156CAEB
:104C70009C49BA8A984522D426D24ECE52CC06D62A
:104C80004AD05AC85EC6AA892E84B284368A63D3B3
:104C9000E700BA879CC00347340419C385079CC04A
:104CA0001C4093F7070281C79C4089079CC00329D9
:104CB000040013796900631A0900130B9401FD5B6A
:104CC0005C449840998F634CF9041C40834634043B
:104CD00093F70702B336D000A5EB13063404D28550
:104CE0004E85829AFD576303F5041C401146984097
:104CF000998B544481446397C700B384E64063D3DF
:104D0000040081441C4418486354F700998FBE94F2
:104D1000014969047D5B63982405014509A885461E
:104D20005A86D2854E85829A631E75017D55B25092
:104D3000225492540259F249624AD24A424BB24B2F
:104D4000456182800509ADBF3307D4001306000317
:104D5000A301C7040347540493871600A29789064A
:104D6000A381E7049DBF85462286D2854E85829A1F
:104D7000E30E65FB050945B7797122D426D24AD0E6
:104D80004ECE06D652CC56CA5AC8B68983C68501BD
:104D9000930790063289AA842E8413863504638D86
:104DA000F60263E2D706930780056388F61863ED81
:104DB000D7006381062293073004638EF60A930AB4
:104DC00024042301D404C9A0930730066385F60A9E
:104DD00093074006E395F6FE1C40084393F6070848
:104DE00093054500C5C61C410CC363D807001307D3
:104DF000D002B307F040A301E404971600009386A5
:104E000026EB29476DA8930700076384F61663E530
:104E1000D7029307E006638BF6189307F006E3903A
:104E2000F6FA0C401C4313F8050813854700630786
:104E3000080608C39C438DA893075007E383F6FE3A
:104E400093078007638BF61293073007E399F6F612
:104E50001C43D04181459386470014C383AA0700B1
:104E60005685652601C53305554148C05C401CC8C0
:104E7000A301040471A81C43930A240493864700E9
:104E80009C4314C32301F4048547D5B793F6070464
:104E90001C410CC3B9DAC207C18781BF93F5050471
:104EA00008C3C9D983D707001307F0066388E60E45
:104EB000971600009386C6DF2947A30104044C40DF
:104EC0000CC463C5050008406D9908C099E3B28A17
:104ED00091CDB28AB3F5E702FD1AB69583C50500F8
:104EE0002380BA00B3D5E70263F0E70CA147631E45
:104EF000F7001C40858B91CB58401C4863C7E700E6
:104F000093070003A38FFAFEFD1A3306564110C81B
:104F10004E87CA867000A2852685EFF03FD57D5A60
:104F2000631E450B7D55B250225492540259F249EA
:104F3000624AD24A424B45618280A382D5049716C9
:104F400000009386E6D60C40084313F805081C4180
:104F50001105630D080208C313F7150001C793E597
:104F600005020CC04147B1FB0C4093F5F5FD0CC0A8
:104F7000A9B79C4193E707029CC193078007A3024E
:104F8000F404971600009386E6D375BF13F8050462
:104F900008C3E30308FCC207C1837DBF9716000066
:104FA000938606D1214711BFAE872DB794411C438C
:104FB000CC4913F80608138547006306080008C3A8
:104FC0009C438CC301A808C393F606049C43F5DAFE
:104FD0002390B70023280400B28A1DBF14485686C8
:104FE000CA8526858299E30F45F31C40898B8DE79E
:104FF000B2474844E359F5F23E8535B785465686B3
:10500000CA8526858299E30F65F1050A5C4432471B
:10501000998FE345FAFEE9BF014A930A94017D5B4B
:10502000F5B7411122C42A842E859707FE1F23A3BA
:1050300007D206C6EFD03DF7FD576319F500970775
:10504000FE1F938727D19C4391C31CC0B2402244CA
:1050500041018280411122C42E848395E50006C659
:10506000E122634905007C48AA977CC8B2402244EB
:10507000410182808357C4007D777D17F98F231605
:10508000F400EDB783D7C500011122CC26CA4AC867
:105090004EC606CE93F70710AA842E843289B689AD
:1050A00091C78395E5008946014635228357C400A0
:1050B0007D777D17F98F2316F4008315E400624491
:1050C000F240CE864A86B24942492685D2440561DD
:1050D0003DA8411122C42E848395E50006C6E5282B
:1050E000FD570357C400631BF500FD77FD17F98FCB
:1050F0002316F400B2402244410182808567D98F93
:105100002316F40068C8FDB78395E50025A8411172
:1051100022C42A842E85B28536869707FE1F23ABCC
:1051200007C206C6EFD0BDE5FD576319F500970726
:10513000FE1F938727C29C4391C31CC0B2402244E8
:1051400041018280411122C42A842E859707FE1FC7
:1051500023A207C006C61922FD576319F500970759
:10516000FE1F938727BF9C4391C31CC0B2402244BB
:1051700041018280411122C42A842E85B28597077D
:10518000FE1F23A907BC06C6D520FD576319F500ED
:105190009707FE1F938707BC9C4391C31CC0B24076
:1051A000224441018280411122C42A842E8597071E
:1051B000FE1F23A107BA06C6D120FD576319F500CB
:1051C0009707FE1F938707B99C4391C31CC0B24049
:1051D000224441018280411122C42A842E85B28555
:1051E00036869707FE1F23A707B606C64520FD573C
:1051F0006319F5009707FE1F9387C7B59C4391C3BA
:105200001CC0B24022444101828093F5F50F2A96DA
:105210006314C5000145828083470500E38DB7FE16
:105220000505FDB782808280411122C42A842E8523
:10523000B28536869707FE1F23AE07B006C6B9288B
:10524000FD576319F5009707FE1F9387A7B09C438E
:1052500091C31CC0B2402244410182809307800563
:105260001707FE1F2328F7AE7D5582809307800520
:105270001707FE1F2320F7AE7D5582809307800518
:105280001707FE1F2328F7AC01458280930780058E
:105290001707FE1F2320F7AC7D55828093078005FA
:1052A0001707FE1F2328F7AA7D558280F401FA0014
:1052B000960064004B0032001E0014000EDBFDFF60
:1052C00036DBFDFF5EDBFDFF76DBFDFF90DBFDFFE8
:1052D000A0DBFDFFC8DBFDFFF0DBFDFF08DCFDFF11
:1052E00022DCFDFFFE006578706572696D656E7485
:1052F000616C00004669726D776172652052657657
:105300006973696F6E00000048617264776172654D
:10531000205265766973696F6E0000004D616E758D
:105320006661637475726572204E616D6500000080
:105330004D6F64656C204E756D62657200000000F3
:1053400053657269616C204E756D62657200000074
:10535000536F667477617265205265766973696F01
:105360006E00000043483538785F424C455F4C4939
:10537000425F56322E310000686561642066696CB8
:1053800065206572726F722E2E2E00004C494220ED
:10539000696E6974206572726F7220636F64653A1A
:1053A000202578202E2E2E0A000000002A20000042
:1053B00041646420626C652075617274207365724B
:1053C00076696365206661696C6564210000000090
:1053D000253032783A626C65756172745F45565457
:1053E0005F54585F4E4F54495F44495341424C45C6
:1053F000440D0A00253032783A626C65756172742A
:105400005F4556545F54585F4E4F54495F454E4177
:10541000424C45440D0A0000E2E7FDFFF4E7FDFFC2
:10542000A8E8FDFF0CE8FDFF9EE8FDFFEAE8FDFFB0
:105430004552522E2E00000054455354204D5455D1
:105440003A25640D0A0000005570646174652025DA
:1054500078202D20496E74202578200A0000000055
:105460007065726970686572616C506172616D55CA
:1054700070646174654342206572722E2E000000D4
:1054800052535349202D256420644220436F6E6E91
:1054900020202578200A0000496E697469616C69D2
:1054A0007A65642E2E00000041647665727469731B
:1054B000696E672E2E000000436F6E6E656374691F
:1054C0006F6E206D61782E2E2E000000436F6E6E81
:1054D000202578202D20496E74202578200A000090
:1054E000436F6E6E65637465642E2E00436F6E6E3F
:1054F0006563746564204164766572746973696E6E
:10550000672E2E0057616974696E6720666F72207E
:105510006164766572746973696E672E2E0000008F
:10552000446973636F6E6E65637465642E2E2052DA
:105530006561736F6E3A25780A0000004572726FDC
:10554000722E2E004572726F722E2E25780A000080
:10555000FB349B5F80000080001000000000000012
:10556000DE42FEFF5243FEFFC643FEFFC643FEFF80
:105570006243FEFFC643FEFF7A43FEFF9C43FEFFED
:10558000C643FEFFB643FEFF0A44FEFF2A44FEFF69
:10559000A644FEFF3C44FEFFA644FEFFA644FEFFD9
:1055A000A644FEFF5E44FEFFA644FEFFA644FEFFA7
:1055B000A644FEFF8244FEFFDEBB0100CAAC000031
:1055C0001ABC01004CBA000096BC010018BA0000D9
:1055D00050BD0100E4B90000ECBD010062C500004F
:1055E0003ABE010062C5000094BE0100B4C40000D0
:1055F00050BD010084B9000028BF0100D0BC0000EC
:10560000000000000000000072BF01005CBD00004F
:10561000E4BF01004EAD000074A3FEFF74A3FEFFC3
:105620009AA3FEFFB2A3FEFFBAA3FEFFC2A3FEFF32
:10563000CAA3FEFFD2A3FEFFDAA3FEFFE2A3FEFF92
:10564000EAA3FEFF22A4FEFF2AA4FEFFF2A3FEFFB0
:105650000101020102010102010204040601040128
:105660000101010104040201040000000101020122
:10567000020101020101040406010401010101010A
:10568000040102010100000000B1FEFF0CB1FEFFA9
:105690004EB1FEFF74B2FEFF7EB2FEFFC2B2FEFF4D
:1056A00004B3FEFF42B3FEFF7AB3FEFF12B2FEFF69
:1056B000AEB3FEFF38B4FEFF5AC0FEFF36C0FEFF99
:1056C0005AC3FEFFB6C3FEFFBEC6FEFFD8C4FEFF30
:1056D0001EC5FEFF62C5FEFF9AC5FEFFDEC5FEFFCA
:1056E00036C0FEFF22C6FEFF98C6FEFF0000000087
:1056F000000000000000000000000087283A0100C0
:10570000664C0100FE3A0100C84C0100223B01003A
:10571000C23B0100F03B0100343C0100D24B0100D0
:10572000424B0100603D01008C3D0100FE3D010047
:10573000A43E0100B24A0100C4490100D248010060
:10574000B42F0100563F0100AA3F0100DC4F0100C9
:10575000744F0100DC3F010084410100D842010088
:10576000624301008E4301003250010036500100B7
:1057700024440100664401003A5001003E500100FB
:105780004250010046500100344E0100B044010077
:105790008E4501004A5001004E5001003A4601007A
:1057A0009848010043483538785F424C455F4C4982
:1057B000425F56322E313300F646FFFF0447FFFFAB
:1057C0000C47FFFF1247FFFF1847FFFF3847FFFF57
:1057D0004047FFFF4647FFFF5047FFFF5647FFFF89
:1057E0005C47FFFF6247FFFF6847FFFF7447FFFF0B
:1057F0007A47FFFF8047FFFFC247FFFF8647FFFF53
:105800008C47FFFF9247FFFF9847FFFFA447FFFF2A
:10581000C247FFFFC247FFFFC247FFFFC247FFFF6C
:10582000C247FFFFC247FFFFC247FFFFC247FFFF5C
:10583000AE47FFFF9E47FFFFC247FFFFB447FFFF92
:10584000BC47FFFFBE4CFFFFEA4CFFFF0C4DFFFFC4
:10585000224DFFFF364DFFFF524DFFFF704DFFFF02
:10586000804DFFFF9A4DFFFFB04DFFFFD24DFFFF70
:10587000E84DFFFFFC4DFFFF104EFFFF2E4EFFFFD8
:105880003E4EFFFF584EFFFFEA4FFFFFFE4FFFFF68
:105890001450FFFF3250FFFFA451FFFF7A50FFFF6B
:1058A000784EFFFF9050FFFFA050FFFFCA4EFFFF52
:1058B000CA4EFFFF8A4FFFFF944FFFFFA850FFFF24
:1058C0005450FFFFB850FFFF2A51FFFF6C51FFFFFC
:1058D0000654FFFF8051FFFF8051FFFF5453FFFF2D
:1058E0001452FFFF6251FFFFFC53FFFF8051FFFF87
:1058F000F652FFFF8C53FFFF8051FFFF8051FFFFE7
:105900008051FFFF8051FFFF8051FFFF8051FFFF5B
:105910008051FFFF8051FFFF8051FFFF8051FFFF4B
:10592000D651FFFFA055FFFF8256FFFF5456FFFFE1
:10593000BA56FFFFBA56FFFF3257FFFF7657FFFFF9
:105940008256FFFF8256FFFF8256FFFF8256FFFFFF
:105950008256FFFF8256FFFF8256FFFF8256FFFFEF
:105960008256FFFF8256FFFF8256FFFF8256FFFFDF
:105970009657FFFF9657FFFF8256FFFF8256FFFFA5
:105980008256FFFF8256FFFF8256FFFF8256FFFFBF
:10599000F057FFFFF057FFFF5C5CFFFF665CFFFF07
:1059A0007C5CFFFF885CFFFF9C5CFFFFA45CFFFF4B
:1059B000AA5CFFFFB25CFFFFBA5CFFFFC05CFFFFA9
:1059C000C65CFFFFCE5CFFFFD45CFFFFDA5CFFFF2D
:1059D000E25CFFFF1C5DFFFF1C5DFFFFE85CFFFF5B
:1059E000F25CFFFFF85CFFFFFE5CFFFF045DFFFF62
:1059F0000C5DFFFF165DFFFFFC5CFFFF185DFFFF06
:105A00002C5DFFFF445FFFFF445DFFFF9E5DFFFFD6
:105A1000B25DFFFFC65DFFFFDE5DFFFFF65DFFFFCE
:105A2000065EFFFF1E5EFFFF445FFFFF365EFFFF67
:105A3000445FFFFF445FFFFF485EFFFF6C5EFFFFB8
:105A4000905EFFFFA45EFFFFB25EFFFFC45EFFFF3C
:105A5000065FFFFF070B0D1113171D1F25292B2FA5
:105A6000353B3D4347494F535961FF003C89FFFF98
:105A70007889FFFFA48AFFFF488BFFFF588BFFFF49
:105A8000448CFFFFDC8BFFFFB28CFFFF608DFFFFBC
:105A9000C888FFFF4E8AFFFFF089FFFF2C8CFFFFB5
:105AA00058230200581B02000E1B02002E20020089
:105AB000FE1F0200D01F0200901F0200621F0200A2
:105AC0004421020048210200DC1D02004C2102009A
:105AD0009C1D020050210200781D0200542102008A
:105AE0004A1D02003A1D0200021D02005821020058
:105AF000E01C02005C21020060210200642102001F
:105B000068210200121B0200261B02006C21020009
:105B10007021020074210200782102003C21020061
:105B2000761C0200EC1B020040210200DA20020079
:105B3000742002002A1B0200000102020303030377
:105B4000040404040404040405050505050505050D
:105B500005050505050505050606060606060606ED
:105B600006060606060606060606060606060606D5
:105B700006060606060606060707070707070707BD
:105B800007070707070707070707070707070707A5
:105B90000707070707070707070707070707070795
:105BA0000707070707070707070707070707070785
:105BB000070707070707070708080808080808086D
:105BC0000808080808080808080808080808080855
:105BD0000808080808080808080808080808080845
:105BE0000808080808080808080808080808080835
:105BF0000808080808080808080808080808080825
:105C00000808080808080808080808080808080814
:105C10000808080808080808080808080808080804
:105C200008080808080808080808080808080808F4
:105C30000808080808080808000000000000000024
:105C40000000000000000000000000000000000054
:105C50000000000000000000000000000000000044
:105C60000000000000000000000000000000000034
:105C70000000000000000000000000000000000024
:105C80000000000000000000000000000000000014
:105C90000000000000000000232D302B2000000039
:105CA000686C4C006566674546470000303132330A
:105CB0003435363738394142434445460000000008
:105CC0003031323334353637383961626364656672
:105CD000000000002A2A0000262A0000272A0000CF
:105CE000292A0000242A0000502A0000252A00004A
:105CF0000A18000002000000F05C0200282A0000E0
:105D0000232A000005EA000002000000105D0200E6
:105D100002EA000003EA000002000000345D020015
:105D2000012A0000A62A0000032800000229000022
:105D3000002A0000001800000118000002280000DE
:105D4000042A00000028000001280000052A0000A5
:045D50008423002088
:105D5400411122C426C217F4FD1F1304E4C897F4AA
:105D6400FD1F938424C4944858409387818B06C6AE
:105D74009C43639FE60682975440B74736FE938759
:105D840007C8B6973387A7003A856364F70063644E
:105D9400D7003305D74097F4FD1F9384A4DC9C4CB3
:105DA40091CB9387819A94433707CDFF7D179C4607
:105DB400F98F9CC611E1484097F7FD1F9387C7BA36
:105DC400DC53829719E59C4C99CFEF002F88EFF0B4
:105DD400CEF19C4C89CB9387819A9843B7063300C4
:105DE4001C47D58F1CC7B240224492444101828093
:105DF4008297984897F7FD1F83C757B854401D8F63
:105E0400B307A7003E8563E4E700E3E6D7F83385EC
:045E1400D74051B76B
:105E180002000000445D020001000000F45C020082
:105E280002000000285D020001000000FE2300209F
:105E380002000000005D0200010000004C24002068
:105E480002000000285D020001000000F02300208D
:105E580002000000E45C0200010000003053020070
:105E680002000000285D020001000000FC23002061
:105E780002000000EC5C0200010000004053020038
:105E880002000000285D020001000000ED23002050
:105E980002000000D85C020001000000F452020079
:105EA80002000000285D020001000000EE2300202F
:105EB80002000000DC5C0200010000000853020040
:105EC80002000000285D020001000000FD23002000
:105ED80002000000FC5C02000100000050530200B8
:105EE80002000000285D020001000000EF230020EE
:105EF80002000000E05C0200010000001C530200E8
:105F080002000000285D020001000000EC230020D0
:105F180002000000D45C020001000000E45202000C
:105F280002000000285D020001000000FB230020A1
:105F380002000000E85C020001000000F4230020D9
:105F480066300000000000000000000002000000B1
:105F5800445D020001000000085D0200020000002C
:105F6800285D020001000000FF230020020000005D
:105F7800145D0200030000006124002002000000FC
:105F88002C5D0200030000003C26002002000000F7
:105F9800285D02000100000000240020020000002B
:105FA800045D02000200000060240020503600005A
:105FB800AA35000000000000D63B0000503B00005E
:105FC800623B0000564547412053493131000000EB
:105FD8000000000000000000000000000A0956450B
:105FE80047412053493131051208001400020A00C4
:105FF80002000000445D020001000000185D02007C
:1060080002000000285D0200010000001B2400209F
:1060180002000000305D02000100000000000000E6
:1060280002000000285D0200010000001824002082
:1060380002000000205D0200010000001025002081
:1060480002000000285D0200010000001C2400205E
:1060580002000000405D0200010000002024002032
:1060680002000000285D0200010000001A24002040
:1060780002000000245D0200010000001924002035
:10608800049400005A95000000000000020000007F
:10609800445D0200010000002C24002002000000E2
:1060A800285D0200010000003724002002000000E3
:1060B8004C5D02000000000000000000020000002B
:1060C8002C5D02000300000000000000000000003A
:1060D800DCAE00000000000000000000585C020078
:1060E800785C0200385C020000000000000000003C
:1060F8000000000000000000000000000000000098
:106108000000000000000000000000000000000087
:106118000000000000000000000000000000000077
:106128000000000000000000000000000000000067
:10613800000000000000000000000000544D002096
:10614800020202020200000001D70700001001024B
:106158000202021E0CFF00000201060302E0FF001B
:106168000100000001000000C3812F0102010202AA
:10617800020000005000A0000000E803FFFF00003C
:1061880002000000385D02000100FF200105020145
:0C61980001100101842300200000000021
:00000001FF
